Time[ps]      Etot[eV]     Epot[eV]     Ekin[eV]    T[K]
0.0000          144.685      117.792       26.893   693.5
0.0100         -105.104    -1799.159     1694.055  43686.0
0.0200         -545.637    -1742.050     1196.413  30852.9
0.0300         -958.533    -1930.278      971.746  25059.2
0.0400        -1266.848    -1999.150      732.302  18884.5
0.0500        -1518.948    -2164.142      645.194  16638.2
0.0600        -1716.303    -2211.305      495.002  12765.0
0.0700        -1861.971    -2263.905      401.933  10365.0
0.0800        -1976.570    -2312.042      335.472  8651.1
0.0900        -2065.594    -2347.324      281.730  7265.2
0.1000        -2136.287    -2367.720      231.433  5968.2
0.1100        -2192.715    -2389.196      196.481  5066.8
0.1200        -2237.780    -2411.238      173.458  4473.1
0.1300        -2276.620    -2435.756      159.136  4103.8
0.1400        -2311.753    -2453.783      142.031  3662.7
0.1500        -2340.991    -2470.218      129.227  3332.5
0.1600        -2366.485    -2476.367      109.882  2833.6
0.1700        -2388.102    -2493.337      105.236  2713.8
0.1800        -2407.434    -2501.141       93.707  2416.5
0.1900        -2424.522    -2511.544       87.022  2244.1
0.2000        -2439.755    -2521.756       82.000  2114.6
0.2100        -2453.358    -2526.392       73.034  1883.4
0.2200        -2464.684    -2528.459       63.775  1644.6
0.2300        -2475.047    -2539.968       64.921  1674.2
0.2400        -2484.655    -2544.197       59.542  1535.5
0.2500        -2493.717    -2553.329       59.613  1537.3
0.2600        -2502.022    -2556.225       54.203  1397.8
0.2700        -2509.694    -2562.532       52.839  1362.6
0.2800        -2516.870    -2566.985       50.115  1292.4
0.2900        -2523.470    -2571.474       48.003  1237.9
0.3000        -2529.667    -2575.655       45.988  1185.9
0.3100        -2535.010    -2574.439       39.430  1016.8
0.3200        -2539.726    -2577.503       37.777   974.2
0.3300        -2544.151    -2583.280       39.129  1009.1
0.3400        -2548.470    -2585.373       36.903   951.7
0.3500        -2552.245    -2585.684       33.439   862.3
0.3600        -2555.706    -2589.032       33.326   859.4
0.3700        -2559.028    -2592.521       33.493   863.7
0.3800        -2562.234    -2594.217       31.983   824.8
0.3900        -2564.992    -2593.075       28.083   724.2
0.4000        -2567.470    -2595.557       28.087   724.3
0.4100        -2569.803    -2598.078       28.275   729.2
0.4200        -2572.087    -2600.417       28.330   730.6
0.4300        -2574.262    -2602.449       28.187   726.9
0.4400        -2576.272    -2602.787       26.515   683.8
0.4500        -2578.166    -2604.229       26.064   672.1
0.4600        -2579.812    -2603.406       23.593   608.4
0.4700        -2581.254    -2604.002       22.748   586.6
0.4800        -2582.548    -2605.305       22.757   586.9
0.4900        -2583.791    -2607.381       23.590   608.3
0.5000        -2584.932    -2607.829       22.897   590.5
0.5100        -2585.922    -2607.189       21.268   548.4
0.5200        -2586.789    -2608.397       21.607   557.2
0.5300        -2587.551    -2608.612       21.061   543.1
0.5400        -2588.210    -2609.903       21.693   559.4
0.5500        -2588.791    -2611.192       22.401   577.7
0.5600        -2589.314    -2611.280       21.966   566.4
0.5700        -2589.711    -2609.331       19.620   505.9
0.5800        -2589.982    -2610.186       20.203   521.0
0.5900        -2590.152    -2610.057       19.905   513.3
0.6000        -2590.217    -2610.848       20.631   532.0
0.6100        -2590.176    -2610.742       20.566   530.4
0.6200        -2590.041    -2610.996       20.956   540.4
0.6300        -2589.805    -2611.689       21.885   564.4
0.6400        -2589.471    -2610.837       21.366   551.0
0.6500        -2589.050    -2612.755       23.705   611.3
0.6600        -2588.533    -2611.496       22.963   592.2
0.6700        -2587.966    -2611.787       23.821   614.3
0.6800        -2587.304    -2612.198       24.894   642.0
0.6900        -2586.574    -2612.847       26.273   677.5
0.7000        -2585.835    -2610.596       24.761   638.5
0.7100        -2585.076    -2609.843       24.767   638.7
0.7200        -2584.245    -2611.432       27.187   701.1
0.7300        -2583.396    -2609.418       26.022   671.1
0.7400        -2582.543    -2609.131       26.588   685.6
0.7500        -2581.645    -2611.363       29.718   766.4
0.7600        -2580.750    -2608.198       27.448   707.8
0.7700        -2579.930    -2607.334       27.404   706.7
0.7800        -2579.127    -2606.560       27.432   707.4
0.7900        -2578.305    -2607.132       28.827   743.4
0.8000        -2577.478    -2610.051       32.572   840.0
0.8100        -2576.697    -2609.082       32.384   835.1
0.8200        -2576.055    -2608.510       32.455   836.9
0.8300        -2575.551    -2607.860       32.309   833.2
0.8400        -2575.167    -2604.834       29.667   765.0
0.8500        -2574.874    -2605.900       31.026   800.1
0.8600        -2574.651    -2606.661       32.010   825.5
0.8700        -2574.535    -2605.720       31.185   804.2
0.8800        -2574.508    -2603.889       29.381   757.7
0.8900        -2574.550    -2605.234       30.683   791.3
0.9000        -2574.657    -2605.747       31.090   801.7
0.9100        -2574.879    -2606.944       32.065   826.9
0.9200        -2575.171    -2604.323       29.152   751.8
0.9300        -2575.531    -2605.753       30.222   779.4
0.9400        -2575.961    -2607.342       31.381   809.3
0.9500        -2576.498    -2607.651       31.153   803.4
0.9600        -2577.114    -2607.183       30.069   775.4
0.9700        -2577.782    -2608.913       31.131   802.8
0.9800        -2578.559    -2609.096       30.536   787.5
0.9900        -2579.345    -2607.925       28.580   737.0
1.0000        -2580.160    -2609.339       29.178   752.4
1.0100        -2581.031    -2610.296       29.265   754.7
1.0200        -2581.897    -2609.682       27.785   716.5
1.0300        -2582.806    -2612.177       29.371   757.4
1.0400        -2583.720    -2611.661       27.940   720.5
1.0500        -2584.635    -2612.025       27.390   706.3
1.0600        -2585.530    -2612.893       27.364   705.6
1.0700        -2586.394    -2612.412       26.018   670.9
1.0800        -2587.207    -2612.864       25.658   661.7
1.0900        -2587.944    -2612.401       24.456   630.7
1.1000        -2588.605    -2611.898       23.293   600.7
1.1100        -2589.235    -2615.140       25.905   668.0
1.1200        -2589.833    -2614.379       24.545   633.0
1.1300        -2590.351    -2614.353       24.002   619.0
1.1400        -2590.823    -2615.137       24.314   627.0
1.1500        -2591.269    -2617.020       25.751   664.1
1.1600        -2591.671    -2615.877       24.206   624.2
1.1700        -2592.014    -2615.820       23.806   613.9
1.1800        -2592.266    -2614.673       22.407   577.8
1.1900        -2592.480    -2617.505       25.025   645.3
1.2000        -2592.635    -2617.516       24.881   641.6
1.2100        -2592.754    -2617.048       24.294   626.5
1.2200        -2592.819    -2616.614       23.795   613.6
1.2300        -2592.833    -2617.282       24.449   630.5
1.2400        -2592.786    -2616.119       23.333   601.7
1.2500        -2592.681    -2616.947       24.265   625.7
1.2600        -2592.518    -2617.127       24.609   634.6
1.2700        -2592.308    -2616.061       23.753   612.5
1.2800        -2592.048    -2615.293       23.245   599.5
1.2900        -2591.714    -2615.722       24.008   619.1
1.3000        -2591.329    -2615.882       24.553   633.2
1.3100        -2590.874    -2615.672       24.798   639.5
1.3200        -2590.383    -2615.621       25.237   650.8
1.3300        -2589.844    -2616.296       26.452   682.1
1.3400        -2589.267    -2616.444       27.177   700.8
1.3500        -2588.700    -2613.931       25.232   650.7
1.3600        -2588.115    -2615.214       27.099   698.8
1.3700        -2587.491    -2614.344       26.853   692.5
1.3800        -2586.885    -2613.687       26.801   691.1
1.3900        -2586.255    -2613.679       27.424   707.2
1.4000        -2585.639    -2611.814       26.175   675.0
1.4100        -2585.014    -2612.718       27.704   714.4
1.4200        -2584.389    -2612.498       28.109   724.9
1.4300        -2583.750    -2610.823       27.072   698.1
1.4400        -2583.161    -2612.184       29.023   748.4
1.4500        -2582.544    -2610.722       28.178   726.7
1.4600        -2581.979    -2611.652       29.673   765.2
1.4700        -2581.446    -2613.297       31.850   821.4
1.4800        -2580.983    -2611.032       30.048   774.9
1.4900        -2580.634    -2611.177       30.543   787.6
1.5000        -2580.326    -2610.074       29.748   767.1
1.5100        -2580.094    -2611.398       31.304   807.3
1.5200        -2579.944    -2610.721       30.778   793.7
1.5300        -2579.874    -2609.548       29.674   765.2
1.5400        -2579.877    -2610.561       30.684   791.3
1.5500        -2579.942    -2610.657       30.715   792.1
1.5600        -2580.112    -2611.718       31.607   815.1
1.5700        -2580.351    -2609.890       29.539   761.7
1.5800        -2580.667    -2611.144       30.477   785.9
1.5900        -2581.043    -2611.381       30.338   782.4
1.6000        -2581.497    -2611.384       29.887   770.7
1.6100        -2582.047    -2613.885       31.837   821.0
1.6200        -2582.664    -2613.032       30.368   783.1
1.6300        -2583.361    -2613.234       29.872   770.3
1.6400        -2584.052    -2611.661       27.609   712.0
1.6500        -2584.767    -2613.530       28.763   741.7
1.6600        -2585.476    -2612.944       27.467   708.3
1.6700        -2586.255    -2616.039       29.784   768.1
1.6800        -2587.025    -2614.361       27.335   704.9
1.6900        -2587.803    -2615.315       27.512   709.5
1.7000        -2588.544    -2615.213       26.669   687.7
1.7100        -2589.261    -2615.053       25.791   665.1
1.7200        -2589.917    -2614.390       24.473   631.1
1.7300        -2590.522    -2615.673       25.151   648.6
1.7400        -2591.069    -2614.863       23.794   613.6
1.7500        -2591.557    -2616.169       24.612   634.7
1.7600        -2592.031    -2618.312       26.280   677.7
1.7700        -2592.448    -2615.810       23.362   602.5
1.7800        -2592.814    -2616.952       24.138   622.5
1.7900        -2593.108    -2617.859       24.751   638.3
1.8000        -2593.392    -2619.619       26.227   676.3
1.8100        -2593.634    -2617.661       24.027   619.6
1.8200        -2593.819    -2617.333       23.513   606.4
1.8300        -2593.938    -2617.650       23.711   611.5
1.8400        -2593.998    -2618.604       24.606   634.5
1.8500        -2594.018    -2619.721       25.703   662.8
1.8600        -2593.995    -2618.785       24.790   639.3
1.8700        -2593.938    -2618.848       24.910   642.4
1.8800        -2593.850    -2619.369       25.520   658.1
1.8900        -2593.723    -2618.114       24.391   629.0
1.9000        -2593.548    -2617.400       23.852   615.1
1.9100        -2593.326    -2618.345       25.019   645.2
1.9200        -2593.046    -2618.658       25.612   660.5
1.9300        -2592.728    -2617.855       25.127   648.0
1.9400        -2592.390    -2617.009       24.619   634.9
1.9500        -2592.005    -2617.839       25.835   666.2
1.9600        -2591.575    -2616.664       25.089   647.0
1.9700        -2591.122    -2617.512       26.390   680.5
1.9800        -2590.632    -2615.805       25.173   649.2
1.9900        -2590.134    -2614.922       24.788   639.2
2.0000        -2589.596    -2615.717       26.121   673.6
2.0100        -2589.017    -2614.945       25.928   668.6
2.0200        -2588.420    -2615.453       27.033   697.1
2.0300        -2587.800    -2613.806       26.006   670.6
2.0400        -2587.180    -2613.926       26.746   689.7
2.0500        -2586.553    -2613.067       26.514   683.7
2.0600        -2585.888    -2614.670       28.782   742.2
2.0700        -2585.228    -2614.126       28.898   745.2
2.0800        -2584.615    -2613.673       29.058   749.4
2.0900        -2584.032    -2612.478       28.447   733.6
2.1000        -2583.488    -2613.361       29.873   770.4
2.1100        -2582.980    -2612.622       29.641   764.4
2.1200        -2582.533    -2612.237       29.704   766.0
2.1300        -2582.138    -2611.907       29.769   767.7
2.1400        -2581.806    -2612.569       30.762   793.3
2.1500        -2581.540    -2611.510       29.970   772.9
2.1600        -2581.359    -2612.839       31.479   811.8
2.1700        -2581.240    -2609.953       28.712   740.4
2.1800        -2581.187    -2610.493       29.306   755.7
2.1900        -2581.171    -2611.316       30.145   777.4
2.2000        -2581.225    -2612.261       31.036   800.3
2.2100        -2581.370    -2612.646       31.275   806.5
2.2200        -2581.607    -2612.318       30.710   792.0
2.2300        -2581.909    -2611.644       29.735   766.8
2.2400        -2582.263    -2611.562       29.299   755.6
2.2500        -2582.682    -2613.075       30.392   783.8
2.2600        -2583.191    -2613.479       30.289   781.1
2.2700        -2583.695    -2611.785       28.090   724.4
2.2800        -2584.271    -2614.308       30.037   774.6
2.2900        -2584.879    -2613.958       29.079   749.9
2.3000        -2585.555    -2615.064       29.509   761.0
2.3100        -2586.234    -2615.142       28.909   745.5
2.3200        -2586.981    -2616.269       29.289   755.3
2.3300        -2587.754    -2616.226       28.472   734.2
2.3400        -2588.472    -2613.496       25.024   645.3
2.3500        -2589.146    -2615.619       26.473   682.7
2.3600        -2589.796    -2615.380       25.584   659.7
2.3700        -2590.432    -2617.306       26.874   693.0
2.3800        -2591.046    -2616.846       25.800   665.3
2.3900        -2591.636    -2617.866       26.231   676.4
2.4000        -2592.177    -2617.044       24.867   641.3
2.4100        -2592.690    -2618.060       25.370   654.2
2.4200        -2593.156    -2619.086       25.930   668.7
2.4300        -2593.606    -2618.709       25.103   647.4
2.4400        -2594.012    -2619.367       25.355   653.9
2.4500        -2594.381    -2619.165       24.784   639.1
2.4600        -2594.684    -2617.784       23.101   595.7
2.4700        -2594.928    -2618.802       23.874   615.7
2.4800        -2595.107    -2618.767       23.660   610.1
2.4900        -2595.236    -2619.957       24.721   637.5
2.5000        -2595.312    -2620.590       25.278   651.9
2.5100        -2595.355    -2620.464       25.109   647.5
2.5200        -2595.366    -2620.553       25.187   649.5
2.5300        -2595.329    -2618.540       23.211   598.6
2.5400        -2595.239    -2618.041       22.802   588.0
2.5500        -2595.067    -2619.218       24.150   622.8
2.5600        -2594.839    -2620.102       25.263   651.5
2.5700        -2594.568    -2618.104       23.536   607.0
2.5800        -2594.240    -2619.090       24.849   640.8
2.5900        -2593.862    -2620.221       26.359   679.7
2.6000        -2593.439    -2619.613       26.175   675.0
2.6100        -2593.013    -2617.866       24.853   640.9
2.6200        -2592.571    -2617.507       24.936   643.0
2.6300        -2592.072    -2617.909       25.837   666.3
2.6400        -2591.529    -2618.041       26.512   683.7
2.6500        -2590.976    -2616.921       25.946   669.1
2.6600        -2590.413    -2617.538       27.126   699.5
2.6700        -2589.821    -2615.861       26.040   671.5
2.6800        -2589.232    -2617.392       28.160   726.2
2.6900        -2588.617    -2615.651       27.034   697.1
2.7000        -2588.031    -2616.136       28.106   724.8
2.7100        -2587.442    -2615.286       27.844   718.0
2.7200        -2586.870    -2614.868       27.998   722.0
2.7300        -2586.311    -2615.019       28.708   740.3
2.7400        -2585.787    -2615.669       29.882   770.6
2.7500        -2585.290    -2615.997       30.707   791.9
2.7600        -2584.876    -2615.463       30.587   788.8
2.7700        -2584.540    -2613.815       29.274   754.9
2.7800        -2584.258    -2613.291       29.033   748.7
2.7900        -2584.030    -2614.597       30.568   788.3
2.8000        -2583.861    -2614.537       30.676   791.1
2.8100        -2583.772    -2613.797       30.025   774.3
2.8200        -2583.742    -2613.170       29.428   758.9
2.8300        -2583.769    -2613.444       29.675   765.3
2.8400        -2583.855    -2614.827       30.972   798.7
2.8500        -2584.010    -2613.710       29.700   765.9
2.8600        -2584.234    -2613.882       29.648   764.5
2.8700        -2584.489    -2612.402       27.913   719.8
2.8800        -2584.771    -2613.856       29.085   750.0
2.8900        -2585.108    -2615.575       30.467   785.7
2.9000        -2585.505    -2613.780       28.275   729.1
2.9100        -2585.913    -2614.856       28.943   746.4
2.9200        -2586.360    -2614.840       28.480   734.4
2.9300        -2586.860    -2616.771       29.910   771.3
2.9400        -2587.392    -2616.135       28.743   741.2
2.9500        -2587.967    -2616.726       28.759   741.6
2.9600        -2588.557    -2616.808       28.251   728.5
2.9700        -2589.143    -2615.822       26.679   688.0
2.9800        -2589.724    -2616.324       26.600   686.0
2.9900        -2590.269    -2616.694       26.425   681.4
3.0000        -2590.794    -2616.526       25.733   663.6
3.0100        -2591.299    -2617.675       26.376   680.2
3.0200        -2591.749    -2616.229       24.480   631.3
3.0300        -2592.181    -2618.393       26.212   676.0
3.0400        -2592.573    -2617.830       25.257   651.3
3.0500        -2592.941    -2617.863       24.922   642.7
3.0600        -2593.239    -2617.580       24.342   627.7
3.0700        -2593.522    -2619.711       26.189   675.4
3.0800        -2593.756    -2618.461       24.705   637.1
3.0900        -2593.970    -2619.874       25.903   668.0
3.1000        -2594.138    -2618.282       24.143   622.6
3.1100        -2594.271    -2619.760       25.489   657.3
3.1200        -2594.356    -2618.501       24.144   622.6
3.1300        -2594.398    -2618.317       23.918   616.8
3.1400        -2594.374    -2618.479       24.105   621.6
3.1500        -2594.304    -2620.102       25.798   665.3
3.1600        -2594.190    -2618.071       23.881   615.8
3.1700        -2594.040    -2618.757       24.717   637.4
3.1800        -2593.828    -2619.448       25.620   660.7
3.1900        -2593.591    -2620.236       26.646   687.1
3.2000        -2593.330    -2619.959       26.629   686.7
3.2100        -2593.057    -2618.443       25.386   654.7
3.2200        -2592.777    -2616.642       23.865   615.4
3.2300        -2592.438    -2617.635       25.197   649.8
3.2400        -2592.051    -2618.790       26.739   689.5
3.2500        -2591.630    -2617.465       25.835   666.2
3.2600        -2591.191    -2618.393       27.202   701.5
3.2700        -2590.752    -2616.952       26.200   675.6
3.2800        -2590.299    -2616.422       26.123   673.7
3.2900        -2589.829    -2617.343       27.514   709.5
3.3000        -2589.342    -2618.332       28.990   747.6
3.3100        -2588.881    -2615.622       26.741   689.6
3.3200        -2588.447    -2614.773       26.326   678.9
3.3300        -2587.996    -2615.714       27.719   714.8
3.3400        -2587.528    -2616.696       29.168   752.2
3.3500        -2587.101    -2614.803       27.702   714.4
3.3600        -2586.701    -2615.173       28.471   734.2
3.3700        -2586.313    -2615.081       28.769   741.9
3.3800        -2585.967    -2614.462       28.495   734.8
3.3900        -2585.653    -2615.497       29.844   769.6
3.4000        -2585.369    -2614.394       29.024   748.5
3.4100        -2585.156    -2614.710       29.554   762.1
3.4200        -2584.969    -2612.927       27.958   721.0
3.4300        -2584.821    -2613.865       29.044   749.0
3.4400        -2584.715    -2615.957       31.242   805.7
3.4500        -2584.671    -2613.760       29.089   750.1
3.4600        -2584.690    -2613.894       29.203   753.1
3.4700        -2584.738    -2613.860       29.122   751.0
3.4800        -2584.852    -2614.430       29.577   762.7
3.4900        -2585.009    -2614.368       29.358   757.1
3.5000        -2585.209    -2615.044       29.835   769.4
3.5100        -2585.482    -2614.970       29.488   760.4
3.5200        -2585.756    -2612.165       26.409   681.0
3.5300        -2586.039    -2613.636       27.597   711.7
3.5400        -2586.333    -2613.905       27.572   711.0
3.5500        -2586.634    -2615.453       28.819   743.2
3.5600        -2586.964    -2615.060       28.097   724.5
3.5700        -2587.356    -2617.855       30.499   786.5
3.5800        -2587.799    -2616.192       28.393   732.2
3.5900        -2588.217    -2613.706       25.490   657.3
3.6000        -2588.625    -2615.871       27.247   702.6
3.6100        -2589.043    -2617.975       28.932   746.1
3.6200        -2589.505    -2616.900       27.395   706.5
3.6300        -2589.928    -2615.206       25.278   651.9
3.6400        -2590.323    -2616.523       26.200   675.6
3.6500        -2590.686    -2616.145       25.459   656.5
3.6600        -2591.019    -2616.391       25.371   654.3
3.6700        -2591.331    -2618.652       27.321   704.6
3.6800        -2591.643    -2618.327       26.684   688.1
3.6900        -2591.946    -2617.889       25.942   669.0
3.7000        -2592.200    -2616.518       24.319   627.1
3.7100        -2592.428    -2619.152       26.724   689.1
3.7200        -2592.629    -2618.652       26.023   671.1
3.7300        -2592.825    -2618.878       26.052   671.8
3.7400        -2592.988    -2618.457       25.470   656.8
3.7500        -2593.134    -2619.682       26.547   684.6
3.7600        -2593.260    -2619.181       25.921   668.4
3.7700        -2593.348    -2617.385       24.037   619.9
3.7800        -2593.392    -2618.385       24.993   644.5
3.7900        -2593.413    -2620.670       27.258   702.9
3.8000        -2593.401    -2618.829       25.428   655.7
3.8100        -2593.368    -2617.669       24.301   626.7
3.8200        -2593.306    -2619.518       26.212   676.0
3.8300        -2593.193    -2618.144       24.951   643.4
3.8400        -2593.054    -2619.026       25.971   669.7
3.8500        -2592.884    -2619.070       26.186   675.3
3.8600        -2592.691    -2618.366       25.675   662.1
3.8700        -2592.484    -2619.570       27.086   698.5
3.8800        -2592.253    -2618.075       25.821   665.9
3.8900        -2592.017    -2619.193       27.176   700.8
3.9000        -2591.768    -2618.338       26.570   685.2
3.9100        -2591.513    -2616.284       24.771   638.8
3.9200        -2591.228    -2617.486       26.258   677.1
3.9300        -2590.917    -2616.971       26.054   671.9
3.9400        -2590.577    -2616.296       25.719   663.2
3.9500        -2590.220    -2617.330       27.110   699.1
3.9600        -2589.846    -2616.856       27.011   696.5
3.9700        -2589.462    -2617.289       27.827   717.6
3.9800        -2589.091    -2616.967       27.876   718.9
3.9900        -2588.738    -2617.737       28.999   747.8
4.0000        -2588.396    -2617.407       29.011   748.1
4.0100        -2588.111    -2616.878       28.767   741.8
4.0200        -2587.861    -2615.584       27.724   714.9
4.0300        -2587.628    -2615.697       28.070   723.9
4.0400        -2587.406    -2616.315       28.910   745.5
4.0500        -2587.226    -2616.450       29.224   753.6
4.0600        -2587.082    -2615.416       28.333   730.7
4.0700        -2586.973    -2615.411       28.438   733.4
4.0800        -2586.884    -2615.849       28.965   746.9
4.0900        -2586.840    -2615.368       28.527   735.7
4.1000        -2586.820    -2614.708       27.888   719.2
4.1100        -2586.820    -2614.221       27.401   706.6
4.1200        -2586.821    -2614.551       27.730   715.1
4.1300        -2586.830    -2615.375       28.546   736.1
4.1400        -2586.880    -2615.810       28.930   746.0
4.1500        -2586.968    -2616.049       29.081   749.9
4.1600        -2587.092    -2615.356       28.264   728.9
4.1700        -2587.247    -2615.691       28.444   733.5
4.1800        -2587.398    -2614.084       26.687   688.2
4.1900        -2587.578    -2616.793       29.215   753.4
4.2000        -2587.782    -2615.291       27.509   709.4
4.2100        -2587.984    -2614.139       26.155   674.5
4.2200        -2588.176    -2615.943       27.767   716.1
4.2300        -2588.377    -2615.776       27.398   706.5
4.2400        -2588.591    -2616.320       27.729   715.1
4.2500        -2588.809    -2616.510       27.701   714.4
4.2600        -2589.047    -2617.070       28.024   722.7
4.2700        -2589.296    -2616.793       27.498   709.1
4.2800        -2589.547    -2616.401       26.854   692.5
4.2900        -2589.787    -2616.764       26.977   695.7
4.3000        -2590.021    -2616.707       26.686   688.2
4.3100        -2590.262    -2617.609       27.347   705.2
4.3200        -2590.482    -2616.465       25.984   670.1
4.3300        -2590.700    -2617.974       27.274   703.3
4.3400        -2590.914    -2617.377       26.464   682.4
4.3500        -2591.101    -2617.340       26.239   676.6
4.3600        -2591.289    -2618.152       26.863   692.7
4.3700        -2591.470    -2617.440       25.971   669.7
4.3800        -2591.599    -2616.015       24.417   629.6
4.3900        -2591.703    -2617.627       25.924   668.5
4.4000        -2591.763    -2616.452       24.689   636.7
4.4100        -2591.793    -2616.978       25.186   649.5
4.4200        -2591.789    -2618.255       26.466   682.5
4.4300        -2591.761    -2618.097       26.336   679.1
4.4400        -2591.724    -2618.201       26.477   682.8
4.4500        -2591.668    -2618.145       26.477   682.8
4.4600        -2591.607    -2619.649       28.041   723.1
4.4700        -2591.548    -2618.435       26.887   693.4
4.4800        -2591.495    -2617.786       26.291   678.0
4.4900        -2591.429    -2618.330       26.902   693.7
4.5000        -2591.345    -2617.286       25.942   669.0
4.5100        -2591.261    -2618.350       27.090   698.6
4.5200        -2591.145    -2617.140       25.995   670.4
4.5300        -2591.029    -2617.796       26.767   690.3
4.5400        -2590.898    -2617.271       26.373   680.1
4.5500        -2590.755    -2617.421       26.666   687.7
4.5600        -2590.597    -2616.814       26.218   676.1
4.5700        -2590.426    -2617.619       27.193   701.2
4.5800        -2590.244    -2616.827       26.583   685.5
4.5900        -2590.062    -2616.419       26.357   679.7
4.6000        -2589.868    -2616.573       26.705   688.7
4.6100        -2589.649    -2614.468       24.820   640.0
4.6200        -2589.425    -2615.913       26.488   683.1
4.6300        -2589.150    -2616.042       26.892   693.5
4.6400        -2588.872    -2617.434       28.562   736.6
4.6500        -2588.613    -2617.894       29.281   755.1
4.6600        -2588.392    -2615.981       27.589   711.5
4.6700        -2588.207    -2616.233       28.026   722.7
4.6800        -2588.014    -2615.743       27.729   715.1
4.6900        -2587.843    -2614.637       26.794   691.0
4.7000        -2587.680    -2614.888       27.208   701.6
4.7100        -2587.495    -2613.626       26.131   673.9
4.7200        -2587.325    -2616.065       28.740   741.1
4.7300        -2587.135    -2613.822       26.687   688.2
4.7400        -2586.980    -2616.933       29.954   772.4
4.7500        -2586.855    -2617.075       30.221   779.3
4.7600        -2586.787    -2615.298       28.511   735.2
4.7700        -2586.775    -2617.021       30.246   780.0
4.7800        -2586.815    -2617.446       30.630   789.9
4.7900        -2586.926    -2615.140       28.214   727.6
4.8000        -2587.057    -2614.416       27.358   705.5
4.8100        -2587.202    -2615.999       28.797   742.6
4.8200        -2587.383    -2616.880       29.497   760.7
4.8300        -2587.609    -2616.723       29.114   750.8
4.8400        -2587.865    -2615.797       27.932   720.3
4.8500        -2588.141    -2616.583       28.442   733.5
4.8600        -2588.445    -2616.292       27.847   718.1
4.8700        -2588.771    -2617.691       28.919   745.8
4.8800        -2589.117    -2617.002       27.885   719.1
4.8900        -2589.508    -2618.620       29.113   750.8
4.9000        -2589.903    -2618.048       28.145   725.8
4.9100        -2590.322    -2617.526       27.204   701.5
4.9200        -2590.743    -2618.589       27.846   718.1
4.9300        -2591.151    -2616.574       25.423   655.6
4.9400        -2591.531    -2617.516       25.985   670.1
4.9500        -2591.879    -2617.736       25.857   666.8
4.9600        -2592.204    -2617.644       25.441   656.1
4.9700        -2592.508    -2618.753       26.246   676.8
4.9800        -2592.768    -2617.526       24.757   638.4
4.9900        -2592.999    -2618.548       25.549   658.8
5.0000        -2593.191    -2618.512       25.321   653.0
5.0100        -2593.353    -2617.566       24.213   624.4
5.0200        -2593.458    -2617.913       24.455   630.6
5.0300        -2593.512    -2619.082       25.570   659.4
5.0400        -2593.547    -2619.999       26.452   682.1
5.0500        -2593.543    -2617.937       24.393   629.0
5.0600        -2593.523    -2619.447       25.924   668.5
5.0700        -2593.456    -2619.343       25.887   667.6
5.0800        -2593.364    -2618.817       25.453   656.4
5.0900        -2593.252    -2619.445       26.192   675.4
5.1000        -2593.113    -2620.491       27.378   706.0
5.1100        -2592.969    -2620.416       27.446   707.8
5.1200        -2592.828    -2617.900       25.072   646.5
5.1300        -2592.682    -2618.740       26.058   672.0
5.1400        -2592.486    -2617.363       24.878   641.5
5.1500        -2592.270    -2617.759       25.489   657.3
5.1600        -2592.010    -2618.604       26.594   685.8
5.1700        -2591.730    -2617.593       25.864   667.0
5.1800        -2591.436    -2616.679       25.243   651.0
5.1900        -2591.105    -2618.425       27.320   704.5
5.2000        -2590.756    -2619.546       28.790   742.4
5.2100        -2590.430    -2617.688       27.258   702.9
5.2200        -2590.117    -2616.721       26.603   686.0
5.2300        -2589.814    -2616.174       26.360   679.8
5.2400        -2589.477    -2616.326       26.848   692.4
5.2500        -2589.137    -2618.443       29.306   755.7
5.2600        -2588.818    -2618.586       29.768   767.7
5.2700        -2588.551    -2615.722       27.171   700.7
5.2800        -2588.303    -2614.514       26.211   675.9
5.2900        -2588.058    -2616.441       28.384   732.0
5.3000        -2587.793    -2615.060       27.267   703.2
5.3100        -2587.562    -2617.008       29.446   759.3
5.3200        -2587.354    -2616.100       28.747   741.3
5.3300        -2587.192    -2615.730       28.538   735.9
5.3400        -2587.060    -2614.925       27.865   718.6
5.3500        -2586.938    -2615.995       29.057   749.3
5.3600        -2586.857    -2616.101       29.245   754.2
5.3700        -2586.829    -2615.307       28.478   734.4
5.3800        -2586.809    -2613.640       26.831   691.9
5.3900        -2586.810    -2614.963       28.153   726.0
5.4000        -2586.811    -2613.804       26.994   696.1
5.4100        -2586.810    -2614.514       27.704   714.4
5.4200        -2586.823    -2614.526       27.703   714.4
5.4300        -2586.838    -2612.908       26.070   672.3
5.4400        -2586.854    -2614.441       27.587   711.4
5.4500        -2586.862    -2614.335       27.473   708.5
5.4600        -2586.898    -2617.126       30.228   779.5
5.4700        -2586.975    -2615.768       28.794   742.5
5.4800        -2587.092    -2613.924       26.832   691.9
5.4900        -2587.170    -2611.495       24.326   627.3
5.5000        -2587.242    -2615.565       28.322   730.4
5.5100        -2587.321    -2616.467       29.146   751.6
5.5200        -2587.439    -2616.609       29.170   752.2
5.5300        -2587.616    -2617.932       30.317   781.8
5.5400        -2587.856    -2618.083       30.227   779.5
5.5500        -2588.173    -2617.815       29.642   764.4
5.5600        -2588.522    -2617.443       28.922   745.8
5.5700        -2588.906    -2617.472       28.566   736.7
5.5800        -2589.317    -2617.442       28.125   725.3
5.5900        -2589.717    -2615.946       26.230   676.4
5.6000        -2590.115    -2617.051       26.936   694.6
5.6100        -2590.493    -2617.379       26.886   693.3
5.6200        -2590.875    -2618.033       27.158   700.4
5.6300        -2591.263    -2618.494       27.230   702.2
5.6400        -2591.615    -2616.817       25.201   649.9
5.6500        -2591.954    -2618.145       26.190   675.4
5.6600        -2592.269    -2618.696       26.427   681.5
5.6700        -2592.560    -2618.034       25.474   656.9
5.6800        -2592.829    -2618.509       25.680   662.2
5.6900        -2593.058    -2618.472       25.414   655.4
5.7000        -2593.265    -2619.601       26.336   679.1
5.7100        -2593.447    -2618.457       25.010   644.9
5.7200        -2593.579    -2617.261       23.682   610.7
5.7300        -2593.660    -2618.270       24.610   634.6
5.7400        -2593.685    -2618.032       24.347   627.9
5.7500        -2593.671    -2618.746       25.074   646.6
5.7600        -2593.615    -2618.548       24.933   643.0
5.7700        -2593.509    -2618.873       25.364   654.1
5.7800        -2593.377    -2619.692       26.315   678.6
5.7900        -2593.225    -2618.756       25.530   658.4
5.8000        -2593.040    -2618.420       25.380   654.5
5.8100        -2592.832    -2619.440       26.608   686.2
5.8200        -2592.594    -2618.529       25.935   668.8
5.8300        -2592.346    -2618.363       26.016   670.9
5.8400        -2592.068    -2618.751       26.683   688.1
5.8500        -2591.781    -2617.661       25.880   667.4
5.8600        -2591.476    -2619.298       27.822   717.5
5.8700        -2591.166    -2616.916       25.750   664.0
5.8800        -2590.854    -2617.379       26.525   684.0
5.8900        -2590.512    -2619.066       28.554   736.3
5.9000        -2590.166    -2619.291       29.125   751.1
5.9100        -2589.867    -2617.110       27.243   702.5
5.9200        -2589.598    -2616.287       26.689   688.2
5.9300        -2589.321    -2617.399       28.079   724.1
5.9400        -2589.033    -2617.284       28.251   728.5
5.9500        -2588.781    -2617.765       28.984   747.4
5.9600        -2588.557    -2617.732       29.176   752.4
5.9700        -2588.373    -2617.770       29.396   758.1
5.9800        -2588.236    -2615.982       27.746   715.5
5.9900        -2588.130    -2616.001       27.871   718.7
6.0000        -2588.028    -2615.216       27.188   701.1
6.0100        -2587.937    -2615.524       27.587   711.4
6.0200        -2587.846    -2616.992       29.146   751.6
6.0300        -2587.792    -2617.121       29.329   756.3
6.0400        -2587.781    -2616.469       28.688   739.8
6.0500        -2587.812    -2616.599       28.787   742.4
6.0600        -2587.870    -2615.328       27.458   708.1
6.0700        -2587.946    -2615.943       27.997   722.0
6.0800        -2588.019    -2615.186       27.167   700.6
6.0900        -2588.132    -2618.304       30.172   778.1
6.1000        -2588.277    -2617.110       28.834   743.6
6.1100        -2588.465    -2617.075       28.611   737.8
6.1200        -2588.700    -2618.674       29.973   772.9
6.1300        -2588.977    -2617.686       28.710   740.4
6.1400        -2589.292    -2617.903       28.611   737.8
6.1500        -2589.624    -2617.585       27.961   721.1
6.1600        -2589.973    -2617.477       27.504   709.3
6.1700        -2590.330    -2617.867       27.537   710.1
6.1800        -2590.687    -2618.329       27.641   712.8
6.1900        -2591.052    -2618.132       27.080   698.3
6.2000        -2591.397    -2617.991       26.594   685.8
6.2100        -2591.757    -2619.106       27.349   705.3
6.2200        -2592.091    -2617.704       25.613   660.5
6.2300        -2592.385    -2617.341       24.956   643.6
6.2400        -2592.645    -2617.364       24.720   637.5
6.2500        -2592.856    -2618.314       25.458   656.5
6.2600        -2593.024    -2617.949       24.925   642.8
6.2700        -2593.193    -2620.491       27.298   704.0
6.2800        -2593.324    -2619.245       25.920   668.4
6.2900        -2593.462    -2620.386       26.923   694.3
6.3000        -2593.569    -2618.470       24.902   642.2
6.3100        -2593.647    -2620.102       26.454   682.2
6.3200        -2593.708    -2620.056       26.349   679.5
6.3300        -2593.768    -2620.427       26.659   687.5
6.3400        -2593.793    -2618.479       24.685   636.6
6.3500        -2593.799    -2620.874       27.075   698.2
6.3600        -2593.792    -2620.043       26.252   677.0
6.3700        -2593.775    -2620.152       26.377   680.2
6.3800        -2593.721    -2619.175       25.454   656.4
6.3900        -2593.668    -2621.471       27.802   717.0
6.4000        -2593.592    -2619.912       26.320   678.7
6.4100        -2593.522    -2619.832       26.311   678.5
6.4200        -2593.432    -2618.759       25.327   653.1
6.4300        -2593.300    -2618.069       24.769   638.7
6.4400        -2593.137    -2619.750       26.613   686.3
6.4500        -2592.936    -2619.342       26.406   680.9
6.4600        -2592.732    -2620.080       27.347   705.2
6.4700        -2592.527    -2619.311       26.784   690.7
6.4800        -2592.322    -2620.078       27.756   715.8
6.4900        -2592.125    -2620.452       28.327   730.5
6.5000        -2591.941    -2618.229       26.288   677.9
6.5100        -2591.754    -2617.795       26.040   671.5
6.5200        -2591.557    -2618.664       27.107   699.0
6.5300        -2591.347    -2619.402       28.056   723.5
6.5400        -2591.141    -2617.611       26.469   682.6
6.5500        -2590.946    -2617.809       26.862   692.7
6.5600        -2590.727    -2618.518       27.792   716.7
6.5700        -2590.515    -2617.046       26.531   684.2
6.5800        -2590.311    -2617.885       27.575   711.1
6.5900        -2590.093    -2618.554       28.462   734.0
6.6000        -2589.904    -2618.132       28.228   727.9
6.6100        -2589.745    -2618.005       28.260   728.8
6.6200        -2589.602    -2617.063       27.461   708.1
6.6300        -2589.476    -2616.531       27.054   697.7
6.6400        -2589.343    -2616.889       27.546   710.4
6.6500        -2589.222    -2617.294       28.072   723.9
6.6600        -2589.116    -2617.906       28.790   742.4
6.6700        -2589.040    -2617.465       28.424   733.0
6.6800        -2588.985    -2615.520       26.535   684.3
6.6900        -2588.942    -2618.122       29.179   752.5
6.7000        -2588.918    -2616.959       28.041   723.1
6.7100        -2588.914    -2615.783       26.869   692.9
6.7200        -2588.921    -2617.620       28.699   740.1
6.7300        -2588.956    -2618.543       29.588   763.0
6.7400        -2589.039    -2617.957       28.917   745.7
6.7500        -2589.146    -2617.068       27.922   720.1
6.7600        -2589.288    -2617.483       28.196   727.1
6.7700        -2589.453    -2617.352       27.900   719.5
6.7800        -2589.608    -2615.629       26.020   671.0
6.7900        -2589.748    -2616.173       26.425   681.4
6.8000        -2589.874    -2617.648       27.775   716.2
6.8100        -2590.022    -2617.630       27.608   711.9
6.8200        -2590.174    -2617.970       27.795   716.8
6.8300        -2590.335    -2618.251       27.916   719.9
6.8400        -2590.534    -2619.292       28.758   741.6
6.8500        -2590.737    -2617.324       26.587   685.6
6.8600        -2590.945    -2618.217       27.272   703.3
6.8700        -2591.146    -2618.762       27.616   712.2
6.8800        -2591.360    -2618.826       27.466   708.3
6.8900        -2591.578    -2619.330       27.752   715.7
6.9000        -2591.820    -2620.254       28.434   733.2
6.9100        -2592.067    -2619.196       27.129   699.6
6.9200        -2592.334    -2620.219       27.885   719.1
6.9300        -2592.590    -2618.544       25.954   669.3
6.9400        -2592.830    -2618.450       25.620   660.7
6.9500        -2593.021    -2618.446       25.425   655.7
6.9600        -2593.205    -2619.877       26.671   687.8
6.9700        -2593.374    -2619.783       26.408   681.0
6.9800        -2593.496    -2617.673       24.177   623.5
6.9900        -2593.605    -2619.989       26.384   680.4
7.0000        -2593.667    -2617.981       24.314   627.0
7.0100        -2593.693    -2618.755       25.062   646.3
7.0200        -2593.677    -2618.244       24.567   633.5
7.0300        -2593.613    -2618.557       24.944   643.3
7.0400        -2593.504    -2618.916       25.411   655.3
7.0500        -2593.368    -2619.557       26.188   675.3
7.0600        -2593.199    -2620.228       27.030   697.0
7.0700        -2593.032    -2620.215       27.183   701.0
7.0800        -2592.861    -2619.142       26.281   677.7
7.0900        -2592.673    -2618.176       25.503   657.7
7.1000        -2592.469    -2619.062       26.594   685.8
7.1100        -2592.235    -2618.522       26.287   677.9
7.1200        -2591.988    -2618.772       26.784   690.7
7.1300        -2591.735    -2617.613       25.878   667.3
7.1400        -2591.460    -2617.389       25.929   668.7
7.1500        -2591.169    -2618.233       27.065   697.9
7.1600        -2590.850    -2616.989       26.139   674.1
7.1700        -2590.539    -2617.288       26.749   689.8
7.1800        -2590.198    -2615.999       25.801   665.3
7.1900        -2589.862    -2616.639       26.777   690.5
7.2000        -2589.480    -2616.917       27.438   707.6
7.2100        -2589.096    -2617.163       28.067   723.8
7.2200        -2588.741    -2616.845       28.104   724.8
7.2300        -2588.393    -2617.642       29.249   754.3
7.2400        -2588.094    -2617.105       29.012   748.1
7.2500        -2587.815    -2617.748       29.933   771.9
7.2600        -2587.607    -2617.519       29.912   771.4
7.2700        -2587.457    -2616.751       29.294   755.4
7.2800        -2587.341    -2616.469       29.128   751.1
7.2900        -2587.283    -2616.615       29.332   756.4
7.3000        -2587.271    -2616.535       29.263   754.6
7.3100        -2587.307    -2617.035       29.727   766.6
7.3200        -2587.379    -2615.000       27.621   712.3
7.3300        -2587.484    -2615.617       28.133   725.5
7.3400        -2587.594    -2616.212       28.618   738.0
7.3500        -2587.753    -2617.706       29.952   772.4
7.3600        -2587.960    -2616.449       28.489   734.7
7.3700        -2588.173    -2614.145       25.972   669.8
7.3800        -2588.387    -2617.062       28.675   739.5
7.3900        -2588.618    -2616.968       28.350   731.1
7.4000        -2588.897    -2618.608       29.711   766.2
7.4100        -2589.222    -2617.787       28.565   736.6
7.4200        -2589.562    -2617.390       27.828   717.6
7.4300        -2589.922    -2617.737       27.815   717.3
7.4400        -2590.303    -2618.667       28.363   731.4
7.4500        -2590.671    -2616.927       26.257   677.1
7.4600        -2591.039    -2618.375       27.336   704.9
7.4700        -2591.408    -2618.926       27.517   709.6
7.4800        -2591.780    -2618.027       26.247   676.9
7.4900        -2592.132    -2618.134       26.003   670.6
7.5000        -2592.426    -2617.055       24.629   635.1
7.5100        -2592.691    -2618.362       25.670   662.0
7.5200        -2592.920    -2618.062       25.142   648.4
7.5300        -2593.127    -2619.138       26.011   670.8
7.5400        -2593.285    -2617.885       24.600   634.4
7.5500        -2593.436    -2621.122       27.686   714.0
7.5600        -2593.572    -2620.050       26.478   682.8
7.5700        -2593.704    -2619.955       26.250   676.9
7.5800        -2593.811    -2619.460       25.649   661.4
7.5900        -2593.888    -2618.298       24.410   629.5
7.6000        -2593.912    -2618.537       24.625   635.0
7.6100        -2593.902    -2620.586       26.684   688.1
7.6200        -2593.859    -2618.740       24.881   641.6
7.6300        -2593.794    -2619.378       25.584   659.8
7.6400        -2593.695    -2619.691       25.996   670.4
7.6500        -2593.572    -2619.595       26.022   671.1
7.6600        -2593.428    -2618.727       25.299   652.4
7.6700        -2593.255    -2618.980       25.725   663.4
7.6800        -2593.046    -2618.661       25.614   660.5
7.6900        -2592.813    -2619.240       26.427   681.5
7.7000        -2592.563    -2618.271       25.708   663.0
7.7100        -2592.282    -2617.732       25.450   656.3
7.7200        -2591.982    -2618.710       26.728   689.3
7.7300        -2591.650    -2618.559       26.910   693.9
7.7400        -2591.315    -2618.230       26.915   694.1
7.7500        -2590.976    -2617.402       26.426   681.5
7.7600        -2590.634    -2618.284       27.650   713.0
7.7700        -2590.283    -2616.966       26.683   688.1
7.7800        -2589.939    -2616.857       26.919   694.2
7.7900        -2589.582    -2616.781       27.200   701.4
7.8000        -2589.233    -2617.463       28.231   728.0
7.8100        -2588.880    -2616.245       27.364   705.7
7.8200        -2588.561    -2614.958       26.397   680.7
7.8300        -2588.225    -2614.556       26.331   679.0
7.8400        -2587.872    -2614.754       26.882   693.2
7.8500        -2587.511    -2617.007       29.496   760.6
7.8600        -2587.165    -2616.752       29.588   763.0
7.8700        -2586.877    -2615.392       28.515   735.3
7.8800        -2586.637    -2614.613       27.976   721.4
7.8900        -2586.402    -2613.953       27.551   710.5
7.9000        -2586.195    -2614.994       28.799   742.7
7.9100        -2586.006    -2616.056       30.050   774.9
7.9200        -2585.873    -2615.900       30.027   774.3
7.9300        -2585.801    -2614.424       28.623   738.1
7.9400        -2585.767    -2614.217       28.450   733.7
7.9500        -2585.755    -2615.130       29.375   757.5
7.9600        -2585.800    -2615.143       29.343   756.7
7.9700        -2585.881    -2613.565       27.684   713.9
7.9800        -2585.986    -2615.514       29.528   761.5
7.9900        -2586.139    -2615.579       29.440   759.2
8.0000        -2586.335    -2615.527       29.191   752.8
8.0100        -2586.592    -2616.976       30.384   783.5
8.0200        -2586.920    -2617.118       30.197   778.7
8.0300        -2587.295    -2616.416       29.120   751.0
8.0400        -2587.720    -2616.399       28.678   739.6
8.0500        -2588.153    -2616.271       28.118   725.1
8.0600        -2588.619    -2616.606       27.987   721.7
8.0700        -2589.076    -2616.050       26.974   695.6
8.0800        -2589.530    -2617.171       27.640   712.8
8.0900        -2589.999    -2617.588       27.589   711.5
8.1000        -2590.497    -2619.189       28.692   739.9
8.1100        -2591.015    -2618.370       27.356   705.4
8.1200        -2591.492    -2617.079       25.587   659.8
8.1300        -2591.911    -2616.195       24.284   626.2
8.1400        -2592.303    -2618.345       26.042   671.6
8.1500        -2592.670    -2618.501       25.831   666.1
8.1600        -2593.010    -2618.544       25.534   658.5
8.1700        -2593.336    -2620.142       26.805   691.3
8.1800        -2593.629    -2618.637       25.008   644.9
8.1900        -2593.882    -2618.882       25.000   644.7
8.2000        -2594.112    -2620.579       26.467   682.5
8.2100        -2594.313    -2620.056       25.743   663.9
8.2200        -2594.527    -2622.460       27.933   720.3
8.2300        -2594.721    -2619.894       25.173   649.2
8.2400        -2594.881    -2619.460       24.579   633.8
8.2500        -2594.986    -2618.366       23.380   602.9
8.2600        -2595.026    -2619.091       24.066   620.6
8.2700        -2595.010    -2620.574       25.564   659.2
8.2800        -2594.972    -2621.406       26.434   681.7
8.2900        -2594.905    -2620.415       25.510   657.8
8.3000        -2594.827    -2622.221       27.394   706.4
8.3100        -2594.730    -2620.856       26.126   673.7
8.3200        -2594.627    -2620.440       25.813   665.7
8.3300        -2594.495    -2619.777       25.282   652.0
8.3400        -2594.334    -2618.217       23.883   615.9
8.3500        -2594.128    -2618.243       24.115   621.9
8.3600        -2593.850    -2619.272       25.422   655.6
8.3700        -2593.536    -2619.490       25.954   669.3
8.3800        -2593.199    -2617.126       23.927   617.0
8.3900        -2592.815    -2619.263       26.448   682.0
8.4000        -2592.390    -2618.628       26.238   676.6
8.4100        -2591.959    -2617.180       25.221   650.4
8.4200        -2591.498    -2617.683       26.185   675.3
8.4300        -2591.005    -2618.098       27.093   698.7
8.4400        -2590.503    -2618.365       27.862   718.5
8.4500        -2589.996    -2616.924       26.929   694.4
8.4600        -2589.520    -2615.906       26.385   680.4
8.4700        -2589.022    -2617.306       28.283   729.4
8.4800        -2588.515    -2618.309       29.793   768.3
8.4900        -2588.053    -2616.323       28.269   729.0
8.5000        -2587.641    -2615.325       27.683   713.9
8.5100        -2587.234    -2618.586       31.352   808.5
8.5200        -2586.886    -2617.586       30.699   791.7
8.5300        -2586.612    -2615.871       29.259   754.5
8.5400        -2586.410    -2616.369       29.959   772.6
8.5500        -2586.255    -2616.116       29.862   770.1
8.5600        -2586.160    -2615.380       29.219   753.5
8.5700        -2586.116    -2615.149       29.033   748.7
8.5800        -2586.113    -2613.085       26.972   695.6
8.5900        -2586.113    -2614.747       28.633   738.4
8.6000        -2586.142    -2616.399       30.256   780.2
8.6100        -2586.235    -2616.821       30.586   788.7
8.6200        -2586.396    -2615.245       28.850   744.0
8.6300        -2586.601    -2615.201       28.600   737.5
8.6400        -2586.825    -2615.259       28.434   733.2
8.6500        -2587.095    -2615.973       28.878   744.7
8.6600        -2587.382    -2615.205       27.824   717.5
8.6700        -2587.700    -2616.679       28.979   747.3
8.6800        -2588.032    -2615.359       27.328   704.7
8.6900        -2588.378    -2616.114       27.736   715.3
8.7000        -2588.729    -2616.526       27.796   716.8
8.7100        -2589.085    -2615.292       26.207   675.8
8.7200        -2589.410    -2615.582       26.172   674.9
8.7300        -2589.726    -2616.696       26.970   695.5
8.7400        -2590.030    -2616.280       26.250   676.9
8.7500        -2590.299    -2615.245       24.945   643.3
8.7600        -2590.556    -2617.735       27.179   700.9
8.7700        -2590.808    -2618.066       27.258   702.9
8.7800        -2591.046    -2616.905       25.859   666.8
8.7900        -2591.277    -2617.978       26.701   688.6
8.8000        -2591.486    -2617.839       26.353   679.6
8.8100        -2591.699    -2619.185       27.486   708.8
8.8200        -2591.890    -2617.148       25.258   651.3
8.8300        -2592.068    -2618.191       26.123   673.6
8.8400        -2592.203    -2617.374       25.172   649.1
8.8500        -2592.314    -2619.088       26.774   690.4
8.8600        -2592.429    -2620.398       27.969   721.3
8.8700        -2592.551    -2619.565       27.014   696.6
8.8800        -2592.675    -2619.025       26.350   679.5
8.8900        -2592.779    -2618.141       25.362   654.0
8.9000        -2592.838    -2618.432       25.594   660.0
8.9100        -2592.874    -2619.065       26.191   675.4
8.9200        -2592.898    -2618.863       25.965   669.6
8.9300        -2592.893    -2618.705       25.812   665.6
8.9400        -2592.859    -2617.995       25.135   648.2
8.9500        -2592.796    -2619.807       27.011   696.6
8.9600        -2592.721    -2620.400       27.679   713.8
8.9700        -2592.657    -2618.213       25.556   659.0
8.9800        -2592.567    -2618.387       25.821   665.9
8.9900        -2592.444    -2619.350       26.906   693.8
9.0000        -2592.315    -2618.148       25.833   666.2
9.0100        -2592.169    -2618.378       26.210   675.9
9.0200        -2591.997    -2619.406       27.409   706.8
9.0300        -2591.821    -2619.501       27.680   713.8
9.0400        -2591.664    -2619.781       28.117   725.1
9.0500        -2591.518    -2618.821       27.304   704.1
9.0600        -2591.385    -2618.683       27.298   704.0
9.0700        -2591.258    -2618.323       27.065   697.9
9.0800        -2591.106    -2616.149       25.043   645.8
9.0900        -2590.951    -2617.204       26.253   677.0
9.1000        -2590.756    -2617.241       26.485   683.0
9.1100        -2590.544    -2618.300       27.755   715.8
9.1200        -2590.339    -2617.540       27.201   701.5
9.1300        -2590.140    -2618.679       28.539   736.0
9.1400        -2589.953    -2617.025       27.072   698.1
9.1500        -2589.792    -2616.552       26.760   690.1
9.1600        -2589.615    -2615.984       26.370   680.0
9.1700        -2589.429    -2617.214       27.785   716.5
9.1800        -2589.236    -2616.623       27.387   706.3
9.1900        -2589.072    -2616.153       27.081   698.4
9.2000        -2588.882    -2615.070       26.187   675.3
9.2100        -2588.708    -2618.674       29.966   772.8
9.2200        -2588.552    -2619.473       30.920   797.4
9.2300        -2588.467    -2616.776       28.308   730.0
9.2400        -2588.429    -2617.186       28.757   741.6
9.2500        -2588.428    -2617.491       29.063   749.5
9.2600        -2588.449    -2615.834       27.385   706.2
9.2700        -2588.486    -2616.619       28.134   725.5
9.2800        -2588.543    -2616.840       28.297   729.7
9.2900        -2588.621    -2616.303       27.682   713.9
9.3000        -2588.711    -2616.064       27.352   705.4
9.3100        -2588.808    -2617.214       28.406   732.5
9.3200        -2588.924    -2617.482       28.559   736.5
9.3300        -2589.078    -2617.271       28.193   727.0
9.3400        -2589.241    -2616.375       27.134   699.7
9.3500        -2589.406    -2616.836       27.430   707.4
9.3600        -2589.588    -2618.209       28.620   738.1
9.3700        -2589.794    -2618.189       28.395   732.2
9.3800        -2590.022    -2617.799       27.776   716.3
9.3900        -2590.270    -2618.066       27.796   716.8
9.4000        -2590.537    -2619.566       29.029   748.6
9.4100        -2590.845    -2619.752       28.907   745.4
9.4200        -2591.174    -2618.162       26.988   696.0
9.4300        -2591.486    -2618.297       26.811   691.4
9.4400        -2591.806    -2619.384       27.578   711.2
9.4500        -2592.121    -2618.596       26.475   682.7
9.4600        -2592.397    -2617.124       24.726   637.6
9.4700        -2592.639    -2618.413       25.774   664.7
9.4800        -2592.871    -2620.269       27.398   706.5
9.4900        -2593.095    -2619.181       26.086   672.7
9.5000        -2593.295    -2618.735       25.440   656.0
9.5100        -2593.459    -2618.196       24.737   637.9
9.5200        -2593.575    -2618.173       24.599   634.3
9.5300        -2593.651    -2618.949       25.298   652.4
9.5400        -2593.688    -2618.895       25.206   650.0
9.5500        -2593.682    -2618.421       24.739   638.0
9.5600        -2593.647    -2618.948       25.301   652.4
9.5700        -2593.567    -2619.047       25.480   657.1
9.5800        -2593.462    -2619.956       26.493   683.2
9.5900        -2593.334    -2618.046       24.712   637.3
9.6000        -2593.177    -2617.745       24.568   633.5
9.6100        -2592.976    -2619.582       26.605   686.1
9.6200        -2592.735    -2619.189       26.454   682.2
9.6300        -2592.494    -2619.238       26.745   689.7
9.6400        -2592.239    -2619.211       26.973   695.6
9.6500        -2591.976    -2618.238       26.262   677.2
9.6600        -2591.707    -2618.671       26.964   695.3
9.6700        -2591.419    -2619.288       27.868   718.7
9.6800        -2591.140    -2618.453       27.313   704.3
9.6900        -2590.877    -2617.791       26.914   694.1
9.7000        -2590.607    -2617.067       26.460   682.4
9.7100        -2590.339    -2617.093       26.754   689.9
9.7200        -2590.048    -2616.716       26.668   687.7
9.7300        -2589.756    -2615.804       26.048   671.7
9.7400        -2589.450    -2618.014       28.564   736.6
9.7500        -2589.129    -2619.065       29.936   772.0
9.7600        -2588.871    -2616.482       27.610   712.0
9.7700        -2588.649    -2614.596       25.947   669.1
9.7800        -2588.414    -2616.653       28.239   728.2
9.7900        -2588.160    -2616.201       28.041   723.1
9.8000        -2587.951    -2616.393       28.441   733.4
9.8100        -2587.743    -2615.806       28.063   723.7
9.8200        -2587.578    -2616.708       29.130   751.2
9.8300        -2587.435    -2614.515       27.080   698.3
9.8400        -2587.311    -2615.171       27.860   718.5
9.8500        -2587.191    -2615.056       27.864   718.6
9.8600        -2587.083    -2614.777       27.694   714.2
9.8700        -2586.999    -2615.496       28.497   734.9
9.8800        -2586.926    -2615.162       28.237   728.2
9.8900        -2586.883    -2614.628       27.744   715.5
9.9000        -2586.848    -2614.463       27.614   712.1
9.9100        -2586.832    -2615.527       28.696   740.0
9.9200        -2586.853    -2616.416       29.563   762.4
9.9300        -2586.911    -2615.808       28.897   745.2
9.9400        -2587.013    -2615.697       28.684   739.7
9.9500        -2587.140    -2615.544       28.404   732.5
9.9600        -2587.299    -2615.876       28.577   737.0
9.9700        -2587.488    -2616.298       28.810   743.0
9.9800        -2587.694    -2615.288       27.593   711.6
9.9900        -2587.919    -2616.002       28.084   724.2
10.0000       -2588.181    -2616.682       28.501   735.0
Time[ps]      Etot[eV]     Epot[eV]     Ekin[eV]    T[K]
0.0000        -2591.722    -2618.615       26.893   693.5
0.0050        -2591.705    -2613.416       21.712   559.9
0.0100        -2591.622    -2606.311       14.689   378.8
0.0150        -2591.445    -2604.412       12.966   334.4
0.0200        -2591.148    -2603.686       12.538   323.3
0.0250        -2590.765    -2604.142       13.377   345.0
0.0300        -2590.336    -2605.548       15.213   392.3
0.0350        -2589.936    -2605.177       15.241   393.0
0.0400        -2589.588    -2604.365       14.777   381.1
0.0450        -2589.235    -2604.633       15.397   397.1
0.0500        -2588.838    -2604.827       15.990   412.3
0.0550        -2588.389    -2605.382       16.994   438.2
0.0600        -2587.888    -2605.795       17.907   461.8
0.0650        -2587.358    -2605.766       18.408   474.7
0.0700        -2586.814    -2605.748       18.934   488.3
0.0750        -2586.253    -2605.907       19.654   506.8
0.0800        -2585.675    -2606.293       20.618   531.7
0.0850        -2585.081    -2606.703       21.621   557.6
0.0900        -2584.483    -2606.739       22.255   573.9
0.0950        -2583.887    -2606.977       23.090   595.4
0.1000        -2583.294    -2606.552       23.258   599.8
0.1050        -2582.717    -2605.968       23.251   599.6
0.1100        -2582.140    -2606.228       24.088   621.2
0.1150        -2581.557    -2606.600       25.044   645.8
0.1200        -2580.985    -2606.309       25.324   653.1
0.1250        -2580.438    -2605.395       24.957   643.6
0.1300        -2579.913    -2604.271       24.358   628.1
0.1350        -2579.391    -2604.343       24.953   643.5
0.1400        -2578.856    -2604.777       25.921   668.5
0.1450        -2578.329    -2604.594       26.265   677.3
0.1500        -2577.820    -2604.383       26.563   685.0
0.1550        -2577.330    -2604.288       26.957   695.2
0.1600        -2576.864    -2603.829       26.965   695.4
0.1650        -2576.426    -2602.657       26.231   676.4
0.1700        -2576.001    -2602.382       26.381   680.3
0.1750        -2575.574    -2603.290       27.717   714.8
0.1800        -2575.158    -2603.789       28.631   738.3
0.1850        -2574.780    -2603.484       28.703   740.2
0.1900        -2574.447    -2603.496       29.049   749.1
0.1950        -2574.158    -2603.834       29.675   765.3
0.2000        -2573.922    -2603.530       29.608   763.5
0.2050        -2573.743    -2603.063       29.320   756.1
0.2100        -2573.615    -2603.576       29.961   772.6
0.2150        -2573.546    -2603.881       30.335   782.3
0.2200        -2573.542    -2603.279       29.737   766.8
0.2250        -2573.604    -2603.759       30.155   777.6
0.2300        -2573.733    -2603.933       30.200   778.8
0.2350        -2573.922    -2603.042       29.120   750.9
0.2400        -2574.151    -2602.636       28.485   734.6
0.2450        -2574.405    -2602.879       28.475   734.3
0.2500        -2574.685    -2603.137       28.452   733.7
0.2550        -2574.990    -2603.368       28.378   731.8
0.2600        -2575.311    -2603.117       27.806   717.1
0.2650        -2575.629    -2602.723       27.094   698.7
0.2700        -2575.935    -2602.775       26.841   692.2
0.2750        -2576.232    -2603.413       27.181   700.9
0.2800        -2576.525    -2603.809       27.283   703.6
0.2850        -2576.812    -2603.647       26.835   692.0
0.2900        -2577.083    -2603.489       26.406   681.0
0.2950        -2577.330    -2603.650       26.320   678.7
0.3000        -2577.565    -2604.727       27.162   700.5
0.3050        -2577.807    -2605.824       28.017   722.5
0.3100        -2578.058    -2605.374       27.316   704.4
0.3150        -2578.303    -2605.232       26.929   694.4
0.3200        -2578.550    -2606.205       27.655   713.2
0.3250        -2578.803    -2606.161       27.358   705.5
0.3300        -2579.053    -2605.986       26.933   694.5
0.3350        -2579.291    -2605.581       26.290   678.0
0.3400        -2579.502    -2604.782       25.280   651.9
0.3450        -2579.674    -2605.439       25.765   664.4
0.3500        -2579.830    -2606.819       26.988   696.0
0.3550        -2579.979    -2606.510       26.531   684.2
0.3600        -2580.113    -2605.954       25.841   666.4
0.3650        -2580.221    -2605.404       25.183   649.4
0.3700        -2580.288    -2604.785       24.497   631.7
0.3750        -2580.309    -2604.970       24.661   636.0
0.3800        -2580.288    -2605.886       25.598   660.1
0.3850        -2580.235    -2606.485       26.250   676.9
0.3900        -2580.163    -2606.885       26.723   689.1
0.3950        -2580.080    -2607.749       27.669   713.5
0.4000        -2580.000    -2607.169       27.169   700.6
0.4050        -2579.922    -2606.291       26.370   680.0
0.4100        -2579.831    -2606.630       26.799   691.1
0.4150        -2579.730    -2607.109       27.379   706.0
0.4200        -2579.630    -2606.912       27.282   703.5
0.4250        -2579.533    -2606.585       27.052   697.6
0.4300        -2579.431    -2606.476       27.044   697.4
0.4350        -2579.329    -2607.348       28.018   722.5
0.4400        -2579.241    -2608.567       29.326   756.3
0.4450        -2579.190    -2608.105       28.915   745.7
0.4500        -2579.178    -2607.132       27.954   720.9
0.4550        -2579.185    -2606.901       27.716   714.7
0.4600        -2579.203    -2606.930       27.727   715.0
0.4650        -2579.230    -2606.626       27.396   706.5
0.4700        -2579.272    -2607.742       28.470   734.2
0.4750        -2579.339    -2608.191       28.851   744.0
0.4800        -2579.443    -2607.878       28.435   733.3
0.4850        -2579.573    -2606.934       27.361   705.6
0.4900        -2579.699    -2605.380       25.682   662.3
0.4950        -2579.800    -2605.174       25.374   654.3
0.5000        -2579.869    -2605.455       25.586   659.8
0.5050        -2579.906    -2605.419       25.513   657.9
0.5100        -2579.916    -2606.352       26.436   681.7
0.5150        -2579.915    -2607.081       27.166   700.6
0.5200        -2579.909    -2606.531       26.623   686.5
0.5250        -2579.895    -2606.703       26.809   691.3
0.5300        -2579.878    -2607.521       27.643   712.9
0.5350        -2579.863    -2606.793       26.930   694.5
0.5400        -2579.846    -2606.425       26.579   685.4
0.5450        -2579.821    -2607.127       27.305   704.1
0.5500        -2579.792    -2606.934       27.142   699.9
0.5550        -2579.765    -2607.003       27.238   702.4
0.5600        -2579.739    -2607.927       28.188   726.9
0.5650        -2579.735    -2608.436       28.702   740.2
0.5700        -2579.760    -2607.867       28.107   724.8
0.5750        -2579.806    -2607.209       27.402   706.6
0.5800        -2579.860    -2607.131       27.270   703.2
0.5850        -2579.919    -2607.317       27.398   706.5
0.5900        -2579.985    -2607.174       27.189   701.2
0.5950        -2580.055    -2607.425       27.371   705.8
0.6000        -2580.135    -2608.288       28.153   726.0
0.6050        -2580.238    -2607.985       27.748   715.6
0.6100        -2580.354    -2607.600       27.246   702.6
0.6150        -2580.478    -2607.629       27.151   700.2
0.6200        -2580.603    -2607.407       26.804   691.2
0.6250        -2580.729    -2607.905       27.176   700.8
0.6300        -2580.860    -2608.153       27.292   703.8
0.6350        -2580.999    -2608.108       27.110   699.1
0.6400        -2581.143    -2608.522       27.379   706.0
0.6450        -2581.299    -2608.786       27.487   708.8
0.6500        -2581.462    -2608.236       26.774   690.5
0.6550        -2581.622    -2608.089       26.467   682.5
0.6600        -2581.779    -2608.945       27.166   700.6
0.6650        -2581.940    -2609.282       27.342   705.1
0.6700        -2582.109    -2609.261       27.152   700.2
0.6750        -2582.280    -2608.993       26.712   688.9
0.6800        -2582.449    -2609.249       26.800   691.1
0.6850        -2582.617    -2609.689       27.072   698.1
0.6900        -2582.789    -2610.005       27.215   701.8
0.6950        -2582.969    -2610.225       27.256   702.9
0.7000        -2583.155    -2610.161       27.006   696.4
0.7050        -2583.336    -2609.310       25.974   669.8
0.7100        -2583.494    -2608.670       25.176   649.2
0.7150        -2583.618    -2608.883       25.265   651.5
0.7200        -2583.713    -2609.384       25.671   662.0
0.7250        -2583.786    -2610.310       26.524   684.0
0.7300        -2583.853    -2611.079       27.226   702.1
0.7350        -2583.923    -2610.853       26.930   694.5
0.7400        -2583.991    -2610.454       26.463   682.4
0.7450        -2584.054    -2610.525       26.471   682.6
0.7500        -2584.109    -2610.063       25.954   669.3
0.7550        -2584.141    -2608.821       24.680   636.4
0.7600        -2584.132    -2608.394       24.261   625.6
0.7650        -2584.072    -2609.845       25.773   664.6
0.7700        -2583.963    -2610.170       26.208   675.8
0.7750        -2583.813    -2609.048       25.234   650.7
0.7800        -2583.606    -2608.784       25.178   649.3
0.7850        -2583.319    -2609.781       26.462   682.4
0.7900        -2582.956    -2610.346       27.389   706.3
0.7950        -2582.551    -2610.509       27.958   721.0
0.8000        -2582.131    -2610.134       28.003   722.1
0.8050        -2581.724    -2609.039       27.315   704.4
0.8100        -2581.337    -2608.721       27.384   706.2
0.8150        -2580.972    -2608.712       27.740   715.4
0.8200        -2580.643    -2608.625       27.982   721.6
0.8250        -2580.361    -2609.020       28.659   739.1
0.8300        -2580.133    -2609.192       29.059   749.4
0.8350        -2579.966    -2608.274       28.308   730.0
0.8400        -2579.844    -2607.787       27.943   720.6
0.8450        -2579.754    -2608.756       29.002   747.9
0.8500        -2579.710    -2609.986       30.276   780.8
0.8550        -2579.728    -2609.334       29.605   763.5
0.8600        -2579.790    -2607.736       27.946   720.7
0.8650        -2579.869    -2608.029       28.160   726.2
0.8700        -2579.972    -2609.569       29.596   763.2
0.8750        -2580.118    -2609.525       29.407   758.3
0.8800        -2580.301    -2609.060       28.759   741.6
0.8850        -2580.513    -2609.592       29.079   749.9
0.8900        -2580.750    -2609.079       28.330   730.6
0.8950        -2580.990    -2608.534       27.544   710.3
0.9000        -2581.226    -2609.248       28.022   722.6
0.9050        -2581.467    -2610.003       28.536   735.9
0.9100        -2581.722    -2610.538       28.816   743.1
0.9150        -2581.985    -2610.670       28.685   739.7
0.9200        -2582.251    -2610.826       28.575   736.9
0.9250        -2582.511    -2610.762       28.251   728.5
0.9300        -2582.755    -2610.350       27.595   711.6
0.9350        -2582.967    -2609.864       26.897   693.6
0.9400        -2583.138    -2609.386       26.248   676.9
0.9450        -2583.267    -2609.289       26.023   671.1
0.9500        -2583.359    -2610.087       26.727   689.2
0.9550        -2583.432    -2610.461       27.028   697.0
0.9600        -2583.494    -2610.532       27.038   697.3
0.9650        -2583.547    -2610.712       27.165   700.5
0.9700        -2583.595    -2611.102       27.506   709.3
0.9750        -2583.654    -2612.672       29.019   748.3
0.9800        -2583.747    -2613.077       29.331   756.4
0.9850        -2583.868    -2611.479       27.611   712.0
0.9900        -2583.992    -2611.293       27.301   704.0
0.9950        -2584.114    -2611.883       27.769   716.1
1.0000        -2584.242    -2611.913       27.670   713.6
1.0050        -2584.378    -2612.086       27.708   714.5
1.0100        -2584.517    -2611.604       27.088   698.5
1.0150        -2584.648    -2611.547       26.900   693.7
1.0200        -2584.774    -2612.142       27.367   705.7
1.0250        -2584.898    -2611.660       26.761   690.1
1.0300        -2585.011    -2611.617       26.607   686.1
1.0350        -2585.119    -2612.753       27.633   712.6
1.0400        -2585.233    -2612.350       27.117   699.3
1.0450        -2585.342    -2611.627       26.285   677.8
1.0500        -2585.436    -2611.703       26.267   677.4
1.0550        -2585.514    -2611.641       26.126   673.7
1.0600        -2585.572    -2611.029       25.457   656.5
1.0650        -2585.598    -2610.633       25.034   645.6
1.0700        -2585.586    -2611.118       25.531   658.4
1.0750        -2585.544    -2612.777       27.233   702.3
1.0800        -2585.497    -2613.748       28.251   728.5
1.0850        -2585.462    -2612.995       27.533   710.0
1.0900        -2585.434    -2612.951       27.517   709.6
1.0950        -2585.412    -2613.478       28.066   723.8
1.1000        -2585.398    -2612.669       27.271   703.3
1.1050        -2585.389    -2612.499       27.110   699.1
1.1100        -2585.379    -2612.669       27.289   703.7
1.1150        -2585.365    -2611.915       26.550   684.7
1.1200        -2585.338    -2612.363       27.025   696.9
1.1250        -2585.306    -2613.815       28.509   735.2
1.1300        -2585.286    -2612.946       27.660   713.3
1.1350        -2585.276    -2611.773       26.498   683.3
1.1400        -2585.255    -2612.049       26.794   690.9
1.1450        -2585.220    -2611.639       26.419   681.3
1.1500        -2585.170    -2611.956       26.787   690.8
1.1550        -2585.103    -2611.556       26.453   682.2
1.1600        -2585.017    -2610.666       25.649   661.4
1.1650        -2584.898    -2611.440       26.542   684.5
1.1700        -2584.751    -2611.783       27.032   697.1
1.1750        -2584.592    -2612.024       27.432   707.4
1.1800        -2584.431    -2613.305       28.874   744.6
1.1850        -2584.288    -2613.741       29.453   759.5
1.1900        -2584.190    -2613.262       29.072   749.7
1.1950        -2584.130    -2612.111       27.981   721.6
1.2000        -2584.089    -2611.776       27.687   714.0
1.2050        -2584.057    -2612.297       28.240   728.2
1.2100        -2584.048    -2612.673       28.625   738.2
1.2150        -2584.065    -2611.596       27.531   710.0
1.2200        -2584.094    -2611.646       27.552   710.5
1.2250        -2584.137    -2612.498       28.361   731.4
1.2300        -2584.204    -2612.137       27.932   720.3
1.2350        -2584.287    -2611.238       26.951   695.0
1.2400        -2584.374    -2611.681       27.307   704.2
1.2450        -2584.473    -2612.581       28.108   724.9
1.2500        -2584.599    -2612.678       28.079   724.1
1.2550        -2584.750    -2612.679       27.929   720.2
1.2600        -2584.931    -2613.116       28.185   726.8
1.2650        -2585.140    -2612.973       27.833   717.8
1.2700        -2585.371    -2612.651       27.280   703.5
1.2750        -2585.611    -2612.481       26.871   692.9
1.2800        -2585.847    -2612.434       26.587   685.6
1.2850        -2586.081    -2613.156       27.075   698.2
1.2900        -2586.324    -2613.998       27.675   713.7
1.2950        -2586.575    -2613.765       27.190   701.2
1.3000        -2586.821    -2613.561       26.740   689.6
1.3050        -2587.054    -2613.603       26.549   684.7
1.3100        -2587.267    -2613.183       25.915   668.3
1.3150        -2587.448    -2612.524       25.076   646.7
1.3200        -2587.578    -2611.551       23.973   618.2
1.3250        -2587.646    -2610.946       23.301   600.9
1.3300        -2587.650    -2612.130       24.480   631.3
1.3350        -2587.606    -2614.172       26.566   685.1
1.3400        -2587.545    -2614.731       27.186   701.1
1.3450        -2587.480    -2613.964       26.484   683.0
1.3500        -2587.407    -2613.760       26.354   679.6
1.3550        -2587.314    -2612.958       25.644   661.3
1.3600        -2587.189    -2611.759       24.570   633.6
1.3650        -2587.017    -2612.634       25.617   660.6
1.3700        -2586.793    -2613.714       26.921   694.2
1.3750        -2586.542    -2613.818       27.275   703.4
1.3800        -2586.276    -2613.680       27.404   706.7
1.3850        -2586.003    -2612.871       26.868   692.9
1.3900        -2585.720    -2611.948       26.228   676.4
1.3950        -2585.415    -2611.690       26.275   677.6
1.4000        -2585.085    -2611.632       26.547   684.6
1.4050        -2584.739    -2612.105       27.366   705.7
1.4100        -2584.400    -2612.895       28.496   734.8
1.4150        -2584.099    -2613.034       28.934   746.2
1.4200        -2583.862    -2612.594       28.732   740.9
1.4250        -2583.685    -2611.622       27.938   720.4
1.4300        -2583.551    -2611.011       27.460   708.1
1.4350        -2583.446    -2611.501       28.054   723.5
1.4400        -2583.375    -2611.791       28.416   732.8
1.4450        -2583.340    -2611.465       28.124   725.3
1.4500        -2583.330    -2610.795       27.465   708.3
1.4550        -2583.328    -2610.077       26.750   689.8
1.4600        -2583.319    -2610.550       27.232   702.2
1.4650        -2583.319    -2612.217       28.898   745.2
1.4700        -2583.344    -2611.659       28.315   730.2
1.4750        -2583.391    -2610.919       27.528   709.9
1.4800        -2583.439    -2610.527       27.088   698.5
1.4850        -2583.480    -2610.138       26.658   687.4
1.4900        -2583.510    -2610.875       27.365   705.7
1.4950        -2583.543    -2611.826       28.283   729.3
1.5000        -2583.596    -2611.829       28.233   728.1
1.5050        -2583.669    -2611.832       28.163   726.3
1.5100        -2583.757    -2611.236       27.479   708.6
1.5150        -2583.846    -2610.450       26.604   686.1
1.5200        -2583.927    -2610.911       26.985   695.9
1.5250        -2584.004    -2611.442       27.438   707.6
1.5300        -2584.087    -2611.273       27.186   701.1
1.5350        -2584.169    -2611.153       26.984   695.9
1.5400        -2584.252    -2611.617       27.365   705.7
1.5450        -2584.342    -2611.731       27.390   706.3
1.5500        -2584.436    -2611.347       26.911   694.0
1.5550        -2584.532    -2611.490       26.959   695.2
1.5600        -2584.628    -2611.918       27.289   703.7
1.5650        -2584.734    -2612.271       27.537   710.1
1.5700        -2584.855    -2612.651       27.795   716.8
1.5750        -2585.007    -2613.617       28.610   737.8
1.5800        -2585.202    -2613.730       28.529   735.7
1.5850        -2585.433    -2612.650       27.217   701.9
1.5900        -2585.677    -2611.712       26.034   671.4
1.5950        -2585.910    -2611.290       25.379   654.5
1.6000        -2586.120    -2611.123       25.003   644.8
1.6050        -2586.311    -2612.474       26.163   674.7
1.6100        -2586.510    -2613.984       27.473   708.5
1.6150        -2586.727    -2613.751       27.024   696.9
1.6200        -2586.959    -2614.152       27.193   701.2
1.6250        -2587.223    -2615.468       28.245   728.4
1.6300        -2587.526    -2615.192       27.666   713.5
1.6350        -2587.843    -2613.983       26.139   674.1
1.6400        -2588.136    -2612.572       24.436   630.2
1.6450        -2588.378    -2612.497       24.119   622.0
1.6500        -2588.579    -2613.805       25.226   650.5
1.6550        -2588.752    -2614.730       25.978   669.9
1.6600        -2588.907    -2614.609       25.702   662.8
1.6650        -2589.032    -2613.888       24.856   641.0
1.6700        -2589.119    -2614.014       24.895   642.0
1.6750        -2589.169    -2614.496       25.327   653.1
1.6800        -2589.189    -2615.000       25.811   665.6
1.6850        -2589.181    -2614.231       25.050   646.0
1.6900        -2589.132    -2613.791       24.659   635.9
1.6950        -2589.028    -2614.390       25.361   654.0
1.7000        -2588.861    -2613.867       25.006   644.8
1.7050        -2588.620    -2614.247       25.627   660.9
1.7100        -2588.274    -2615.390       27.117   699.3
1.7150        -2587.833    -2614.793       26.960   695.2
1.7200        -2587.326    -2613.004       25.678   662.2
1.7250        -2586.767    -2612.334       25.567   659.3
1.7300        -2586.169    -2613.286       27.118   699.3
1.7350        -2585.600    -2614.094       28.494   734.8
1.7400        -2585.146    -2613.578       28.432   733.2
1.7450        -2584.816    -2613.293       28.477   734.4
1.7500        -2584.587    -2613.254       28.667   739.3
1.7550        -2584.431    -2611.499       27.068   698.0
1.7600        -2584.310    -2610.650       26.339   679.2
1.7650        -2584.198    -2612.034       27.835   717.8
1.7700        -2584.105    -2612.763       28.658   739.0
1.7750        -2584.046    -2612.225       28.178   726.7
1.7800        -2584.016    -2611.984       27.968   721.2
1.7850        -2584.002    -2611.521       27.519   709.6
1.7900        -2583.996    -2611.252       27.257   702.9
1.7950        -2583.996    -2612.160       28.164   726.3
1.8000        -2584.016    -2612.600       28.584   737.1
1.8050        -2584.068    -2612.606       28.539   735.9
1.8100        -2584.148    -2612.344       28.196   727.1
1.8150        -2584.246    -2611.632       27.386   706.2
1.8200        -2584.356    -2612.186       27.830   717.7
1.8250        -2584.487    -2613.267       28.781   742.2
1.8300        -2584.656    -2613.514       28.857   744.2
1.8350        -2584.864    -2613.239       28.375   731.7
1.8400        -2585.101    -2613.239       28.138   725.6
1.8450        -2585.361    -2612.989       27.627   712.5
1.8500        -2585.619    -2612.122       26.503   683.4
1.8550        -2585.862    -2612.310       26.448   682.0
1.8600        -2586.092    -2612.842       26.750   689.8
1.8650        -2586.305    -2612.830       26.524   684.0
1.8700        -2586.502    -2612.971       26.468   682.6
1.8750        -2586.681    -2613.209       26.527   684.1
1.8800        -2586.842    -2612.933       26.091   672.8
1.8850        -2586.981    -2613.201       26.220   676.2
1.8900        -2587.099    -2613.313       26.214   676.0
1.8950        -2587.197    -2613.039       25.842   666.4
1.9000        -2587.265    -2612.533       25.267   651.6
1.9050        -2587.301    -2612.673       25.372   654.3
1.9100        -2587.303    -2612.818       25.514   658.0
1.9150        -2587.272    -2612.237       24.965   643.8
1.9200        -2587.201    -2612.392       25.191   649.6
1.9250        -2587.089    -2612.654       25.565   659.3
1.9300        -2586.938    -2612.447       25.509   657.8
1.9350        -2586.748    -2612.565       25.818   665.8
1.9400        -2586.516    -2611.755       25.239   650.9
1.9450        -2586.240    -2611.402       25.162   648.9
1.9500        -2585.906    -2613.017       27.111   699.1
1.9550        -2585.535    -2614.812       29.277   755.0
1.9600        -2585.189    -2614.237       29.048   749.1
1.9650        -2584.899    -2612.768       27.869   718.7
1.9700        -2584.647    -2613.334       28.687   739.8
1.9750        -2584.429    -2613.293       28.864   744.3
1.9800        -2584.258    -2611.658       27.401   706.6
1.9850        -2584.123    -2612.876       28.754   741.5
1.9900        -2584.022    -2613.685       29.663   764.9
1.9950        -2583.972    -2611.728       27.756   715.8
2.0000        -2583.946    -2611.275       27.329   704.7
2.0050        -2583.932    -2612.338       28.405   732.5
2.0100        -2583.940    -2612.157       28.217   727.7
2.0150        -2583.964    -2611.244       27.280   703.5
2.0200        -2583.988    -2610.742       26.754   689.9
2.0250        -2584.005    -2611.471       27.466   708.3
2.0300        -2584.027    -2612.444       28.417   732.8
2.0350        -2584.065    -2611.647       27.582   711.3
2.0400        -2584.102    -2610.624       26.522   683.9
2.0450        -2584.128    -2611.724       27.595   711.6
2.0500        -2584.161    -2613.102       28.941   746.3
2.0550        -2584.218    -2612.457       28.239   728.2
2.0600        -2584.285    -2611.773       27.487   708.8
2.0650        -2584.355    -2612.456       28.101   724.7
2.0700        -2584.434    -2612.623       28.190   727.0
2.0750        -2584.515    -2611.089       26.574   685.3
2.0800        -2584.577    -2610.779       26.202   675.7
2.0850        -2584.623    -2612.428       27.805   717.0
2.0900        -2584.675    -2612.916       28.241   728.3
2.0950        -2584.742    -2612.749       28.007   722.2
2.1000        -2584.825    -2612.675       27.850   718.2
2.1050        -2584.914    -2612.550       27.636   712.7
2.1100        -2585.012    -2612.986       27.974   721.4
2.1150        -2585.124    -2613.029       27.905   719.6
2.1200        -2585.241    -2612.129       26.888   693.4
2.1250        -2585.349    -2611.663       26.314   678.6
2.1300        -2585.436    -2611.690       26.254   677.0
2.1350        -2585.508    -2612.496       26.988   696.0
2.1400        -2585.579    -2613.260       27.680   713.8
2.1450        -2585.663    -2613.446       27.783   716.5
2.1500        -2585.756    -2612.839       27.083   698.4
2.1550        -2585.847    -2612.216       26.369   680.0
2.1600        -2585.926    -2612.045       26.119   673.5
2.1650        -2585.987    -2612.066       26.079   672.5
2.1700        -2586.030    -2611.940       25.910   668.2
2.1750        -2586.051    -2612.032       25.981   670.0
2.1800        -2586.053    -2612.287       26.233   676.5
2.1850        -2586.035    -2612.547       26.513   683.7
2.1900        -2586.004    -2613.223       27.219   701.9
2.1950        -2585.962    -2612.776       26.814   691.5
2.2000        -2585.908    -2612.426       26.519   683.9
2.2050        -2585.832    -2613.423       27.591   711.5
2.2100        -2585.743    -2614.146       28.403   732.5
2.2150        -2585.657    -2613.743       28.086   724.3
2.2200        -2585.575    -2612.726       27.151   700.2
2.2250        -2585.479    -2612.945       27.465   708.3
2.2300        -2585.368    -2613.227       27.858   718.4
2.2350        -2585.246    -2612.065       26.819   691.6
2.2400        -2585.103    -2611.849       26.745   689.7
2.2450        -2584.933    -2612.849       27.915   719.9
2.2500        -2584.748    -2612.232       27.484   708.8
2.2550        -2584.557    -2612.146       27.589   711.5
2.2600        -2584.358    -2612.270       27.912   719.8
2.2650        -2584.158    -2611.799       27.640   712.8
2.2700        -2583.962    -2611.888       27.926   720.2
2.2750        -2583.770    -2612.264       28.494   734.8
2.2800        -2583.594    -2611.726       28.132   725.5
2.2850        -2583.437    -2611.294       27.857   718.4
2.2900        -2583.292    -2610.900       27.608   711.9
2.2950        -2583.151    -2610.737       27.587   711.4
2.3000        -2583.017    -2611.536       28.519   735.4
2.3050        -2582.902    -2610.914       28.012   722.4
2.3100        -2582.801    -2609.270       26.468   682.6
2.3150        -2582.692    -2609.863       27.171   700.7
2.3200        -2582.578    -2612.406       29.828   769.2
2.3250        -2582.497    -2611.831       29.334   756.5
2.3300        -2582.466    -2611.218       28.752   741.4
2.3350        -2582.477    -2612.286       29.809   768.7
2.3400        -2582.536    -2611.057       28.521   735.5
2.3450        -2582.629    -2610.156       27.527   709.9
2.3500        -2582.748    -2611.709       28.961   746.8
2.3550        -2582.916    -2612.226       29.310   755.8
2.3600        -2583.138    -2611.880       28.742   741.2
2.3650        -2583.414    -2612.254       28.840   743.7
2.3700        -2583.744    -2612.474       28.730   740.9
2.3750        -2584.118    -2612.876       28.758   741.6
2.3800        -2584.531    -2613.165       28.635   738.4
2.3850        -2584.952    -2612.564       27.613   712.1
2.3900        -2585.338    -2611.841       26.503   683.5
2.3950        -2585.663    -2611.901       26.238   676.6
2.4000        -2585.945    -2613.657       27.712   714.6
2.4050        -2586.215    -2615.007       28.791   742.5
2.4100        -2586.467    -2613.940       27.474   708.5
2.4150        -2586.681    -2613.468       26.786   690.8
2.4200        -2586.861    -2614.442       27.581   711.3
2.4250        -2587.025    -2614.380       27.355   705.4
2.4300        -2587.161    -2612.904       25.743   663.9
2.4350        -2587.258    -2613.592       26.334   679.1
2.4400        -2587.337    -2614.966       27.629   712.5
2.4450        -2587.411    -2613.758       26.347   679.4
2.4500        -2587.460    -2612.397       24.937   643.1
2.4550        -2587.473    -2613.654       26.180   675.1
2.4600        -2587.468    -2614.843       27.375   705.9
2.4650        -2587.459    -2613.991       26.533   684.2
2.4700        -2587.444    -2614.293       26.849   692.4
2.4750        -2587.426    -2615.352       27.926   720.2
2.4800        -2587.416    -2614.679       27.264   703.1
2.4850        -2587.410    -2613.690       26.280   677.7
2.4900        -2587.389    -2613.896       26.507   683.6
2.4950        -2587.358    -2614.613       27.255   702.8
2.5000        -2587.321    -2613.712       26.390   680.6
2.5050        -2587.270    -2612.734       25.464   656.7
2.5100        -2587.187    -2613.139       25.952   669.2
2.5150        -2587.075    -2614.378       27.303   704.1
2.5200        -2586.947    -2614.098       27.151   700.2
2.5250        -2586.813    -2614.210       27.397   706.5
2.5300        -2586.670    -2613.997       27.327   704.7
2.5350        -2586.515    -2613.609       27.094   698.7
2.5400        -2586.346    -2613.339       26.993   696.1
2.5450        -2586.154    -2613.629       27.475   708.5
2.5500        -2585.942    -2613.772       27.830   717.7
2.5550        -2585.715    -2612.846       27.131   699.6
2.5600        -2585.468    -2612.478       27.010   696.5
2.5650        -2585.191    -2612.767       27.576   711.1
2.5700        -2584.886    -2612.791       27.905   719.6
2.5750        -2584.569    -2611.766       27.197   701.3
2.5800        -2584.242    -2611.583       27.341   705.1
2.5850        -2583.894    -2613.128       29.234   753.9
2.5900        -2583.560    -2613.779       30.219   779.3
2.5950        -2583.286    -2613.120       29.834   769.4
2.6000        -2583.076    -2613.153       30.077   775.6
2.6050        -2582.929    -2613.297       30.368   783.1
2.6100        -2582.851    -2611.715       28.865   744.4
2.6150        -2582.813    -2610.387       27.574   711.1
2.6200        -2582.788    -2610.868       28.079   724.1
2.6250        -2582.778    -2610.881       28.104   724.7
2.6300        -2582.789    -2611.165       28.376   731.8
2.6350        -2582.830    -2611.944       29.114   750.8
2.6400        -2582.920    -2612.568       29.648   764.6
2.6450        -2583.078    -2612.647       29.569   762.5
2.6500        -2583.307    -2611.803       28.496   734.9
2.6550        -2583.591    -2611.284       27.693   714.1
2.6600        -2583.939    -2612.333       28.393   732.2
2.6650        -2584.376    -2613.235       28.858   744.2
2.6700        -2584.892    -2612.893       28.000   722.1
2.6750        -2585.429    -2612.013       26.584   685.5
2.6800        -2585.918    -2611.520       25.602   660.2
2.6850        -2586.342    -2612.840       26.498   683.3
2.6900        -2586.700    -2613.510       26.811   691.4
2.6950        -2586.977    -2613.071       26.093   672.9
2.7000        -2587.180    -2613.778       26.598   685.9
2.7050        -2587.334    -2614.647       27.313   704.3
2.7100        -2587.459    -2614.768       27.310   704.3
2.7150        -2587.560    -2614.150       26.590   685.7
2.7200        -2587.631    -2613.444       25.812   665.6
2.7250        -2587.671    -2613.674       26.002   670.5
2.7300        -2587.685    -2613.975       26.290   678.0
2.7350        -2587.681    -2614.291       26.610   686.2
2.7400        -2587.668    -2614.827       27.160   700.4
2.7450        -2587.658    -2615.630       27.972   721.3
2.7500        -2587.659    -2614.789       27.130   699.6
2.7550        -2587.656    -2612.616       24.960   643.7
2.7600        -2587.618    -2612.543       24.924   642.7
2.7650        -2587.542    -2614.432       26.890   693.4
2.7700        -2587.455    -2615.653       28.198   727.2
2.7750        -2587.382    -2615.360       27.979   721.5
2.7800        -2587.322    -2614.619       27.296   703.9
2.7850        -2587.270    -2614.425       27.156   700.3
2.7900        -2587.212    -2613.525       26.314   678.6
2.7950        -2587.138    -2613.889       26.752   689.9
2.8000        -2587.057    -2616.059       29.002   747.9
2.8050        -2587.000    -2615.815       28.815   743.1
2.8100        -2586.972    -2614.131       27.159   700.4
2.8150        -2586.952    -2614.397       27.445   707.7
2.8200        -2586.934    -2614.307       27.372   705.9
2.8250        -2586.916    -2613.130       26.214   676.0
2.8300        -2586.879    -2612.468       25.589   659.9
2.8350        -2586.812    -2613.428       26.616   686.4
2.8400        -2586.721    -2614.599       27.878   718.9
2.8450        -2586.632    -2615.190       28.558   736.4
2.8500        -2586.558    -2615.152       28.594   737.4
2.8550        -2586.508    -2614.985       28.477   734.4
2.8600        -2586.480    -2614.567       28.087   724.3
2.8650        -2586.470    -2613.312       26.842   692.2
2.8700        -2586.450    -2611.471       25.021   645.2
2.8750        -2586.393    -2611.721       25.328   653.2
2.8800        -2586.289    -2613.615       27.326   704.7
2.8850        -2586.160    -2613.671       27.511   709.5
2.8900        -2586.021    -2612.656       26.635   686.9
2.8950        -2585.860    -2612.790       26.929   694.4
2.9000        -2585.673    -2613.503       27.831   717.7
2.9050        -2585.473    -2613.325       27.851   718.2
2.9100        -2585.272    -2611.939       26.667   687.7
2.9150        -2585.054    -2612.172       27.119   699.3
2.9200        -2584.811    -2612.856       28.046   723.2
2.9250        -2584.563    -2613.007       28.444   733.5
2.9300        -2584.331    -2614.018       29.688   765.6
2.9350        -2584.137    -2614.671       30.534   787.4
2.9400        -2584.005    -2613.185       29.180   752.5
2.9450        -2583.919    -2611.861       27.942   720.6
2.9500        -2583.852    -2612.743       28.892   745.1
2.9550        -2583.819    -2614.131       30.312   781.7
2.9600        -2583.850    -2614.076       30.226   779.5
2.9650        -2583.958    -2614.426       30.467   785.7
2.9700        -2584.157    -2614.930       30.773   793.6
2.9750        -2584.439    -2613.193       28.754   741.5
2.9800        -2584.749    -2611.631       26.881   693.2
2.9850        -2585.076    -2613.217       28.141   725.7
2.9900        -2585.449    -2615.000       29.551   762.1
2.9950        -2585.868    -2614.719       28.851   744.0
3.0000        -2586.291    -2614.025       27.734   715.2
3.0050        -2586.681    -2613.849       27.168   700.6
3.0100        -2587.023    -2614.114       27.090   698.6
3.0150        -2587.315    -2614.127       26.813   691.4
3.0200        -2587.551    -2614.147       26.596   685.9
3.0250        -2587.743    -2615.125       27.382   706.1
3.0300        -2587.916    -2615.908       27.992   721.9
3.0350        -2588.069    -2614.733       26.664   687.6
3.0400        -2588.183    -2613.270       25.087   646.9
3.0450        -2588.249    -2613.521       25.272   651.7
3.0500        -2588.276    -2614.650       26.375   680.1
3.0550        -2588.282    -2614.547       26.265   677.3
3.0600        -2588.275    -2614.844       26.569   685.2
3.0650        -2588.260    -2615.745       27.485   708.8
3.0700        -2588.248    -2615.311       27.063   697.9
3.0750        -2588.234    -2614.097       25.863   667.0
3.0800        -2588.195    -2613.203       25.008   644.9
3.0850        -2588.124    -2613.601       25.477   657.0
3.0900        -2588.019    -2614.193       26.174   675.0
3.0950        -2587.892    -2614.089       26.197   675.6
3.1000        -2587.745    -2614.405       26.660   687.5
3.1050        -2587.584    -2614.563       26.980   695.7
3.1100        -2587.419    -2614.813       27.394   706.4
3.1150        -2587.252    -2614.070       26.818   691.6
3.1200        -2587.081    -2612.962       25.882   667.4
3.1250        -2586.889    -2612.876       25.987   670.1
3.1300        -2586.672    -2613.652       26.980   695.8
3.1350        -2586.439    -2613.878       27.439   707.6
3.1400        -2586.208    -2613.813       27.604   711.9
3.1450        -2585.988    -2614.201       28.213   727.6
3.1500        -2585.786    -2614.678       28.892   745.1
3.1550        -2585.618    -2614.337       28.719   740.6
3.1600        -2585.486    -2613.464       27.977   721.5
3.1650        -2585.376    -2612.744       27.368   705.8
3.1700        -2585.274    -2613.407       28.133   725.5
3.1750        -2585.189    -2614.298       29.109   750.7
3.1800        -2585.140    -2614.403       29.263   754.6
3.1850        -2585.134    -2614.097       28.963   746.9
3.1900        -2585.168    -2613.171       28.003   722.1
3.1950        -2585.220    -2612.351       27.130   699.6
3.2000        -2585.280    -2612.860       27.580   711.2
3.2050        -2585.362    -2614.456       29.094   750.3
3.2100        -2585.502    -2614.816       29.313   755.9
3.2150        -2585.708    -2613.723       28.015   722.4
3.2200        -2585.973    -2613.357       27.384   706.2
3.2250        -2586.300    -2613.254       26.953   695.1
3.2300        -2586.682    -2612.584       25.901   667.9
3.2350        -2587.091    -2612.084       24.994   644.5
3.2400        -2587.504    -2612.319       24.815   639.9
3.2450        -2587.910    -2613.374       25.464   656.7
3.2500        -2588.313    -2614.568       26.255   677.1
3.2550        -2588.687    -2614.191       25.504   657.7
3.2600        -2589.001    -2613.774       24.773   638.8
3.2650        -2589.251    -2614.144       24.893   641.9
3.2700        -2589.432    -2614.003       24.571   633.6
3.2750        -2589.556    -2614.523       24.967   643.8
3.2800        -2589.627    -2614.754       25.127   648.0
3.2850        -2589.656    -2615.157       25.500   657.6
3.2900        -2589.654    -2615.951       26.297   678.1
3.2950        -2589.634    -2615.769       26.134   673.9
3.3000        -2589.597    -2614.862       25.265   651.5
3.3050        -2589.531    -2614.848       25.317   652.9
3.3100        -2589.440    -2616.483       27.043   697.4
3.3150        -2589.347    -2617.456       28.109   724.9
3.3200        -2589.274    -2616.198       26.924   694.3
3.3250        -2589.206    -2615.559       26.353   679.6
3.3300        -2589.134    -2616.637       27.503   709.2
3.3350        -2589.069    -2616.834       27.765   716.0
3.3400        -2589.015    -2615.366       26.351   679.5
3.3450        -2588.955    -2614.574       25.618   660.6
3.3500        -2588.870    -2614.122       25.252   651.2
3.3550        -2588.758    -2614.203       25.445   656.2
3.3600        -2588.618    -2615.362       26.744   689.7
3.3650        -2588.472    -2616.836       28.364   731.5
3.3700        -2588.351    -2617.613       29.262   754.6
3.3750        -2588.277    -2616.813       28.536   735.9
3.3800        -2588.237    -2615.411       27.174   700.8
3.3850        -2588.202    -2614.793       26.592   685.7
3.3900        -2588.162    -2614.766       26.603   686.0
3.3950        -2588.112    -2614.698       26.586   685.6
3.4000        -2588.056    -2615.425       27.369   705.8
3.4050        -2588.007    -2616.135       28.128   725.3
3.4100        -2587.973    -2614.968       26.995   696.2
3.4150        -2587.943    -2614.588       26.645   687.1
3.4200        -2587.908    -2615.219       27.311   704.3
3.4250        -2587.873    -2614.815       26.942   694.8
3.4300        -2587.841    -2614.615       26.774   690.5
3.4350        -2587.804    -2615.108       27.304   704.1
3.4400        -2587.772    -2615.207       27.436   707.5
3.4450        -2587.745    -2614.457       26.712   688.8
3.4500        -2587.715    -2614.673       26.958   695.2
3.4550        -2587.686    -2615.327       27.641   712.8
3.4600        -2587.666    -2614.864       27.198   701.4
3.4650        -2587.650    -2614.697       27.047   697.5
3.4700        -2587.637    -2614.956       27.319   704.5
3.4750        -2587.628    -2615.113       27.485   708.8
3.4800        -2587.626    -2614.729       27.104   698.9
3.4850        -2587.623    -2614.206       26.583   685.5
3.4900        -2587.614    -2614.680       27.065   698.0
3.4950        -2587.605    -2615.010       27.405   706.7
3.5000        -2587.601    -2615.083       27.482   708.7
3.5050        -2587.606    -2615.301       27.696   714.2
3.5100        -2587.617    -2614.927       27.310   704.3
3.5150        -2587.630    -2614.319       26.688   688.2
3.5200        -2587.631    -2613.674       26.043   671.6
3.5250        -2587.616    -2614.678       27.062   697.9
3.5300        -2587.601    -2616.335       28.734   741.0
3.5350        -2587.613    -2615.581       27.969   721.2
3.5400        -2587.635    -2613.400       25.765   664.4
3.5450        -2587.638    -2612.656       25.018   645.2
3.5500        -2587.600    -2612.744       25.144   648.4
3.5550        -2587.527    -2613.359       25.833   666.2
3.5600        -2587.428    -2613.970       26.542   684.5
3.5650        -2587.313    -2613.809       26.496   683.3
3.5700        -2587.186    -2613.468       26.282   677.8
3.5750        -2587.042    -2613.171       26.129   673.8
3.5800        -2586.879    -2613.192       26.314   678.6
3.5850        -2586.695    -2613.571       26.876   693.1
3.5900        -2586.500    -2614.107       27.607   711.9
3.5950        -2586.306    -2614.652       28.346   731.0
3.6000        -2586.129    -2614.342       28.213   727.6
3.6050        -2585.977    -2614.519       28.542   736.0
3.6100        -2585.850    -2614.973       29.124   751.0
3.6150        -2585.761    -2614.934       29.173   752.3
3.6200        -2585.709    -2614.366       28.657   739.0
3.6250        -2585.696    -2614.547       28.851   744.0
3.6300        -2585.715    -2614.294       28.579   737.0
3.6350        -2585.765    -2614.099       28.334   730.7
3.6400        -2585.850    -2614.590       28.740   741.1
3.6450        -2585.979    -2614.917       28.938   746.2
3.6500        -2586.161    -2614.712       28.551   736.3
3.6550        -2586.394    -2614.117       27.724   714.9
3.6600        -2586.663    -2613.786       27.123   699.4
3.6650        -2586.961    -2613.430       26.469   682.6
3.6700        -2587.269    -2613.254       25.986   670.1
3.6750        -2587.589    -2614.134       26.545   684.5
3.6800        -2587.935    -2615.298       27.363   705.6
3.6850        -2588.309    -2615.702       27.392   706.4
3.6900        -2588.690    -2615.207       26.517   683.8
3.6950        -2589.039    -2614.373       25.334   653.3
3.7000        -2589.334    -2614.518       25.184   649.4
3.7050        -2589.588    -2616.047       26.459   682.3
3.7100        -2589.810    -2616.390       26.579   685.4
3.7150        -2589.998    -2616.757       26.759   690.1
3.7200        -2590.168    -2617.995       27.826   717.6
3.7250        -2590.331    -2617.931       27.600   711.7
3.7300        -2590.473    -2616.837       26.364   679.9
3.7350        -2590.581    -2616.538       25.957   669.4
3.7400        -2590.657    -2617.495       26.839   692.1
3.7450        -2590.717    -2617.849       27.132   699.7
3.7500        -2590.762    -2616.717       25.956   669.3
3.7550        -2590.781    -2616.382       25.601   660.2
3.7600        -2590.773    -2616.690       25.917   668.3
3.7650        -2590.740    -2616.613       25.873   667.2
3.7700        -2590.691    -2616.989       26.298   678.2
3.7750        -2590.631    -2617.539       26.907   693.9
3.7800        -2590.570    -2617.033       26.463   682.4
3.7850        -2590.505    -2617.082       26.577   685.4
3.7900        -2590.436    -2617.631       27.195   701.3
3.7950        -2590.370    -2617.362       26.992   696.1
3.8000        -2590.302    -2615.804       25.502   657.6
3.8050        -2590.216    -2615.021       24.805   639.7
3.8100        -2590.095    -2615.836       25.742   663.8
3.8150        -2589.948    -2616.961       27.012   696.6
3.8200        -2589.801    -2617.957       28.155   726.1
3.8250        -2589.678    -2618.623       28.944   746.4
3.8300        -2589.589    -2617.332       27.743   715.4
3.8350        -2589.521    -2615.932       26.412   681.1
3.8400        -2589.450    -2616.552       27.102   698.9
3.8450        -2589.376    -2616.838       27.462   708.2
3.8500        -2589.304    -2615.675       26.370   680.0
3.8550        -2589.224    -2614.513       25.289   652.1
3.8600        -2589.116    -2615.193       26.077   672.5
3.8650        -2588.982    -2616.253       27.270   703.2
3.8700        -2588.843    -2616.275       27.433   707.4
3.8750        -2588.709    -2615.436       26.727   689.2
3.8800        -2588.570    -2614.951       26.380   680.3
3.8850        -2588.416    -2615.232       26.817   691.5
3.8900        -2588.248    -2614.833       26.585   685.6
3.8950        -2588.066    -2614.085       26.018   671.0
3.9000        -2587.861    -2614.672       26.811   691.4
3.9050        -2587.633    -2615.229       27.596   711.7
3.9100        -2587.400    -2614.724       27.324   704.6
3.9150        -2587.166    -2615.269       28.103   724.7
3.9200        -2586.937    -2616.054       29.116   750.8
3.9250        -2586.732    -2615.219       28.487   734.6
3.9300        -2586.552    -2613.870       27.318   704.5
3.9350        -2586.372    -2613.293       26.921   694.2
3.9400        -2586.173    -2613.622       27.450   707.9
3.9450        -2585.953    -2614.044       28.091   724.4
3.9500        -2585.722    -2614.455       28.733   741.0
3.9550        -2585.488    -2614.411       28.923   745.9
3.9600        -2585.247    -2612.919       27.672   713.6
3.9650        -2584.977    -2611.614       26.637   686.9
3.9700        -2584.633    -2611.159       26.526   684.1
3.9750        -2584.185    -2610.602       26.417   681.2
3.9800        -2583.611    -2612.347       28.736   741.0
3.9850        -2582.944    -2612.982       30.037   774.6
3.9900        -2582.323    -2611.273       28.950   746.6
3.9950        -2581.802    -2610.281       28.478   734.4
4.0000        -2581.376    -2610.654       29.278   755.0
4.0050        -2581.054    -2611.283       30.230   779.6
4.0100        -2580.847    -2611.333       30.486   786.2
4.0150        -2580.745    -2611.102       30.357   782.8
4.0200        -2580.726    -2610.910       30.184   778.4
4.0250        -2580.773    -2611.071       30.298   781.3
4.0300        -2580.878    -2610.834       29.956   772.5
4.0350        -2581.027    -2610.241       29.214   753.4
4.0400        -2581.198    -2609.876       28.678   739.5
4.0450        -2581.391    -2610.927       29.536   761.7
4.0500        -2581.622    -2611.771       30.148   777.5
4.0550        -2581.899    -2611.993       30.094   776.1
4.0600        -2582.216    -2611.868       29.652   764.7
4.0650        -2582.549    -2610.951       28.402   732.4
4.0700        -2582.858    -2610.039       27.181   700.9
4.0750        -2583.143    -2611.198       28.056   723.5
4.0800        -2583.424    -2612.191       28.767   741.8
4.0850        -2583.708    -2612.178       28.471   734.2
4.0900        -2583.988    -2612.825       28.837   743.6
4.0950        -2584.285    -2614.374       30.089   775.9
4.1000        -2584.614    -2614.262       29.648   764.6
4.1050        -2584.936    -2612.725       27.788   716.6
4.1100        -2585.233    -2613.458       28.225   727.9
4.1150        -2585.529    -2614.708       29.179   752.5
4.1200        -2585.821    -2613.822       28.002   722.1
4.1250        -2586.092    -2613.883       27.791   716.7
4.1300        -2586.355    -2615.093       28.738   741.1
4.1350        -2586.623    -2615.353       28.730   740.9
4.1400        -2586.898    -2615.659       28.761   741.7
4.1450        -2587.177    -2615.597       28.420   732.9
4.1500        -2587.446    -2615.191       27.746   715.5
4.1550        -2587.702    -2615.222       27.520   709.7
4.1600        -2587.937    -2614.715       26.778   690.6
4.1650        -2588.137    -2614.346       26.209   675.9
4.1700        -2588.315    -2615.743       27.428   707.3
4.1750        -2588.488    -2616.196       27.708   714.5
4.1800        -2588.655    -2615.382       26.728   689.3
4.1850        -2588.807    -2615.468       26.660   687.5
4.1900        -2588.942    -2615.365       26.423   681.4
4.1950        -2589.053    -2614.459       25.406   655.2
4.2000        -2589.124    -2613.593       24.469   631.0
4.2050        -2589.149    -2614.341       25.192   649.7
4.2100        -2589.139    -2615.898       26.759   690.1
4.2150        -2589.119    -2616.235       27.116   699.3
4.2200        -2589.096    -2615.984       26.888   693.4
4.2250        -2589.072    -2616.754       27.682   713.8
4.2300        -2589.056    -2616.984       27.928   720.2
4.2350        -2589.051    -2615.922       26.871   692.9
4.2400        -2589.041    -2614.653       25.612   660.5
4.2450        -2589.005    -2614.613       25.608   660.4
4.2500        -2588.936    -2614.858       25.923   668.5
4.2550        -2588.833    -2614.458       25.625   660.8
4.2600        -2588.695    -2615.142       26.448   682.0
4.2650        -2588.525    -2616.404       27.880   719.0
4.2700        -2588.343    -2616.169       27.827   717.6
4.2750        -2588.159    -2614.925       26.765   690.2
4.2800        -2587.960    -2615.154       27.195   701.3
4.2850        -2587.737    -2615.797       28.060   723.6
4.2900        -2587.505    -2615.179       27.674   713.7
4.2950        -2587.270    -2614.912       27.642   712.8
4.3000        -2587.025    -2615.405       28.381   731.9
4.3050        -2586.778    -2614.663       27.885   719.1
4.3100        -2586.538    -2613.444       26.906   693.9
4.3150        -2586.285    -2613.148       26.864   692.8
4.3200        -2586.007    -2613.948       27.941   720.5
4.3250        -2585.722    -2615.021       29.299   755.6
4.3300        -2585.459    -2614.490       29.031   748.6
4.3350        -2585.234    -2613.566       28.332   730.6
4.3400        -2585.034    -2613.215       28.181   726.7
4.3450        -2584.848    -2612.951       28.103   724.7
4.3500        -2584.679    -2613.167       28.488   734.6
4.3550        -2584.527    -2613.532       29.006   748.0
4.3600        -2584.405    -2613.294       28.889   745.0
4.3650        -2584.314    -2612.735       28.421   732.9
4.3700        -2584.245    -2612.400       28.154   726.0
4.3750        -2584.194    -2612.394       28.200   727.2
4.3800        -2584.161    -2612.739       28.578   737.0
4.3850        -2584.152    -2612.275       28.123   725.2
4.3900        -2584.160    -2611.394       27.234   702.3
4.3950        -2584.179    -2611.903       27.723   714.9
4.4000        -2584.216    -2612.491       28.276   729.2
4.4050        -2584.287    -2612.913       28.626   738.2
4.4100        -2584.417    -2613.605       29.188   752.7
4.4150        -2584.630    -2614.176       29.546   761.9
4.4200        -2584.947    -2614.170       29.223   753.6
4.4250        -2585.353    -2613.346       27.993   721.9
4.4300        -2585.814    -2613.667       27.852   718.3
4.4350        -2586.310    -2614.138       27.828   717.6
4.4400        -2586.796    -2613.601       26.805   691.3
4.4450        -2587.225    -2613.359       26.134   673.9
4.4500        -2587.598    -2614.391       26.793   690.9
4.4550        -2587.920    -2614.604       26.684   688.1
4.4600        -2588.187    -2614.320       26.133   673.9
4.4650        -2588.406    -2615.233       26.826   691.8
4.4700        -2588.608    -2616.423       27.815   717.3
4.4750        -2588.799    -2615.724       26.925   694.3
4.4800        -2588.959    -2614.614       25.655   661.6
4.4850        -2589.087    -2615.534       26.447   682.0
4.4900        -2589.201    -2616.845       27.644   712.9
4.4950        -2589.315    -2616.646       27.331   704.8
4.5000        -2589.427    -2615.692       26.264   677.3
4.5050        -2589.517    -2615.121       25.604   660.3
4.5100        -2589.579    -2615.555       25.976   669.9
4.5150        -2589.622    -2616.516       26.894   693.5
4.5200        -2589.653    -2615.939       26.287   677.9
4.5250        -2589.671    -2615.780       26.109   673.3
4.5300        -2589.669    -2616.037       26.368   680.0
4.5350        -2589.650    -2615.373       25.724   663.4
4.5400        -2589.602    -2614.730       25.127   648.0
4.5450        -2589.518    -2615.106       25.588   659.9
4.5500        -2589.399    -2615.060       25.662   661.8
4.5550        -2589.243    -2613.864       24.621   634.9
4.5600        -2589.040    -2613.853       24.814   639.9
4.5650        -2588.775    -2615.127       26.352   679.6
4.5700        -2588.468    -2615.980       27.512   709.5
4.5750        -2588.156    -2615.811       27.655   713.2
4.5800        -2587.857    -2615.003       27.146   700.0
4.5850        -2587.573    -2613.479       25.907   668.1
4.5900        -2587.289    -2611.903       24.614   634.8
4.5950        -2586.986    -2612.642       25.657   661.6
4.6000        -2586.664    -2614.102       27.438   707.6
4.6050        -2586.363    -2614.481       28.118   725.1
4.6100        -2586.114    -2614.551       28.437   733.3
4.6150        -2585.921    -2614.266       28.345   731.0
4.6200        -2585.779    -2614.014       28.235   728.1
4.6250        -2585.677    -2613.573       27.896   719.4
4.6300        -2585.605    -2613.663       28.058   723.6
4.6350        -2585.563    -2614.646       29.083   750.0
4.6400        -2585.560    -2615.052       29.491   760.5
4.6450        -2585.604    -2615.031       29.427   758.9
4.6500        -2585.690    -2614.730       29.039   748.9
4.6550        -2585.808    -2614.723       28.914   745.6
4.6600        -2585.956    -2614.951       28.996   747.7
4.6650        -2586.131    -2615.287       29.156   751.9
4.6700        -2586.341    -2615.759       29.418   758.6
4.6750        -2586.581    -2615.520       28.939   746.3
4.6800        -2586.832    -2614.523       27.691   714.1
4.6850        -2587.063    -2613.466       26.403   680.9
4.6900        -2587.256    -2613.289       26.032   671.3
4.6950        -2587.411    -2613.599       26.189   675.3
4.7000        -2587.536    -2614.123       26.587   685.6
4.7050        -2587.641    -2614.544       26.902   693.8
4.7100        -2587.737    -2614.885       27.149   700.1
4.7150        -2587.825    -2615.505       27.680   713.8
4.7200        -2587.921    -2616.055       28.134   725.5
4.7250        -2588.025    -2615.580       27.556   710.6
4.7300        -2588.136    -2616.353       28.217   727.7
4.7350        -2588.265    -2616.731       28.467   734.1
4.7400        -2588.400    -2615.012       26.612   686.3
4.7450        -2588.515    -2614.376       25.861   666.9
4.7500        -2588.604    -2615.003       26.399   680.8
4.7550        -2588.675    -2615.233       26.558   684.9
4.7600        -2588.731    -2615.097       26.366   679.9
4.7650        -2588.774    -2615.561       26.787   690.8
4.7700        -2588.804    -2615.308       26.505   683.5
4.7750        -2588.820    -2614.501       25.682   662.3
4.7800        -2588.806    -2613.710       24.904   642.2
4.7850        -2588.755    -2613.520       24.766   638.7
4.7900        -2588.660    -2614.002       25.342   653.5
4.7950        -2588.527    -2614.928       26.401   680.8
4.8000        -2588.374    -2615.770       27.396   706.5
4.8050        -2588.219    -2615.315       27.096   698.7
4.8100        -2588.062    -2614.182       26.120   673.6
4.8150        -2587.886    -2613.996       26.109   673.3
4.8200        -2587.686    -2614.658       26.971   695.5
4.8250        -2587.466    -2614.562       27.096   698.7
4.8300        -2587.239    -2615.748       28.509   735.2
4.8350        -2587.016    -2616.398       29.382   757.7
4.8400        -2586.827    -2616.070       29.243   754.1
4.8450        -2586.676    -2615.735       29.059   749.4
4.8500        -2586.556    -2614.796       28.240   728.3
4.8550        -2586.450    -2614.508       28.058   723.5
4.8600        -2586.353    -2615.341       28.988   747.5
4.8650        -2586.269    -2615.074       28.806   742.8
4.8700        -2586.206    -2614.971       28.765   741.8
4.8750        -2586.167    -2615.647       29.480   760.2
4.8800        -2586.163    -2614.193       28.031   722.8
4.8850        -2586.177    -2611.993       25.816   665.7
4.8900        -2586.175    -2612.114       25.939   668.9
4.8950        -2586.149    -2613.277       27.128   699.6
4.9000        -2586.110    -2614.325       28.215   727.6
4.9050        -2586.091    -2615.704       29.612   763.6
4.9100        -2586.118    -2614.850       28.732   740.9
4.9150        -2586.176    -2613.282       27.106   699.0
4.9200        -2586.246    -2613.827       27.581   711.3
4.9250        -2586.331    -2614.472       28.141   725.7
4.9300        -2586.443    -2614.814       28.372   731.6
4.9350        -2586.588    -2615.132       28.545   736.1
4.9400        -2586.767    -2615.087       28.320   730.3
4.9450        -2586.973    -2615.088       28.115   725.0
4.9500        -2587.210    -2615.670       28.460   733.9
4.9550        -2587.472    -2614.977       27.505   709.3
4.9600        -2587.723    -2613.667       25.944   669.0
4.9650        -2587.948    -2613.654       25.706   662.9
4.9700        -2588.142    -2614.130       25.988   670.2
4.9750        -2588.313    -2614.630       26.317   678.7
4.9800        -2588.473    -2615.741       27.267   703.2
4.9850        -2588.637    -2616.060       27.423   707.2
4.9900        -2588.801    -2615.935       27.134   699.7
4.9950        -2588.967    -2616.190       27.224   702.0
5.0000        -2589.132    -2615.567       26.435   681.7
Time[ps]      Etot[eV]     Epot[eV]     Ekin[eV]    T[K]
0.0000        -3097.443    -3131.477       34.034   731.4
0.0050        -3097.455    -3130.290       32.836   705.6
0.0100        -3097.469    -3128.958       31.489   676.7
0.0150        -3097.471    -3129.877       32.407   696.4
0.0200        -3097.468    -3130.673       33.205   713.6
0.0250        -3097.474    -3130.284       32.810   705.1
0.0300        -3097.489    -3130.666       33.177   713.0
0.0350        -3097.518    -3130.824       33.306   715.7
0.0400        -3097.559    -3130.180       32.621   701.0
0.0450        -3097.608    -3129.959       32.351   695.2
0.0500        -3097.655    -3129.583       31.928   686.1
0.0550        -3097.694    -3129.390       31.696   681.1
0.0600        -3097.725    -3129.414       31.689   681.0
0.0650        -3097.741    -3129.440       31.700   681.2
0.0700        -3097.741    -3129.867       32.127   690.4
0.0750        -3097.734    -3130.353       32.620   701.0
0.0800        -3097.721    -3130.484       32.763   704.1
0.0850        -3097.714    -3131.099       33.385   717.4
0.0900        -3097.726    -3132.382       34.656   744.8
0.0950        -3097.785    -3131.925       34.140   733.7
0.1000        -3097.883    -3130.382       32.499   698.4
0.1050        -3097.996    -3130.145       32.148   690.9
0.1100        -3098.120    -3130.343       32.223   692.5
0.1150        -3098.249    -3130.464       32.216   692.3
0.1200        -3098.383    -3130.249       31.867   684.8
0.1250        -3098.516    -3130.160       31.644   680.0
0.1300        -3098.646    -3130.644       31.998   687.6
0.1350        -3098.778    -3131.814       33.036   709.9
0.1400        -3098.933    -3132.810       33.878   728.0
0.1450        -3099.127    -3132.911       33.784   726.0
0.1500        -3099.357    -3133.076       33.719   724.6
0.1550        -3099.623    -3133.381       33.758   725.5
0.1600        -3099.923    -3133.227       33.304   715.7
0.1650        -3100.231    -3132.606       32.375   695.7
0.1700        -3100.534    -3132.313       31.779   682.9
0.1750        -3100.818    -3132.867       32.049   688.7
0.1800        -3101.093    -3134.011       32.919   707.4
0.1850        -3101.368    -3134.227       32.860   706.1
0.1900        -3101.636    -3133.638       32.002   687.7
0.1950        -3101.869    -3132.110       30.241   649.9
0.2000        -3102.041    -3131.138       29.098   625.3
0.2050        -3102.152    -3132.565       30.413   653.6
0.2100        -3102.222    -3133.396       31.174   669.9
0.2150        -3102.257    -3132.510       30.253   650.1
0.2200        -3102.253    -3132.589       30.336   651.9
0.2250        -3102.210    -3134.022       31.812   683.6
0.2300        -3102.146    -3133.980       31.833   684.1
0.2350        -3102.068    -3133.759       31.691   681.0
0.2400        -3101.971    -3134.213       32.242   692.9
0.2450        -3101.858    -3133.196       31.338   673.4
0.2500        -3101.720    -3133.056       31.336   673.4
0.2550        -3101.557    -3134.850       33.293   715.5
0.2600        -3101.384    -3135.010       33.626   722.6
0.2650        -3101.220    -3132.887       31.667   680.5
0.2700        -3101.041    -3132.162       31.121   668.8
0.2750        -3100.819    -3131.771       30.952   665.2
0.2800        -3100.549    -3131.850       31.301   672.7
0.2850        -3100.231    -3133.622       33.391   717.6
0.2900        -3099.886    -3134.052       34.166   734.2
0.2950        -3099.560    -3132.962       33.402   717.8
0.3000        -3099.250    -3132.630       33.379   717.3
0.3050        -3098.946    -3132.739       33.793   726.2
0.3100        -3098.661    -3132.852       34.191   734.8
0.3150        -3098.407    -3132.719       34.312   737.4
0.3200        -3098.189    -3131.184       32.995   709.1
0.3250        -3097.988    -3129.669       31.682   680.8
0.3300        -3097.780    -3129.842       32.062   689.0
0.3350        -3097.560    -3131.858       34.298   737.1
0.3400        -3097.362    -3132.248       34.887   749.7
0.3450        -3097.212    -3131.378       34.166   734.2
0.3500        -3097.103    -3132.075       34.972   751.5
0.3550        -3097.044    -3132.951       35.907   771.6
0.3600        -3097.047    -3131.811       34.764   747.1
0.3650        -3097.107    -3131.853       34.746   746.7
0.3700        -3097.219    -3132.877       35.658   766.3
0.3750        -3097.404    -3132.790       35.386   760.4
0.3800        -3097.653    -3131.582       33.929   729.1
0.3850        -3097.943    -3131.071       33.129   711.9
0.3900        -3098.266    -3130.543       32.277   693.6
0.3950        -3098.599    -3129.985       31.386   674.5
0.4000        -3098.952    -3131.488       32.536   699.2
0.4050        -3099.369    -3133.827       34.458   740.5
0.4100        -3099.870    -3133.499       33.629   722.7
0.4150        -3100.400    -3131.941       31.540   677.8
0.4200        -3100.912    -3132.341       31.429   675.4
0.4250        -3101.405    -3134.446       33.041   710.0
0.4300        -3101.864    -3134.972       33.108   711.5
0.4350        -3102.247    -3134.481       32.233   692.7
0.4400        -3102.528    -3134.205       31.677   680.7
0.4450        -3102.706    -3133.301       30.595   657.5
0.4500        -3102.795    -3133.320       30.525   656.0
0.4550        -3102.835    -3135.388       32.553   699.6
0.4600        -3102.860    -3135.694       32.834   705.6
0.4650        -3102.882    -3134.996       32.114   690.1
0.4700        -3102.895    -3134.821       31.926   686.1
0.4750        -3102.892    -3134.846       31.954   686.7
0.4800        -3102.880    -3135.510       32.630   701.2
0.4850        -3102.870    -3136.424       33.554   721.1
0.4900        -3102.879    -3136.055       33.177   713.0
0.4950        -3102.897    -3134.920       32.024   688.2
0.5000        -3102.903    -3133.669       30.766   661.2
0.5050        -3102.874    -3132.599       29.725   638.8
0.5100        -3102.798    -3133.536       30.738   660.6
0.5150        -3102.681    -3134.941       32.260   693.3
0.5200        -3102.550    -3135.348       32.798   704.8
0.5250        -3102.416    -3135.631       33.214   713.8
0.5300        -3102.292    -3136.013       33.721   724.7
0.5350        -3102.190    -3136.280       34.090   732.6
0.5400        -3102.113    -3135.492       33.379   717.3
0.5450        -3102.049    -3133.866       31.816   683.7
0.5500        -3101.976    -3133.164       31.188   670.2
0.5550        -3101.874    -3133.524       31.650   680.2
0.5600        -3101.747    -3133.461       31.714   681.5
0.5650        -3101.596    -3133.192       31.596   679.0
0.5700        -3101.422    -3133.457       32.034   688.4
0.5750        -3101.228    -3133.103       31.875   685.0
0.5800        -3101.015    -3132.598       31.584   678.7
0.5850        -3100.778    -3133.402       32.624   701.1
0.5900        -3100.527    -3133.407       32.879   706.6
0.5950        -3100.279    -3133.655       33.376   717.2
0.6000        -3100.043    -3134.518       34.474   740.8
0.6050        -3099.840    -3134.918       35.078   753.8
0.6100        -3099.685    -3133.972       34.286   736.8
0.6150        -3099.568    -3133.061       33.493   719.8
0.6200        -3099.474    -3133.754       34.281   736.7
0.6250        -3099.411    -3133.627       34.217   735.3
0.6300        -3099.373    -3132.100       32.726   703.3
0.6350        -3099.350    -3132.637       33.288   715.4
0.6400        -3099.337    -3133.113       33.776   725.8
0.6450        -3099.347    -3133.132       33.784   726.0
0.6500        -3099.386    -3133.328       33.942   729.4
0.6550        -3099.454    -3133.205       33.751   725.3
0.6600        -3099.555    -3132.908       33.353   716.7
0.6650        -3099.682    -3132.563       32.881   706.6
0.6700        -3099.834    -3133.067       33.233   714.2
0.6750        -3100.020    -3133.625       33.606   722.2
0.6800        -3100.253    -3134.063       33.811   726.6
0.6850        -3100.546    -3134.579       34.033   731.4
0.6900        -3100.905    -3134.651       33.745   725.2
0.6950        -3101.310    -3133.835       32.524   698.9
0.7000        -3101.739    -3134.545       32.806   705.0
0.7050        -3102.190    -3134.990       32.801   704.9
0.7100        -3102.610    -3133.167       30.557   656.7
0.7150        -3102.960    -3133.128       30.168   648.3
0.7200        -3103.254    -3134.946       31.692   681.0
0.7250        -3103.505    -3134.979       31.474   676.4
0.7300        -3103.704    -3134.858       31.154   669.5
0.7350        -3103.861    -3135.941       32.080   689.4
0.7400        -3103.995    -3136.425       32.430   696.9
0.7450        -3104.107    -3135.609       31.502   677.0
0.7500        -3104.187    -3134.951       30.764   661.1
0.7550        -3104.226    -3135.106       30.880   663.6
0.7600        -3104.231    -3135.496       31.264   671.9
0.7650        -3104.211    -3135.869       31.657   680.3
0.7700        -3104.177    -3136.129       31.952   686.6
0.7750        -3104.127    -3135.184       31.057   667.4
0.7800        -3104.057    -3134.843       30.786   661.6
0.7850        -3103.960    -3135.990       32.029   688.3
0.7900        -3103.855    -3135.967       32.112   690.1
0.7950        -3103.742    -3134.172       30.429   653.9
0.8000        -3103.605    -3134.064       30.459   654.6
0.8050        -3103.436    -3135.848       32.413   696.5
0.8100        -3103.259    -3136.488       33.229   714.1
0.8150        -3103.102    -3135.269       32.168   691.3
0.8200        -3102.952    -3134.711       31.759   682.5
0.8250        -3102.798    -3135.567       32.768   704.2
0.8300        -3102.647    -3134.871       32.224   692.5
0.8350        -3102.502    -3133.280       30.778   661.4
0.8400        -3102.342    -3133.045       30.704   659.8
0.8450        -3102.157    -3133.494       31.337   673.4
0.8500        -3101.958    -3133.076       31.118   668.7
0.8550        -3101.750    -3132.908       31.158   669.6
0.8600        -3101.536    -3133.591       32.055   688.9
0.8650        -3101.330    -3134.096       32.767   704.1
0.8700        -3101.147    -3134.273       33.125   711.9
0.8750        -3101.001    -3135.234       34.232   735.7
0.8800        -3100.910    -3136.044       35.134   755.0
0.8850        -3100.873    -3134.435       33.562   721.2
0.8900        -3100.862    -3133.075       32.212   692.2
0.8950        -3100.852    -3134.055       33.203   713.5
0.9000        -3100.854    -3133.796       32.943   707.9
0.9050        -3100.854    -3131.883       31.029   666.8
0.9100        -3100.833    -3132.097       31.264   671.9
0.9150        -3100.792    -3132.655       31.863   684.7
0.9200        -3100.738    -3131.911       31.173   669.9
0.9250        -3100.670    -3132.094       31.424   675.3
0.9300        -3100.586    -3132.965       32.379   695.8
0.9350        -3100.501    -3133.155       32.654   701.7
0.9400        -3100.424    -3133.572       33.147   712.3
0.9450        -3100.366    -3134.266       33.900   728.5
0.9500        -3100.333    -3133.707       33.375   717.2
0.9550        -3100.318    -3133.649       33.331   716.3
0.9600        -3100.324    -3134.442       34.118   733.2
0.9650        -3100.356    -3134.230       33.874   728.0
0.9700        -3100.411    -3133.337       32.926   707.6
0.9750        -3100.479    -3133.683       33.204   713.5
0.9800        -3100.557    -3133.748       33.192   713.3
0.9850        -3100.649    -3134.204       33.556   721.1
0.9900        -3100.766    -3135.063       34.296   737.0
0.9950        -3100.920    -3135.190       34.271   736.5
1.0000        -3101.118    -3134.793       33.676   723.7
1.0050        -3101.326    -3132.987       31.661   680.4
1.0100        -3101.524    -3133.205       31.680   680.8
1.0150        -3101.715    -3134.052       32.337   694.9
1.0200        -3101.905    -3134.399       32.493   698.3
1.0250        -3102.113    -3135.830       33.717   724.6
1.0300        -3102.363    -3136.568       34.205   735.1
1.0350        -3102.649    -3135.293       32.644   701.5
1.0400        -3102.932    -3133.411       30.479   655.0
1.0450        -3103.180    -3133.466       30.286   650.8
1.0500        -3103.414    -3135.619       32.205   692.1
1.0550        -3103.657    -3136.690       33.034   709.9
1.0600        -3103.917    -3136.328       32.412   696.5
1.0650        -3104.182    -3135.706       31.524   677.4
1.0700        -3104.436    -3135.242       30.807   662.0
1.0750        -3104.667    -3135.339       30.671   659.1
1.0800        -3104.877    -3135.722       30.844   662.8
1.0850        -3105.070    -3135.779       30.709   659.9
1.0900        -3105.239    -3135.439       30.201   649.0
1.0950        -3105.386    -3136.146       30.759   661.0
1.1000        -3105.522    -3136.816       31.295   672.5
1.1050        -3105.660    -3137.348       31.688   681.0
1.1100        -3105.811    -3137.353       31.542   677.8
1.1150        -3105.979    -3136.807       30.828   662.5
1.1200        -3106.161    -3136.637       30.476   654.9
1.1250        -3106.353    -3136.139       29.786   640.1
1.1300        -3106.547    -3136.837       30.290   650.9
1.1350        -3106.748    -3137.815       31.067   667.6
1.1400        -3106.960    -3137.473       30.514   655.7
1.1450        -3107.165    -3137.390       30.225   649.5
1.1500        -3107.357    -3138.416       31.059   667.5
1.1550        -3107.539    -3138.516       30.978   665.7
1.1600        -3107.697    -3137.556       29.858   641.6
1.1650        -3107.814    -3137.724       29.909   642.8
1.1700        -3107.895    -3138.549       30.654   658.8
1.1750        -3107.943    -3138.911       30.968   665.5
1.1800        -3107.958    -3138.707       30.749   660.8
1.1850        -3107.939    -3138.192       30.252   650.1
1.1900        -3107.876    -3138.318       30.443   654.2
1.1950        -3107.769    -3138.594       30.825   662.4
1.2000        -3107.621    -3138.079       30.458   654.5
1.2050        -3107.429    -3138.516       31.088   668.1
1.2100        -3107.193    -3138.512       31.319   673.0
1.2150        -3106.923    -3137.640       30.717   660.1
1.2200        -3106.624    -3136.886       30.263   650.3
1.2250        -3106.282    -3136.467       30.185   648.7
1.2300        -3105.904    -3137.632       31.728   681.8
1.2350        -3105.510    -3138.246       32.736   703.5
1.2400        -3105.139    -3137.173       32.034   688.4
1.2450        -3104.799    -3136.024       31.225   671.0
1.2500        -3104.474    -3136.418       31.945   686.5
1.2550        -3104.162    -3137.027       32.865   706.3
1.2600        -3103.883    -3135.981       32.097   689.8
1.2650        -3103.634    -3134.301       30.667   659.0
1.2700        -3103.388    -3134.193       30.805   662.0
1.2750        -3103.131    -3135.264       32.133   690.5
1.2800        -3102.879    -3135.482       32.603   700.6
1.2850        -3102.650    -3135.543       32.893   706.9
1.2900        -3102.443    -3135.905       33.462   719.1
1.2950        -3102.270    -3135.950       33.680   723.8
1.3000        -3102.127    -3135.165       33.038   710.0
1.3050        -3102.004    -3135.005       33.001   709.2
1.3100        -3101.901    -3135.778       33.876   728.0
1.3150        -3101.821    -3135.258       33.437   718.6
1.3200        -3101.761    -3134.975       33.213   713.7
1.3250        -3101.725    -3136.290       34.565   742.8
1.3300        -3101.721    -3135.928       34.207   735.1
1.3350        -3101.747    -3134.820       33.074   710.7
1.3400        -3101.789    -3134.684       32.895   706.9
1.3450        -3101.835    -3134.424       32.589   700.3
1.3500        -3101.888    -3134.736       32.849   705.9
1.3550        -3101.947    -3135.230       33.283   715.2
1.3600        -3102.024    -3135.645       33.621   722.5
1.3650        -3102.130    -3136.186       34.055   731.8
1.3700        -3102.271    -3136.019       33.747   725.2
1.3750        -3102.450    -3135.537       33.087   711.0
1.3800        -3102.646    -3134.789       32.143   690.8
1.3850        -3102.850    -3135.006       32.156   691.0
1.3900        -3103.063    -3135.442       32.379   695.8
1.3950        -3103.286    -3135.259       31.973   687.1
1.4000        -3103.517    -3135.405       31.889   685.3
1.4050        -3103.756    -3135.866       32.110   690.0
1.4100        -3104.006    -3136.117       32.112   690.1
1.4150        -3104.271    -3137.254       32.983   708.8
1.4200        -3104.571    -3138.049       33.477   719.4
1.4250        -3104.909    -3137.824       32.916   707.3
1.4300        -3105.261    -3137.118       31.857   684.6
1.4350        -3105.603    -3136.496       30.893   663.9
1.4400        -3105.904    -3136.130       30.226   649.5
1.4450        -3106.169    -3137.400       31.231   671.2
1.4500        -3106.416    -3138.919       32.503   698.5
1.4550        -3106.661    -3139.681       33.020   709.6
1.4600        -3106.909    -3139.747       32.838   705.7
1.4650        -3107.143    -3138.687       31.544   677.9
1.4700        -3107.330    -3136.739       29.409   632.0
1.4750        -3107.449    -3136.941       29.491   633.8
1.4800        -3107.515    -3138.182       30.668   659.0
1.4850        -3107.542    -3138.944       31.402   674.8
1.4900        -3107.545    -3139.378       31.833   684.1
1.4950        -3107.530    -3138.601       31.071   667.7
1.5000        -3107.489    -3137.216       29.728   638.8
1.5050        -3107.402    -3136.485       29.083   625.0
1.5100        -3107.265    -3136.922       29.657   637.3
1.5150        -3107.081    -3137.475       30.394   653.2
1.5200        -3106.875    -3137.431       30.556   656.6
1.5250        -3106.656    -3137.107       30.452   654.4
1.5300        -3106.432    -3137.386       30.955   665.2
1.5350        -3106.212    -3137.864       31.652   680.2
1.5400        -3106.017    -3138.418       32.401   696.3
1.5450        -3105.857    -3138.273       32.416   696.6
1.5500        -3105.732    -3138.261       32.528   699.0
1.5550        -3105.634    -3138.083       32.449   697.3
1.5600        -3105.554    -3137.301       31.748   682.3
1.5650        -3105.474    -3137.080       31.607   679.2
1.5700        -3105.395    -3137.819       32.424   696.8
1.5750        -3105.318    -3137.579       32.261   693.3
1.5800        -3105.244    -3136.989       31.745   682.2
1.5850        -3105.163    -3137.184       32.020   688.1
1.5900        -3105.075    -3136.971       31.896   685.4
1.5950        -3104.977    -3136.321       31.343   673.6
1.6000        -3104.862    -3136.064       31.202   670.5
1.6050        -3104.725    -3136.521       31.796   683.3
1.6100        -3104.574    -3137.241       32.666   702.0
1.6150        -3104.422    -3137.676       33.254   714.6
1.6200        -3104.284    -3138.425       34.141   733.7
1.6250        -3104.173    -3137.674       33.501   719.9
1.6300        -3104.082    -3135.998       31.915   685.9
1.6350        -3103.985    -3135.736       31.751   682.3
1.6400        -3103.870    -3136.448       32.578   700.1
1.6450        -3103.746    -3135.756       32.010   687.9
1.6500        -3103.611    -3134.769       31.158   669.6
1.6550        -3103.451    -3135.742       32.291   693.9
1.6600        -3103.268    -3136.193       32.925   707.6
1.6650        -3103.085    -3136.359       33.274   715.0
1.6700        -3102.907    -3136.541       33.634   722.8
1.6750        -3102.743    -3136.951       34.209   735.1
1.6800        -3102.608    -3137.437       34.829   748.5
1.6850        -3102.504    -3136.551       34.047   731.7
1.6900        -3102.434    -3135.529       33.094   711.2
1.6950        -3102.370    -3134.872       32.502   698.5
1.7000        -3102.301    -3134.420       32.119   690.2
1.7050        -3102.218    -3135.320       33.102   711.3
1.7100        -3102.136    -3136.443       34.307   737.3
1.7150        -3102.073    -3135.569       33.497   719.8
1.7200        -3102.025    -3135.434       33.409   717.9
1.7250        -3101.997    -3136.097       34.101   732.8
1.7300        -3101.986    -3134.396       32.410   696.5
1.7350        -3101.973    -3132.875       30.901   664.1
1.7400        -3101.931    -3134.112       32.181   691.6
1.7450        -3101.866    -3134.971       33.105   711.4
1.7500        -3101.796    -3134.315       32.519   698.8
1.7550        -3101.719    -3134.991       33.272   715.0
1.7600        -3101.641    -3136.156       34.515   741.7
1.7650        -3101.587    -3135.650       34.063   732.0
1.7700        -3101.560    -3135.089       33.529   720.5
1.7750        -3101.554    -3136.136       34.582   743.2
1.7800        -3101.588    -3135.809       34.221   735.4
1.7850        -3101.657    -3134.665       33.008   709.3
1.7900        -3101.750    -3135.320       33.569   721.4
1.7950        -3101.878    -3136.317       34.439   740.1
1.8000        -3102.058    -3136.280       34.222   735.4
1.8050        -3102.282    -3135.856       33.574   721.5
1.8100        -3102.546    -3135.921       33.374   717.2
1.8150        -3102.836    -3135.524       32.688   702.5
1.8200        -3103.129    -3135.299       32.170   691.3
1.8250        -3103.426    -3136.100       32.674   702.2
1.8300        -3103.728    -3136.311       32.583   700.2
1.8350        -3104.027    -3136.951       32.924   707.5
1.8400        -3104.339    -3138.267       33.928   729.1
1.8450        -3104.667    -3138.184       33.517   720.3
1.8500        -3104.991    -3137.482       32.491   698.2
1.8550        -3105.286    -3136.523       31.237   671.3
1.8600        -3105.529    -3136.003       30.475   654.9
1.8650        -3105.720    -3136.365       30.645   658.6
1.8700        -3105.868    -3137.332       31.464   676.2
1.8750        -3105.988    -3137.556       31.568   678.4
1.8800        -3106.076    -3136.668       30.592   657.4
1.8850        -3106.127    -3136.510       30.383   652.9
1.8900        -3106.138    -3137.124       30.987   665.9
1.8950        -3106.117    -3136.920       30.803   662.0
1.9000        -3106.061    -3136.762       30.702   659.8
1.9050        -3105.974    -3137.990       32.016   688.0
1.9100        -3105.867    -3138.633       32.765   704.1
1.9150        -3105.763    -3138.520       32.757   704.0
1.9200        -3105.657    -3137.917       32.260   693.3
1.9250        -3105.545    -3137.554       32.008   687.9
1.9300        -3105.419    -3137.895       32.476   697.9
1.9350        -3105.281    -3137.040       31.759   682.5
1.9400        -3105.123    -3135.751       30.628   658.2
1.9450        -3104.922    -3136.335       31.413   675.1
1.9500        -3104.676    -3138.866       34.190   734.7
1.9550        -3104.423    -3139.267       34.844   748.8
1.9600        -3104.199    -3137.826       33.627   722.6
1.9650        -3103.991    -3137.723       33.733   724.9
1.9700        -3103.789    -3138.145       34.357   738.3
1.9750        -3103.599    -3137.337       33.738   725.0
1.9800        -3103.420    -3136.896       33.476   719.4
1.9850        -3103.241    -3136.872       33.631   722.7
1.9900        -3103.055    -3136.748       33.693   724.1
1.9950        -3102.867    -3137.110       34.243   735.9
2.0000        -3102.679    -3136.440       33.760   725.5
2.0050        -3102.486    -3135.603       33.117   711.7
2.0100        -3102.271    -3135.578       33.308   715.8
2.0150        -3102.029    -3136.413       34.384   738.9
2.0200        -3101.771    -3136.755       34.983   751.8
2.0250        -3101.516    -3135.920       34.403   739.3
2.0300        -3101.268    -3135.228       33.961   729.8
2.0350        -3101.012    -3134.799       33.788   726.1
2.0400        -3100.750    -3135.354       34.603   743.6
2.0450        -3100.495    -3134.142       33.646   723.1
2.0500        -3100.248    -3132.485       32.238   692.8
2.0550        -3099.980    -3133.019       33.039   710.0
2.0600        -3099.690    -3134.103       34.414   739.5
2.0650        -3099.410    -3133.721       34.311   737.3
2.0700        -3099.159    -3132.856       33.697   724.2
2.0750        -3098.929    -3133.445       34.516   741.7
2.0800        -3098.724    -3134.394       35.670   766.6
2.0850        -3098.572    -3133.857       35.285   758.3
2.0900        -3098.473    -3132.943       34.471   740.8
2.0950        -3098.422    -3133.447       35.024   752.7
2.1000        -3098.415    -3133.032       34.618   743.9
2.1050        -3098.448    -3132.028       33.580   721.6
2.1100        -3098.514    -3132.420       33.906   728.6
2.1150        -3098.610    -3132.549       33.940   729.4
2.1200        -3098.744    -3132.529       33.786   726.1
2.1250        -3098.922    -3133.426       34.504   741.5
2.1300        -3099.165    -3133.728       34.563   742.8
2.1350        -3099.470    -3133.213       33.743   725.1
2.1400        -3099.825    -3133.802       33.977   730.2
2.1450        -3100.242    -3134.728       34.486   741.1
2.1500        -3100.711    -3134.838       34.128   733.4
2.1550        -3101.212    -3135.246       34.034   731.4
2.1600        -3101.714    -3135.661       33.947   729.5
2.1650        -3102.203    -3136.904       34.701   745.7
2.1700        -3102.667    -3137.331       34.664   744.9
2.1750        -3103.080    -3136.550       33.470   719.3
2.1800        -3103.412    -3135.721       32.308   694.3
2.1850        -3103.667    -3135.900       32.233   692.7
2.1900        -3103.867    -3136.275       32.408   696.5
2.1950        -3104.027    -3135.810       31.783   683.0
2.2000        -3104.144    -3135.046       30.902   664.1
2.2050        -3104.216    -3135.534       31.318   673.0
2.2100        -3104.264    -3136.867       32.603   700.6
2.2150        -3104.307    -3137.514       33.207   713.6
2.2200        -3104.356    -3136.787       32.431   696.9
2.2250        -3104.402    -3135.716       31.313   672.9
2.2300        -3104.420    -3134.343       29.923   643.0
2.2350        -3104.390    -3133.708       29.317   630.0
2.2400        -3104.303    -3134.670       30.367   652.6
2.2450        -3104.173    -3136.458       32.285   693.8
2.2500        -3104.024    -3136.137       32.113   690.1
2.2550        -3103.866    -3135.939       32.072   689.2
2.2600        -3103.698    -3136.565       32.867   706.3
2.2650        -3103.522    -3134.839       31.317   673.0
2.2700        -3103.333    -3133.625       30.293   651.0
2.2750        -3103.105    -3135.910       32.806   705.0
2.2800        -3102.856    -3137.299       34.443   740.2
2.2850        -3102.633    -3135.810       33.177   713.0
2.2900        -3102.433    -3134.776       32.342   695.0
2.2950        -3102.235    -3134.677       32.442   697.2
2.3000        -3102.029    -3134.220       32.190   691.8
2.3050        -3101.818    -3135.421       33.603   722.1
2.3100        -3101.619    -3136.075       34.456   740.5
2.3150        -3101.452    -3135.102       33.650   723.1
2.3200        -3101.314    -3135.785       34.471   740.8
2.3250        -3101.210    -3136.043       34.832   748.5
2.3300        -3101.148    -3135.039       33.891   728.3
2.3350        -3101.122    -3135.975       34.854   749.0
2.3400        -3101.142    -3137.125       35.982   773.3
2.3450        -3101.233    -3136.447       35.214   756.7
2.3500        -3101.392    -3136.001       34.609   743.7
2.3550        -3101.603    -3135.527       33.923   729.0
2.3600        -3101.850    -3134.437       32.587   700.3
2.3650        -3102.119    -3134.721       32.602   700.6
2.3700        -3102.415    -3135.056       32.641   701.5
2.3750        -3102.734    -3135.139       32.405   696.4
2.3800        -3103.066    -3135.096       32.029   688.3
2.3850        -3103.401    -3134.768       31.367   674.1
2.3900        -3103.727    -3135.110       31.383   674.4
2.3950        -3104.040    -3135.553       31.512   677.2
2.4000        -3104.333    -3135.806       31.473   676.3
2.4050        -3104.613    -3136.630       32.017   688.0
2.4100        -3104.876    -3136.914       32.038   688.5
2.4150        -3105.124    -3137.271       32.146   690.8
2.4200        -3105.358    -3137.203       31.845   684.3
2.4250        -3105.556    -3136.171       30.615   657.9
2.4300        -3105.708    -3136.214       30.505   655.6
2.4350        -3105.824    -3138.073       32.249   693.0
2.4400        -3105.924    -3138.383       32.459   697.5
2.4450        -3106.010    -3137.412       31.401   674.8
2.4500        -3106.068    -3136.590       30.522   655.9
2.4550        -3106.085    -3136.911       30.826   662.4
2.4600        -3106.068    -3137.221       31.153   669.5
2.4650        -3106.026    -3137.086       31.060   667.5
2.4700        -3105.962    -3137.257       31.295   672.5
2.4750        -3105.882    -3136.990       31.108   668.5
2.4800        -3105.793    -3137.374       31.582   678.7
2.4850        -3105.701    -3138.385       32.685   702.4
2.4900        -3105.621    -3137.552       31.931   686.2
2.4950        -3105.549    -3136.612       31.063   667.5
2.5000        -3105.472    -3136.462       30.990   666.0
2.5050        -3105.380    -3135.540       30.160   648.1
2.5100        -3105.271    -3136.610       31.339   673.5
2.5150        -3105.154    -3137.457       32.303   694.2
2.5200        -3105.048    -3137.752       32.703   702.8
2.5250        -3104.961    -3138.251       33.290   715.4
2.5300        -3104.895    -3137.938       33.043   710.1
2.5350        -3104.845    -3137.559       32.714   703.0
2.5400        -3104.805    -3137.049       32.245   692.9
2.5450        -3104.756    -3136.116       31.360   673.9
2.5500        -3104.692    -3136.134       31.442   675.7
2.5550        -3104.609    -3136.334       31.725   681.8
2.5600        -3104.508    -3135.572       31.065   667.6
2.5650        -3104.383    -3134.932       30.549   656.5
2.5700        -3104.223    -3135.172       30.948   665.1
2.5750        -3104.032    -3136.411       32.379   695.8
2.5800        -3103.825    -3137.112       33.287   715.3
2.5850        -3103.632    -3137.314       33.683   723.8
2.5900        -3103.459    -3137.815       34.356   738.3
2.5950        -3103.320    -3137.833       34.513   741.7
2.6000        -3103.219    -3136.737       33.518   720.3
2.6050        -3103.140    -3135.455       32.316   694.5
2.6100        -3103.057    -3135.096       32.040   688.5
2.6150        -3102.964    -3135.637       32.672   702.1
2.6200        -3102.868    -3135.517       32.649   701.6
2.6250        -3102.766    -3134.585       31.819   683.8
2.6300        -3102.647    -3133.915       31.268   671.9
2.6350        -3102.499    -3133.652       31.153   669.5
2.6400        -3102.309    -3132.327       30.017   645.1
2.6450        -3102.066    -3132.374       30.308   651.3
2.6500        -3101.753    -3133.817       32.064   689.0
2.6550        -3101.394    -3135.238       33.843   727.3
2.6600        -3101.028    -3136.385       35.357   759.8
2.6650        -3100.704    -3136.933       36.229   778.6
2.6700        -3100.455    -3137.113       36.657   787.8
2.6750        -3100.293    -3137.375       37.082   796.9
2.6800        -3100.230    -3136.601       36.371   781.6
2.6850        -3100.244    -3134.072       33.828   727.0
2.6900        -3100.291    -3133.324       33.033   709.9
2.6950        -3100.355    -3134.875       34.520   741.8
2.7000        -3100.472    -3136.216       35.744   768.1
2.7050        -3100.668    -3136.187       35.520   763.3
2.7100        -3100.943    -3135.350       34.407   739.4
2.7150        -3101.270    -3133.360       32.091   689.6
2.7200        -3101.598    -3131.794       30.196   648.9
2.7250        -3101.918    -3133.140       31.221   670.9
2.7300        -3102.254    -3134.291       32.037   688.5
2.7350        -3102.597    -3133.781       31.184   670.1
2.7400        -3102.942    -3134.735       31.793   683.2
2.7450        -3103.313    -3136.515       33.203   713.5
2.7500        -3103.712    -3136.302       32.590   700.4
2.7550        -3104.112    -3135.866       31.754   682.4
2.7600        -3104.486    -3135.791       31.305   672.7
2.7650        -3104.821    -3135.888       31.067   667.6
2.7700        -3105.104    -3135.984       30.880   663.6
2.7750        -3105.327    -3136.169       30.842   662.8
2.7800        -3105.496    -3136.840       31.344   673.6
2.7850        -3105.626    -3137.810       32.184   691.6
2.7900        -3105.729    -3137.571       31.842   684.3
2.7950        -3105.790    -3135.440       29.650   637.2
2.8000        -3105.792    -3134.789       28.997   623.1
2.8050        -3105.742    -3136.320       30.578   657.1
2.8100        -3105.661    -3136.706       31.045   667.1
2.8150        -3105.572    -3136.508       30.935   664.8
2.8200        -3105.472    -3137.595       32.123   690.3
2.8250        -3105.380    -3138.676       33.297   715.5
2.8300        -3105.310    -3138.841       33.531   720.6
2.8350        -3105.270    -3138.462       33.192   713.3
2.8400        -3105.240    -3137.007       31.768   682.7
2.8450        -3105.207    -3137.896       32.689   702.5
2.8500        -3105.177    -3139.062       33.885   728.2
2.8550        -3105.168    -3138.033       32.866   706.3
2.8600        -3105.168    -3137.182       32.014   688.0
2.8650        -3105.159    -3137.527       32.368   695.6
2.8700        -3105.143    -3136.910       31.767   682.7
2.8750        -3105.114    -3136.158       31.044   667.1
2.8800        -3105.055    -3135.944       30.888   663.8
2.8850        -3104.963    -3135.070       30.107   647.0
2.8900        -3104.827    -3135.933       31.106   668.5
2.8950        -3104.654    -3138.138       33.484   719.6
2.9000        -3104.476    -3137.786       33.310   715.8
2.9050        -3104.316    -3136.469       32.153   691.0
2.9100        -3104.150    -3135.909       31.759   682.5
2.9150        -3103.965    -3135.116       31.151   669.4
2.9200        -3103.748    -3134.247       30.499   655.4
2.9250        -3103.490    -3134.509       31.019   666.6
2.9300        -3103.187    -3135.389       32.202   692.0
2.9350        -3102.864    -3135.870       33.006   709.3
2.9400        -3102.546    -3135.738       33.192   713.3
2.9450        -3102.247    -3135.916       33.669   723.5
2.9500        -3101.978    -3136.640       34.661   744.9
2.9550        -3101.759    -3137.703       35.944   772.4
2.9600        -3101.615    -3137.230       35.615   765.4
2.9650        -3101.544    -3135.177       33.632   722.8
2.9700        -3101.497    -3133.299       31.802   683.4
2.9750        -3101.447    -3133.597       32.151   690.9
2.9800        -3101.389    -3134.909       33.520   720.3
2.9850        -3101.348    -3135.648       34.300   737.1
2.9900        -3101.343    -3135.522       34.180   734.5
2.9950        -3101.367    -3134.345       32.978   708.7
3.0000        -3101.397    -3133.124       31.726   681.8
3.0050        -3101.418    -3134.214       32.796   704.8
3.0100        -3101.442    -3134.840       33.398   717.7
3.0150        -3101.475    -3132.989       31.514   677.2
3.0200        -3101.496    -3132.675       31.180   670.0
3.0250        -3101.488    -3133.306       31.818   683.8
3.0300        -3101.462    -3133.322       31.860   684.7
3.0350        -3101.421    -3133.960       32.539   699.3
3.0400        -3101.374    -3134.589       33.215   713.8
3.0450        -3101.325    -3134.052       32.727   703.3
3.0500        -3101.276    -3134.141       32.866   706.3
3.0550        -3101.216    -3134.491       33.276   715.1
3.0600        -3101.145    -3133.648       32.503   698.5
3.0650        -3101.055    -3133.722       32.668   702.0
3.0700        -3100.937    -3134.654       33.717   724.6
3.0750        -3100.811    -3135.087       34.276   736.6
3.0800        -3100.687    -3134.271       33.583   721.7
3.0850        -3100.570    -3133.797       33.227   714.0
3.0900        -3100.449    -3133.835       33.387   717.5
3.0950        -3100.329    -3133.803       33.474   719.4
3.1000        -3100.220    -3134.984       34.764   747.1
3.1050        -3100.144    -3135.486       35.343   759.5
3.1100        -3100.117    -3134.364       34.248   736.0
3.1150        -3100.133    -3134.978       34.845   748.8
3.1200        -3100.206    -3135.858       35.652   766.2
3.1250        -3100.338    -3134.524       34.186   734.7
3.1300        -3100.510    -3133.910       33.400   717.8
3.1350        -3100.710    -3134.275       33.565   721.3
3.1400        -3100.926    -3133.340       32.414   696.6
3.1450        -3101.142    -3133.321       32.178   691.5
3.1500        -3101.357    -3133.941       32.583   700.2
3.1550        -3101.574    -3133.915       32.340   695.0
3.1600        -3101.784    -3133.419       31.634   679.8
3.1650        -3101.978    -3133.983       32.006   687.8
3.1700        -3102.167    -3134.829       32.662   701.9
3.1750        -3102.354    -3134.215       31.861   684.7
3.1800        -3102.523    -3133.503       30.980   665.8
3.1850        -3102.663    -3133.574       30.911   664.3
3.1900        -3102.774    -3134.322       31.548   678.0
3.1950        -3102.867    -3134.835       31.968   687.0
3.2000        -3102.952    -3135.002       32.049   688.7
3.2050        -3103.028    -3135.355       32.327   694.7
3.2100        -3103.105    -3135.823       32.718   703.1
3.2150        -3103.180    -3134.803       31.623   679.6
3.2200        -3103.245    -3134.982       31.737   682.0
3.2250        -3103.295    -3135.317       32.021   688.1
3.2300        -3103.335    -3135.066       31.731   681.9
3.2350        -3103.362    -3134.983       31.621   679.5
3.2400        -3103.376    -3135.621       32.245   692.9
3.2450        -3103.378    -3135.731       32.353   695.3
3.2500        -3103.380    -3135.375       31.995   687.6
3.2550        -3103.366    -3134.791       31.425   675.3
3.2600        -3103.332    -3135.333       32.002   687.7
3.2650        -3103.284    -3136.302       33.018   709.5
3.2700        -3103.232    -3136.690       33.459   719.0
3.2750        -3103.194    -3137.444       34.250   736.0
3.2800        -3103.188    -3137.442       34.255   736.1
3.2850        -3103.211    -3136.193       32.982   708.8
3.2900        -3103.249    -3134.973       31.724   681.7
3.2950        -3103.274    -3135.007       31.732   681.9
3.3000        -3103.293    -3136.599       33.306   715.7
3.3050        -3103.324    -3136.580       33.257   714.7
3.3100        -3103.369    -3135.024       31.655   680.3
3.3150        -3103.403    -3134.406       31.002   666.2
3.3200        -3103.418    -3135.138       31.720   681.6
3.3250        -3103.411    -3135.073       31.662   680.4
3.3300        -3103.381    -3134.578       31.197   670.4
3.3350        -3103.328    -3135.401       32.073   689.2
3.3400        -3103.252    -3135.611       32.359   695.4
3.3450        -3103.160    -3135.118       31.958   686.8
3.3500        -3103.051    -3136.640       33.588   721.8
3.3550        -3102.944    -3137.239       34.296   737.0
3.3600        -3102.857    -3135.606       32.749   703.8
3.3650        -3102.774    -3134.725       31.951   686.6
3.3700        -3102.680    -3135.989       33.308   715.8
3.3750        -3102.581    -3136.096       33.514   720.2
3.3800        -3102.495    -3135.488       32.992   709.0
3.3850        -3102.413    -3135.719       33.306   715.7
3.3900        -3102.342    -3136.677       34.334   737.8
3.3950        -3102.295    -3135.895       33.601   722.1
3.4000        -3102.266    -3134.679       32.413   696.6
3.4050        -3102.236    -3134.813       32.577   700.1
3.4100        -3102.205    -3135.668       33.463   719.1
3.4150        -3102.186    -3135.711       33.524   720.4
3.4200        -3102.189    -3135.717       33.529   720.5
3.4250        -3102.210    -3135.198       32.988   708.9
3.4300        -3102.236    -3134.187       31.950   686.6
3.4350        -3102.262    -3135.534       33.272   715.0
3.4400        -3102.305    -3136.547       34.242   735.9
3.4450        -3102.380    -3135.817       33.437   718.6
3.4500        -3102.483    -3135.030       32.547   699.4
3.4550        -3102.592    -3134.251       31.659   680.3
3.4600        -3102.692    -3133.544       30.852   663.0
3.4650        -3102.767    -3134.138       31.370   674.1
3.4700        -3102.831    -3134.962       32.132   690.5
3.4750        -3102.889    -3134.288       31.399   674.8
3.4800        -3102.924    -3134.096       31.172   669.9
3.4850        -3102.944    -3135.292       32.348   695.2
3.4900        -3102.953    -3134.482       31.529   677.6
3.4950        -3102.942    -3133.557       30.615   657.9
3.5000        -3102.899    -3134.201       31.302   672.7
3.5050        -3102.818    -3134.806       31.987   687.4
3.5100        -3102.714    -3135.859       33.145   712.3
3.5150        -3102.606    -3136.628       34.022   731.1
3.5200        -3102.519    -3137.128       34.609   743.7
3.5250        -3102.464    -3135.917       33.453   718.9
3.5300        -3102.420    -3134.640       32.220   692.4
3.5350        -3102.377    -3135.573       33.196   713.4
3.5400        -3102.330    -3134.707       32.377   695.8
3.5450        -3102.278    -3134.474       32.196   691.9
3.5500        -3102.215    -3135.038       32.823   705.4
3.5550        -3102.147    -3134.557       32.410   696.5
3.5600        -3102.068    -3133.712       31.644   680.0
3.5650        -3101.968    -3133.706       31.738   682.1
3.5700        -3101.839    -3134.443       32.605   700.7
3.5750        -3101.694    -3135.634       33.939   729.3
3.5800        -3101.557    -3135.597       34.040   731.5
3.5850        -3101.437    -3134.607       33.170   712.8
3.5900        -3101.326    -3134.867       33.542   720.8
3.5950        -3101.220    -3134.884       33.663   723.4
3.6000        -3101.125    -3134.015       32.890   706.8
3.6050        -3101.034    -3133.655       32.621   701.0
3.6100        -3100.933    -3133.654       32.721   703.2
3.6150        -3100.834    -3135.172       34.338   737.9
3.6200        -3100.752    -3135.586       34.834   748.6
3.6250        -3100.708    -3133.676       32.968   708.5
3.6300        -3100.673    -3132.729       32.057   688.9
3.6350        -3100.631    -3134.408       33.778   725.9
3.6400        -3100.603    -3134.470       33.867   727.8
3.6450        -3100.599    -3133.967       33.369   717.1
3.6500        -3100.618    -3134.605       33.987   730.4
3.6550        -3100.668    -3135.239       34.571   742.9
3.6600        -3100.768    -3135.042       34.274   736.5
3.6650        -3100.907    -3133.661       32.754   703.9
3.6700        -3101.062    -3132.712       31.650   680.2
3.6750        -3101.219    -3133.374       32.155   691.0
3.6800        -3101.379    -3133.375       31.996   687.6
3.6850        -3101.541    -3133.126       31.585   678.8
3.6900        -3101.700    -3133.317       31.618   679.5
3.6950        -3101.854    -3134.212       32.358   695.4
3.7000        -3102.030    -3136.324       34.294   737.0
3.7050        -3102.248    -3135.880       33.631   722.7
3.7100        -3102.506    -3135.598       33.093   711.2
3.7150        -3102.799    -3136.678       33.879   728.1
3.7200        -3103.133    -3136.961       33.828   727.0
3.7250        -3103.504    -3137.369       33.865   727.8
3.7300        -3103.905    -3137.519       33.614   722.4
3.7350        -3104.304    -3136.544       32.240   692.8
3.7400        -3104.666    -3136.192       31.526   677.5
3.7450        -3104.978    -3135.979       31.001   666.2
3.7500        -3105.227    -3135.258       30.030   645.3
3.7550        -3105.407    -3135.276       29.870   641.9
3.7600        -3105.523    -3135.889       30.365   652.5
3.7650        -3105.591    -3135.925       30.334   651.9
3.7700        -3105.613    -3135.634       30.021   645.1
3.7750        -3105.590    -3135.668       30.078   646.4
3.7800        -3105.521    -3135.475       29.954   643.7
3.7850        -3105.410    -3135.680       30.271   650.5
3.7900        -3105.261    -3136.911       31.650   680.2
3.7950        -3105.095    -3138.496       33.401   717.8
3.8000        -3104.943    -3138.290       33.347   716.6
3.8050        -3104.815    -3137.576       32.761   704.0
3.8100        -3104.698    -3136.980       32.282   693.7
3.8150        -3104.579    -3135.696       31.117   668.7
3.8200        -3104.444    -3135.387       30.943   665.0
3.8250        -3104.279    -3135.050       30.771   661.3
3.8300        -3104.088    -3134.807       30.719   660.1
3.8350        -3103.870    -3135.367       31.497   676.9
3.8400        -3103.632    -3135.790       32.158   691.1
3.8450        -3103.393    -3135.892       32.498   698.4
3.8500        -3103.165    -3135.964       32.799   704.8
3.8550        -3102.957    -3136.224       33.267   714.9
3.8600        -3102.776    -3136.592       33.816   726.7
3.8650        -3102.631    -3136.421       33.790   726.1
3.8700        -3102.527    -3136.699       34.172   734.4
3.8750        -3102.465    -3136.876       34.411   739.5
3.8800        -3102.443    -3136.228       33.785   726.0
3.8850        -3102.447    -3135.979       33.532   720.6
3.8900        -3102.472    -3136.415       33.943   729.4
3.8950        -3102.521    -3136.683       34.162   734.1
3.9000        -3102.591    -3135.753       33.161   712.6
3.9050        -3102.661    -3134.256       31.595   679.0
3.9100        -3102.699    -3133.081       30.383   652.9
3.9150        -3102.700    -3133.919       31.219   670.9
3.9200        -3102.673    -3134.714       32.041   688.6
3.9250        -3102.638    -3134.096       31.458   676.0
3.9300        -3102.592    -3134.541       31.949   686.6
3.9350        -3102.537    -3134.325       31.789   683.1
3.9400        -3102.473    -3133.409       30.936   664.8
3.9450        -3102.393    -3134.021       31.628   679.7
3.9500        -3102.303    -3135.082       32.779   704.4
3.9550        -3102.219    -3135.268       33.049   710.2
3.9600        -3102.160    -3135.706       33.546   720.9
3.9650        -3102.124    -3136.024       33.899   728.5
3.9700        -3102.112    -3135.531       33.419   718.2
3.9750        -3102.120    -3135.588       33.468   719.2
3.9800        -3102.147    -3135.997       33.850   727.4
3.9850        -3102.194    -3135.518       33.324   716.1
3.9900        -3102.252    -3135.362       33.110   711.5
3.9950        -3102.322    -3135.459       33.138   712.1
4.0000        -3102.398    -3135.171       32.773   704.3
4.0050        -3102.478    -3135.304       32.826   705.4
4.0100        -3102.557    -3134.639       32.082   689.4
4.0150        -3102.621    -3133.988       31.367   674.1
4.0200        -3102.666    -3134.464       31.798   683.3
4.0250        -3102.697    -3135.651       32.955   708.2
4.0300        -3102.739    -3137.178       34.439   740.1
4.0350        -3102.826    -3138.481       35.655   766.2
4.0400        -3102.981    -3138.539       35.558   764.1
4.0450        -3103.200    -3136.889       33.689   724.0
4.0500        -3103.441    -3135.225       31.784   683.0
4.0550        -3103.673    -3134.827       31.154   669.5
4.0600        -3103.888    -3134.871       30.982   665.8
4.0650        -3104.082    -3135.021       30.938   664.9
4.0700        -3104.261    -3135.885       31.624   679.6
4.0750        -3104.439    -3136.680       32.241   692.9
4.0800        -3104.629    -3136.873       32.244   692.9
4.0850        -3104.835    -3136.610       31.775   682.8
4.0900        -3105.051    -3136.991       31.939   686.4
4.0950        -3105.303    -3137.990       32.688   702.5
4.1000        -3105.592    -3137.254       31.662   680.4
4.1050        -3105.902    -3135.833       29.931   643.2
4.1100        -3106.215    -3136.513       30.298   651.1
4.1150        -3106.562    -3139.035       32.473   697.8
4.1200        -3106.983    -3140.090       33.106   711.4
4.1250        -3107.453    -3138.332       30.879   663.6
4.1300        -3107.891    -3136.239       28.348   609.2
4.1350        -3108.256    -3136.067       27.811   597.7
4.1400        -3108.543    -3136.594       28.050   602.8
4.1450        -3108.752    -3137.521       28.769   618.3
4.1500        -3108.895    -3138.578       29.683   637.9
4.1550        -3108.986    -3139.010       30.023   645.2
4.1600        -3109.030    -3138.803       29.772   639.8
4.1650        -3109.018    -3137.809       28.791   618.7
4.1700        -3108.942    -3137.783       28.842   619.8
4.1750        -3108.798    -3139.518       30.720   660.2
4.1800        -3108.603    -3140.743       32.140   690.7
4.1850        -3108.387    -3139.581       31.194   670.4
4.1900        -3108.151    -3137.630       29.478   633.5
4.1950        -3107.865    -3137.126       29.260   628.8
4.2000        -3107.514    -3138.076       30.562   656.8
4.2050        -3107.114    -3138.040       30.926   664.6
4.2100        -3106.708    -3138.082       31.374   674.2
4.2150        -3106.317    -3138.631       32.314   694.4
4.2200        -3105.973    -3138.457       32.484   698.1
4.2250        -3105.695    -3137.241       31.546   677.9
4.2300        -3105.470    -3135.813       30.342   652.1
4.2350        -3105.270    -3136.103       30.833   662.6
4.2400        -3105.088    -3137.775       32.687   702.4
4.2450        -3104.938    -3138.232       33.293   715.5
4.2500        -3104.832    -3137.972       33.140   712.2
4.2550        -3104.756    -3137.588       32.831   705.5
4.2600        -3104.695    -3136.911       32.216   692.3
4.2650        -3104.637    -3136.506       31.869   684.9
4.2700        -3104.568    -3136.012       31.443   675.7
4.2750        -3104.482    -3135.299       30.817   662.2
4.2800        -3104.370    -3135.468       31.098   668.3
4.2850        -3104.231    -3135.806       31.575   678.5
4.2900        -3104.071    -3134.509       30.439   654.1
4.2950        -3103.880    -3133.216       29.336   630.4
4.3000        -3103.640    -3134.568       30.928   664.6
4.3050        -3103.356    -3137.272       33.916   728.9
4.3100        -3103.084    -3137.627       34.543   742.3
4.3150        -3102.859    -3136.030       33.171   712.8
4.3200        -3102.660    -3135.384       32.724   703.2
4.3250        -3102.471    -3135.635       33.164   712.7
4.3300        -3102.294    -3135.547       33.252   714.6
4.3350        -3102.134    -3135.023       32.889   706.8
4.3400        -3101.984    -3134.300       32.317   694.5
4.3450        -3101.832    -3133.773       31.941   686.4
4.3500        -3101.671    -3134.627       32.956   708.2
4.3550        -3101.510    -3136.096       34.586   743.3
4.3600        -3101.385    -3136.973       35.587   764.8
4.3650        -3101.318    -3136.390       35.073   753.7
4.3700        -3101.306    -3136.045       34.740   746.6
4.3750        -3101.347    -3136.804       35.457   762.0
4.3800        -3101.447    -3136.361       34.914   750.3
4.3850        -3101.593    -3134.763       33.171   712.8
4.3900        -3101.763    -3134.880       33.118   711.7
4.3950        -3101.964    -3136.611       34.646   744.5
4.4000        -3102.220    -3136.387       34.167   734.2
4.4050        -3102.504    -3134.417       31.913   685.8
4.4100        -3102.780    -3134.163       31.382   674.4
4.4150        -3103.050    -3135.109       32.058   688.9
4.4200        -3103.316    -3135.139       31.823   683.9
4.4250        -3103.570    -3135.395       31.825   683.9
4.4300        -3103.821    -3136.455       32.634   701.3
4.4350        -3104.078    -3137.157       33.080   710.9
4.4400        -3104.353    -3138.026       33.673   723.6
4.4450        -3104.653    -3138.597       33.944   729.4
4.4500        -3104.968    -3138.027       33.059   710.4
4.4550        -3105.280    -3138.120       32.840   705.7
4.4600        -3105.583    -3138.723       33.140   712.2
4.4650        -3105.882    -3139.537       33.655   723.2
4.4700        -3106.172    -3139.458       33.286   715.3
4.4750        -3106.432    -3138.449       32.017   688.0
4.4800        -3106.641    -3137.971       31.329   673.3
4.4850        -3106.798    -3138.416       31.618   679.5
4.4900        -3106.910    -3138.816       31.906   685.7
4.4950        -3106.988    -3138.890       31.902   685.6
4.5000        -3107.047    -3138.890       31.843   684.3
4.5050        -3107.074    -3136.913       29.839   641.2
4.5100        -3107.048    -3135.373       28.325   608.7
4.5150        -3106.968    -3137.082       30.114   647.2
4.5200        -3106.849    -3138.651       31.802   683.4
4.5250        -3106.720    -3137.444       30.724   660.3
4.5300        -3106.581    -3136.741       30.160   648.1
4.5350        -3106.417    -3137.886       31.469   676.3
4.5400        -3106.240    -3138.080       31.840   684.2
4.5450        -3106.067    -3138.302       32.235   692.7
4.5500        -3105.899    -3138.211       32.311   694.4
4.5550        -3105.737    -3137.059       31.322   673.1
4.5600        -3105.567    -3136.469       30.902   664.1
4.5650        -3105.376    -3137.232       31.855   684.6
4.5700        -3105.178    -3137.896       32.717   703.1
4.5750        -3104.991    -3138.511       33.521   720.4
4.5800        -3104.828    -3138.908       34.080   732.4
4.5850        -3104.695    -3137.388       32.692   702.6
4.5900        -3104.576    -3136.587       32.011   687.9
4.5950        -3104.458    -3137.782       33.324   716.1
4.6000        -3104.350    -3138.585       34.235   735.7
4.6050        -3104.277    -3138.852       34.575   743.0
4.6100        -3104.247    -3138.764       34.517   741.8
4.6150        -3104.254    -3138.113       33.859   727.6
4.6200        -3104.285    -3136.763       32.478   698.0
4.6250        -3104.313    -3135.643       31.330   673.3
4.6300        -3104.327    -3136.740       32.414   696.6
4.6350        -3104.337    -3137.755       33.418   718.1
4.6400        -3104.358    -3137.323       32.965   708.4
4.6450        -3104.394    -3137.437       33.043   710.1
4.6500        -3104.446    -3137.884       33.438   718.6
4.6550        -3104.517    -3136.847       32.330   694.8
4.6600        -3104.584    -3134.866       30.282   650.8
4.6650        -3104.620    -3135.445       30.825   662.4
4.6700        -3104.632    -3138.068       33.436   718.5
4.6750        -3104.662    -3138.373       33.712   724.5
4.6800        -3104.713    -3136.668       31.955   686.7
4.6850        -3104.761    -3135.893       31.131   669.0
4.6900        -3104.799    -3137.085       32.286   693.8
4.6950        -3104.836    -3137.419       32.584   700.2
4.7000        -3104.877    -3136.561       31.684   680.9
4.7050        -3104.909    -3136.755       31.845   684.4
4.7100        -3104.937    -3137.175       32.238   692.8
4.7150        -3104.953    -3135.889       30.935   664.8
4.7200        -3104.942    -3135.853       30.911   664.3
4.7250        -3104.901    -3137.452       32.551   699.5
4.7300        -3104.846    -3137.009       32.163   691.2
4.7350        -3104.776    -3135.727       30.952   665.1
4.7400        -3104.671    -3136.005       31.334   673.4
4.7450        -3104.531    -3136.452       31.921   686.0
4.7500        -3104.363    -3135.819       31.456   676.0
4.7550        -3104.169    -3135.990       31.821   683.8
4.7600        -3103.942    -3136.730       32.788   704.6
4.7650        -3103.706    -3137.075       33.369   717.1
4.7700        -3103.476    -3136.642       33.166   712.7
4.7750        -3103.254    -3135.810       32.556   699.6
4.7800        -3103.029    -3135.282       32.252   693.1
4.7850        -3102.798    -3135.452       32.653   701.7
4.7900        -3102.561    -3136.029       33.469   719.2
4.7950        -3102.336    -3136.201       33.866   727.8
4.8000        -3102.138    -3135.834       33.696   724.1
4.8050        -3101.962    -3135.322       33.361   716.9
4.8100        -3101.805    -3135.192       33.387   717.5
4.8150        -3101.657    -3134.001       32.343   695.1
4.8200        -3101.512    -3133.854       32.342   695.0
4.8250        -3101.359    -3134.870       33.511   720.1
4.8300        -3101.215    -3134.769       33.555   721.1
4.8350        -3101.088    -3134.569       33.481   719.5
4.8400        -3100.979    -3135.725       34.746   746.7
4.8450        -3100.913    -3136.581       35.668   766.5
4.8500        -3100.898    -3134.419       33.520   720.3
4.8550        -3100.905    -3132.734       31.830   684.0
4.8600        -3100.912    -3134.891       33.980   730.2
4.8650        -3100.945    -3135.424       34.479   741.0
4.8700        -3101.010    -3133.671       32.661   701.9
4.8750        -3101.096    -3134.995       33.899   728.5
4.8800        -3101.227    -3136.595       35.369   760.1
4.8850        -3101.428    -3135.238       33.809   726.6
4.8900        -3101.663    -3133.155       31.493   676.8
4.8950        -3101.906    -3133.686       31.780   682.9
4.9000        -3102.173    -3135.440       33.267   714.9
4.9050        -3102.486    -3135.686       33.200   713.5
4.9100        -3102.833    -3134.898       32.066   689.1
4.9150        -3103.197    -3135.504       32.308   694.3
4.9200        -3103.580    -3136.580       32.999   709.2
4.9250        -3103.980    -3136.481       32.500   698.4
4.9300        -3104.366    -3136.289       31.923   686.0
4.9350        -3104.724    -3136.879       32.154   691.0
4.9400        -3105.058    -3137.875       32.817   705.2
4.9450        -3105.380    -3138.637       33.257   714.7
4.9500        -3105.671    -3137.847       32.175   691.4
4.9550        -3105.919    -3137.738       31.819   683.8
4.9600        -3106.124    -3138.120       31.996   687.6
4.9650        -3106.282    -3137.311       31.028   666.8
4.9700        -3106.394    -3136.767       30.373   652.7
4.9750        -3106.452    -3137.020       30.568   656.9
4.9800        -3106.468    -3137.173       30.705   659.8
4.9850        -3106.448    -3137.304       30.855   663.1
4.9900        -3106.397    -3137.128       30.731   660.4
4.9950        -3106.324    -3137.549       31.224   671.0
5.0000        -3106.225    -3136.910       30.684   659.4
Time[ps]      Etot[eV]     Epot[eV]     Ekin[eV]    T[K]
0.0000        -3095.751    -3130.751       35.000   752.1
0.0050        -3095.784    -3131.200       35.416   761.1
0.0100        -3095.871    -3130.487       34.617   743.9
0.0150        -3096.001    -3129.345       33.344   716.6
0.0200        -3096.147    -3128.740       32.593   700.4
0.0250        -3096.296    -3128.558       32.262   693.3
0.0300        -3096.443    -3128.491       32.048   688.7
0.0350        -3096.582    -3127.953       31.370   674.1
0.0400        -3096.707    -3128.377       31.670   680.6
0.0450        -3096.826    -3129.699       32.873   706.4
0.0500        -3096.959    -3129.578       32.618   701.0
0.0550        -3097.099    -3129.121       32.022   688.1
0.0600        -3097.248    -3130.361       33.114   711.6
0.0650        -3097.437    -3131.728       34.292   736.9
0.0700        -3097.677    -3130.797       33.120   711.8
0.0750        -3097.936    -3128.440       30.504   655.5
0.0800        -3098.188    -3128.633       30.445   654.3
0.0850        -3098.435    -3129.728       31.293   672.5
0.0900        -3098.689    -3129.511       30.822   662.4
0.0950        -3098.935    -3129.486       30.551   656.5
0.1000        -3099.176    -3129.848       30.673   659.1
0.1050        -3099.405    -3129.938       30.533   656.2
0.1100        -3099.628    -3130.908       31.280   672.2
0.1150        -3099.863    -3132.090       32.227   692.5
0.1200        -3100.121    -3131.612       31.492   676.8
0.1250        -3100.369    -3129.712       29.343   630.6
0.1300        -3100.575    -3129.268       28.694   616.6
0.1350        -3100.740    -3130.259       29.519   634.4
0.1400        -3100.856    -3129.089       28.233   606.7
0.1450        -3100.904    -3128.264       27.360   588.0
0.1500        -3100.873    -3130.151       29.278   629.2
0.1550        -3100.767    -3131.898       31.131   669.0
0.1600        -3100.603    -3131.385       30.782   661.5
0.1650        -3100.381    -3131.529       31.148   669.4
0.1700        -3100.092    -3132.499       32.407   696.4
0.1750        -3099.753    -3131.039       31.286   672.3
0.1800        -3099.373    -3130.113       30.741   660.6
0.1850        -3098.927    -3131.484       32.558   699.7
0.1900        -3098.442    -3132.510       34.068   732.1
0.1950        -3097.993    -3131.527       33.535   720.7
0.2000        -3097.599    -3130.178       32.579   700.1
0.2050        -3097.251    -3129.985       32.734   703.4
0.2100        -3096.940    -3129.123       32.183   691.6
0.2150        -3096.666    -3128.611       31.945   686.5
0.2200        -3096.414    -3128.873       32.460   697.6
0.2250        -3096.187    -3129.482       33.295   715.5
0.2300        -3096.000    -3130.299       34.299   737.1
0.2350        -3095.862    -3130.369       34.507   741.5
0.2400        -3095.779    -3129.973       34.194   734.8
0.2450        -3095.734    -3129.484       33.750   725.3
0.2500        -3095.719    -3129.439       33.719   724.6
0.2550        -3095.727    -3129.168       33.441   718.6
0.2600        -3095.753    -3129.557       33.804   726.4
0.2650        -3095.806    -3129.837       34.031   731.3
0.2700        -3095.883    -3129.452       33.569   721.4
0.2750        -3095.974    -3128.696       32.722   703.2
0.2800        -3096.068    -3129.212       33.144   712.2
0.2850        -3096.187    -3131.271       35.084   753.9
0.2900        -3096.354    -3131.375       35.022   752.6
0.2950        -3096.565    -3130.350       33.785   726.0
0.3000        -3096.794    -3129.905       33.110   711.5
0.3050        -3097.041    -3130.565       33.524   720.4
0.3100        -3097.298    -3130.502       33.205   713.6
0.3150        -3097.557    -3129.237       31.680   680.8
0.3200        -3097.776    -3128.223       30.447   654.3
0.3250        -3097.968    -3130.415       32.447   697.3
0.3300        -3098.153    -3131.521       33.368   717.1
0.3350        -3098.341    -3130.849       32.508   698.6
0.3400        -3098.522    -3130.889       32.367   695.6
0.3450        -3098.698    -3131.933       33.235   714.2
0.3500        -3098.880    -3132.578       33.699   724.2
0.3550        -3099.082    -3133.439       34.357   738.3
0.3600        -3099.315    -3133.854       34.539   742.2
0.3650        -3099.561    -3131.853       32.292   694.0
0.3700        -3099.766    -3130.122       30.356   652.3
0.3750        -3099.917    -3130.916       30.999   666.2
0.3800        -3100.034    -3132.442       32.408   696.4
0.3850        -3100.135    -3133.389       33.254   714.6
0.3900        -3100.241    -3134.406       34.164   734.2
0.3950        -3100.366    -3134.818       34.452   740.4
0.4000        -3100.509    -3134.170       33.662   723.4
0.4050        -3100.647    -3133.256       32.609   700.8
0.4100        -3100.757    -3132.590       31.834   684.1
0.4150        -3100.843    -3133.482       32.639   701.4
0.4200        -3100.918    -3134.424       33.506   720.0
0.4250        -3100.997    -3133.982       32.985   708.8
0.4300        -3101.062    -3132.348       31.285   672.3
0.4350        -3101.095    -3131.774       30.679   659.3
0.4400        -3101.093    -3132.492       31.399   674.8
0.4450        -3101.070    -3133.039       31.969   687.0
0.4500        -3101.036    -3132.518       31.482   676.5
0.4550        -3100.984    -3131.737       30.753   660.9
0.4600        -3100.908    -3132.401       31.493   676.8
0.4650        -3100.816    -3133.076       32.261   693.3
0.4700        -3100.721    -3133.313       32.591   700.4
0.4750        -3100.633    -3133.358       32.726   703.3
0.4800        -3100.551    -3133.783       33.231   714.1
0.4850        -3100.487    -3133.792       33.305   715.7
0.4900        -3100.436    -3132.641       32.206   692.1
0.4950        -3100.382    -3132.725       32.342   695.0
0.5000        -3100.324    -3132.398       32.074   689.3
0.5050        -3100.254    -3131.176       30.922   664.5
0.5100        -3100.159    -3131.455       31.295   672.5
0.5150        -3100.036    -3132.956       32.920   707.4
0.5200        -3099.910    -3133.026       33.116   711.7
0.5250        -3099.788    -3132.171       32.384   695.9
0.5300        -3099.665    -3132.194       32.529   699.0
0.5350        -3099.531    -3131.819       32.288   693.9
0.5400        -3099.388    -3130.618       31.231   671.1
0.5450        -3099.211    -3130.536       31.325   673.2
0.5500        -3098.998    -3133.128       34.130   733.4
0.5550        -3098.781    -3132.829       34.048   731.7
0.5600        -3098.583    -3130.175       31.591   678.9
0.5650        -3098.365    -3130.094       31.729   681.8
0.5700        -3098.105    -3130.995       32.890   706.8
0.5750        -3097.814    -3130.896       33.082   710.9
0.5800        -3097.509    -3130.985       33.476   719.4
0.5850        -3097.189    -3131.025       33.836   727.1
0.5900        -3096.869    -3131.996       35.127   754.9
0.5950        -3096.565    -3132.222       35.657   766.3
0.6000        -3096.302    -3131.365       35.063   753.5
0.6050        -3096.083    -3131.573       35.489   762.7
0.6100        -3095.903    -3131.117       35.213   756.7
0.6150        -3095.770    -3131.338       35.569   764.4
0.6200        -3095.687    -3131.565       35.878   771.0
0.6250        -3095.660    -3129.939       34.279   736.6
0.6300        -3095.674    -3129.088       33.413   718.1
0.6350        -3095.714    -3129.696       33.982   730.3
0.6400        -3095.798    -3130.380       34.582   743.2
0.6450        -3095.957    -3131.312       35.355   759.8
0.6500        -3096.221    -3131.267       35.046   753.1
0.6550        -3096.596    -3130.503       33.907   728.7
0.6600        -3097.054    -3130.215       33.161   712.6
0.6650        -3097.578    -3130.799       33.220   713.9
0.6700        -3098.137    -3131.306       33.170   712.8
0.6750        -3098.695    -3131.555       32.860   706.1
0.6800        -3099.197    -3130.604       31.408   674.9
0.6850        -3099.609    -3131.335       31.726   681.8
0.6900        -3099.972    -3133.518       33.546   720.9
0.6950        -3100.299    -3133.266       32.967   708.4
0.7000        -3100.578    -3132.654       32.075   689.3
0.7050        -3100.820    -3133.751       32.931   707.7
0.7100        -3101.046    -3134.381       33.335   716.4
0.7150        -3101.255    -3133.633       32.378   695.8
0.7200        -3101.436    -3133.181       31.744   682.2
0.7250        -3101.597    -3134.298       32.701   702.7
0.7300        -3101.748    -3134.524       32.776   704.4
0.7350        -3101.889    -3133.738       31.848   684.4
0.7400        -3102.013    -3133.301       31.288   672.4
0.7450        -3102.104    -3132.265       30.161   648.1
0.7500        -3102.145    -3131.508       29.362   631.0
0.7550        -3102.133    -3132.779       30.646   658.6
0.7600        -3102.087    -3134.848       32.760   704.0
0.7650        -3102.037    -3134.465       32.429   696.9
0.7700        -3101.978    -3132.003       30.025   645.2
0.7750        -3101.879    -3130.953       29.074   624.8
0.7800        -3101.715    -3132.202       30.486   655.2
0.7850        -3101.496    -3133.705       32.209   692.2
0.7900        -3101.250    -3134.149       32.898   707.0
0.7950        -3101.004    -3134.650       33.646   723.0
0.8000        -3100.770    -3134.997       34.227   735.5
0.8050        -3100.562    -3134.871       34.309   737.3
0.8100        -3100.392    -3135.248       34.856   749.0
0.8150        -3100.264    -3134.788       34.524   741.9
0.8200        -3100.176    -3133.973       33.797   726.3
0.8250        -3100.114    -3134.389       34.274   736.6
0.8300        -3100.089    -3135.521       35.431   761.4
0.8350        -3100.123    -3135.503       35.380   760.3
0.8400        -3100.215    -3134.549       34.334   737.8
0.8450        -3100.359    -3135.056       34.697   745.6
0.8500        -3100.559    -3134.897       34.337   737.9
0.8550        -3100.803    -3133.512       32.709   702.9
0.8600        -3101.079    -3133.916       32.837   705.7
0.8650        -3101.379    -3133.402       32.023   688.2
0.8700        -3101.679    -3132.267       30.589   657.3
0.8750        -3101.958    -3132.479       30.521   655.9
0.8800        -3102.216    -3132.972       30.756   660.9
0.8850        -3102.450    -3132.898       30.447   654.3
0.8900        -3102.662    -3133.512       30.849   662.9
0.8950        -3102.856    -3134.208       31.352   673.8
0.9000        -3103.040    -3134.634       31.595   679.0
0.9050        -3103.218    -3135.042       31.823   683.9
0.9100        -3103.401    -3135.816       32.414   696.6
0.9150        -3103.601    -3136.354       32.753   703.9
0.9200        -3103.815    -3135.002       31.187   670.2
0.9250        -3104.017    -3133.506       29.489   633.7
0.9300        -3104.182    -3133.332       29.150   626.4
0.9350        -3104.306    -3133.783       29.477   633.5
0.9400        -3104.388    -3134.198       29.809   640.6
0.9450        -3104.434    -3134.652       30.217   649.4
0.9500        -3104.444    -3135.035       30.590   657.4
0.9550        -3104.411    -3134.552       30.141   647.7
0.9600        -3104.322    -3134.463       30.141   647.7
0.9650        -3104.159    -3134.525       30.366   652.6
0.9700        -3103.911    -3135.213       31.302   672.7
0.9750        -3103.580    -3135.332       31.752   682.4
0.9800        -3103.184    -3134.951       31.767   682.7
0.9850        -3102.734    -3134.563       31.830   684.0
0.9900        -3102.257    -3133.488       31.231   671.2
0.9950        -3101.771    -3132.492       30.721   660.2
1.0000        -3101.286    -3133.467       32.181   691.6
1.0050        -3100.821    -3134.069       33.248   714.5
1.0100        -3100.421    -3133.393       32.972   708.6
1.0150        -3100.091    -3133.089       32.998   709.1
1.0200        -3099.811    -3134.108       34.297   737.0
1.0250        -3099.591    -3134.688       35.098   754.2
1.0300        -3099.439    -3133.324       33.885   728.2
1.0350        -3099.333    -3132.179       32.846   705.9
1.0400        -3099.247    -3132.648       33.401   717.8
1.0450        -3099.177    -3132.871       33.694   724.1
1.0500        -3099.130    -3132.614       33.484   719.6
1.0550        -3099.108    -3132.514       33.406   717.9
1.0600        -3099.105    -3132.926       33.821   726.8
1.0650        -3099.122    -3132.549       33.427   718.3
1.0700        -3099.157    -3132.193       33.036   709.9
1.0750        -3099.206    -3132.900       33.695   724.1
1.0800        -3099.278    -3133.356       34.077   732.3
1.0850        -3099.384    -3133.579       34.194   734.8
1.0900        -3099.534    -3134.139       34.605   743.6
1.0950        -3099.729    -3134.026       34.297   737.0
1.1000        -3099.965    -3133.434       33.469   719.2
1.1050        -3100.220    -3132.981       32.761   704.0
1.1100        -3100.487    -3133.414       32.927   707.6
1.1150        -3100.765    -3133.245       32.480   698.0
1.1200        -3101.029    -3132.268       31.239   671.3
1.1250        -3101.265    -3132.786       31.521   677.4
1.1300        -3101.496    -3134.590       33.095   711.2
1.1350        -3101.727    -3133.934       32.207   692.1
1.1400        -3101.940    -3133.138       31.198   670.4
1.1450        -3102.131    -3134.596       32.464   697.7
1.1500        -3102.317    -3135.032       32.714   703.0
1.1550        -3102.496    -3133.945       31.449   675.8
1.1600        -3102.647    -3133.138       30.492   655.3
1.1650        -3102.752    -3133.191       30.440   654.1
1.1700        -3102.823    -3134.195       31.372   674.2
1.1750        -3102.871    -3134.766       31.895   685.4
1.1800        -3102.904    -3134.373       31.469   676.3
1.1850        -3102.916    -3134.498       31.582   678.7
1.1900        -3102.916    -3136.278       33.361   716.9
1.1950        -3102.929    -3137.122       34.193   734.8
1.2000        -3102.972    -3136.202       33.231   714.1
1.2050        -3103.035    -3135.828       32.793   704.7
1.2100        -3103.112    -3136.525       33.413   718.0
1.2150        -3103.218    -3136.859       33.641   722.9
1.2200        -3103.360    -3136.230       32.870   706.4
1.2250        -3103.540    -3136.402       32.863   706.2
1.2300        -3103.769    -3136.734       32.965   708.4
1.2350        -3104.050    -3135.937       31.887   685.2
1.2400        -3104.373    -3135.582       31.208   670.7
1.2450        -3104.736    -3136.324       31.588   678.8
1.2500        -3105.143    -3136.809       31.666   680.5
1.2550        -3105.575    -3136.999       31.424   675.3
1.2600        -3106.015    -3137.433       31.418   675.2
1.2650        -3106.439    -3137.434       30.996   666.1
1.2700        -3106.817    -3137.009       30.192   648.8
1.2750        -3107.130    -3136.981       29.852   641.5
1.2800        -3107.373    -3136.664       29.291   629.5
1.2850        -3107.534    -3136.063       28.529   613.1
1.2900        -3107.617    -3136.662       29.045   624.2
1.2950        -3107.637    -3137.725       30.088   646.6
1.3000        -3107.611    -3138.277       30.666   659.0
1.3050        -3107.550    -3138.216       30.666   659.0
1.3100        -3107.456    -3137.968       30.512   655.7
1.3150        -3107.324    -3137.056       29.733   639.0
1.3200        -3107.149    -3137.034       29.885   642.2
1.3250        -3106.929    -3137.426       30.497   655.4
1.3300        -3106.674    -3136.185       29.511   634.2
1.3350        -3106.386    -3135.146       28.760   618.1
1.3400        -3106.053    -3136.220       30.167   648.3
1.3450        -3105.689    -3137.675       31.986   687.4
1.3500        -3105.344    -3136.665       31.321   673.1
1.3550        -3105.039    -3135.336       30.297   651.1
1.3600        -3104.754    -3136.186       31.432   675.5
1.3650        -3104.492    -3135.694       31.202   670.5
1.3700        -3104.258    -3134.423       30.165   648.2
1.3750        -3104.037    -3135.692       31.655   680.3
1.3800        -3103.829    -3136.859       33.031   709.8
1.3850        -3103.656    -3136.549       32.893   706.9
1.3900        -3103.517    -3136.367       32.850   705.9
1.3950        -3103.398    -3136.123       32.725   703.2
1.4000        -3103.297    -3135.208       31.911   685.8
1.4050        -3103.193    -3135.424       32.231   692.6
1.4100        -3103.088    -3136.088       32.999   709.2
1.4150        -3102.993    -3135.032       32.039   688.5
1.4200        -3102.894    -3133.815       30.921   664.5
1.4250        -3102.772    -3133.995       31.223   671.0
1.4300        -3102.625    -3135.034       32.408   696.5
1.4350        -3102.468    -3135.843       33.375   717.2
1.4400        -3102.328    -3136.006       33.678   723.7
1.4450        -3102.208    -3134.178       31.971   687.0
1.4500        -3102.082    -3132.832       30.750   660.8
1.4550        -3101.928    -3133.340       31.412   675.0
1.4600        -3101.741    -3133.526       31.785   683.0
1.4650        -3101.537    -3133.830       32.292   694.0
1.4700        -3101.320    -3133.241       31.921   686.0
1.4750        -3101.089    -3132.487       31.398   674.7
1.4800        -3100.841    -3133.704       32.863   706.2
1.4850        -3100.583    -3134.462       33.879   728.1
1.4900        -3100.350    -3134.176       33.826   726.9
1.4950        -3100.146    -3133.455       33.309   715.8
1.5000        -3099.965    -3133.084       33.119   711.7
1.5050        -3099.796    -3132.276       32.480   698.0
1.5100        -3099.628    -3132.430       32.802   704.9
1.5150        -3099.465    -3133.846       34.381   738.8
1.5200        -3099.332    -3134.373       35.041   753.0
1.5250        -3099.248    -3133.444       34.196   734.9
1.5300        -3099.197    -3131.721       32.524   698.9
1.5350        -3099.152    -3132.471       33.319   716.0
1.5400        -3099.120    -3133.827       34.706   745.8
1.5450        -3099.124    -3132.613       33.489   719.7
1.5500        -3099.149    -3131.092       31.942   686.4
1.5550        -3099.168    -3131.350       32.182   691.6
1.5600        -3099.180    -3131.713       32.533   699.1
1.5650        -3099.191    -3132.129       32.938   707.8
1.5700        -3099.220    -3133.542       34.322   737.6
1.5750        -3099.284    -3133.029       33.746   725.2
1.5800        -3099.388    -3132.101       32.714   703.0
1.5850        -3099.521    -3131.612       32.091   689.6
1.5900        -3099.679    -3131.690       32.010   687.9
1.5950        -3099.860    -3131.810       31.950   686.6
1.6000        -3100.071    -3132.171       32.100   689.8
1.6050        -3100.319    -3133.441       33.123   711.8
1.6100        -3100.630    -3134.479       33.849   727.4
1.6150        -3100.993    -3133.760       32.768   704.2
1.6200        -3101.389    -3133.943       32.554   699.6
1.6250        -3101.803    -3134.488       32.685   702.4
1.6300        -3102.213    -3134.224       32.011   687.9
1.6350        -3102.596    -3134.279       31.683   680.9
1.6400        -3102.945    -3134.838       31.893   685.4
1.6450        -3103.255    -3134.846       31.591   678.9
1.6500        -3103.524    -3134.899       31.376   674.3
1.6550        -3103.751    -3135.205       31.454   675.9
1.6600        -3103.939    -3135.182       31.242   671.4
1.6650        -3104.091    -3135.524       31.434   675.5
1.6700        -3104.220    -3137.139       32.919   707.4
1.6750        -3104.351    -3137.026       32.675   702.2
1.6800        -3104.466    -3134.782       30.315   651.5
1.6850        -3104.539    -3134.852       30.313   651.4
1.6900        -3104.574    -3136.283       31.709   681.4
1.6950        -3104.590    -3136.606       32.017   688.0
1.7000        -3104.593    -3136.432       31.839   684.2
1.7050        -3104.582    -3136.530       31.947   686.5
1.7100        -3104.558    -3136.385       31.827   684.0
1.7150        -3104.519    -3136.016       31.497   676.9
1.7200        -3104.455    -3135.328       30.873   663.5
1.7250        -3104.361    -3135.464       31.103   668.4
1.7300        -3104.228    -3136.358       32.130   690.5
1.7350        -3104.073    -3136.791       32.718   703.1
1.7400        -3103.907    -3136.495       32.588   700.3
1.7450        -3103.729    -3136.030       32.301   694.2
1.7500        -3103.532    -3136.103       32.571   699.9
1.7550        -3103.316    -3136.033       32.717   703.1
1.7600        -3103.086    -3135.906       32.820   705.3
1.7650        -3102.839    -3135.469       32.630   701.2
1.7700        -3102.574    -3134.762       32.189   691.7
1.7750        -3102.283    -3134.725       32.442   697.2
1.7800        -3101.966    -3133.991       32.025   688.2
1.7850        -3101.623    -3133.855       32.231   692.6
1.7900        -3101.253    -3134.631       33.378   717.3
1.7950        -3100.879    -3135.256       34.377   738.8
1.8000        -3100.535    -3135.619       35.084   754.0
1.8050        -3100.246    -3134.902       34.656   744.8
1.8100        -3100.015    -3134.303       34.289   736.9
1.8150        -3099.828    -3133.734       33.906   728.6
1.8200        -3099.681    -3133.860       34.179   734.5
1.8250        -3099.575    -3134.820       35.245   757.4
1.8300        -3099.518    -3133.566       34.048   731.7
1.8350        -3099.495    -3132.528       33.032   709.9
1.8400        -3099.491    -3133.382       33.891   728.3
1.8450        -3099.506    -3132.689       33.184   713.1
1.8500        -3099.534    -3132.334       32.800   704.9
1.8550        -3099.570    -3132.995       33.425   718.3
1.8600        -3099.622    -3132.965       33.344   716.5
1.8650        -3099.688    -3132.827       33.139   712.2
1.8700        -3099.772    -3134.059       34.287   736.8
1.8750        -3099.898    -3135.326       35.428   761.3
1.8800        -3100.087    -3135.171       35.084   753.9
1.8850        -3100.330    -3134.056       33.725   724.8
1.8900        -3100.605    -3133.153       32.548   699.4
1.8950        -3100.881    -3132.180       31.300   672.6
1.9000        -3101.149    -3132.908       31.759   682.5
1.9050        -3101.429    -3134.585       33.156   712.5
1.9100        -3101.743    -3134.402       32.659   701.8
1.9150        -3102.072    -3133.297       31.225   671.0
1.9200        -3102.400    -3133.517       31.117   668.7
1.9250        -3102.736    -3134.223       31.486   676.6
1.9300        -3103.085    -3134.423       31.337   673.4
1.9350        -3103.449    -3134.880       31.431   675.4
1.9400        -3103.844    -3136.213       32.369   695.6
1.9450        -3104.287    -3136.770       32.483   698.0
1.9500        -3104.765    -3136.307       31.542   677.8
1.9550        -3105.253    -3136.148       30.895   663.9
1.9600        -3105.718    -3135.888       30.170   648.3
1.9650        -3106.129    -3136.037       29.908   642.7
1.9700        -3106.474    -3136.749       30.275   650.6
1.9750        -3106.741    -3136.295       29.554   635.1
1.9800        -3106.914    -3135.693       28.779   618.5
1.9850        -3106.996    -3136.243       29.247   628.5
1.9900        -3107.006    -3136.839       29.833   641.1
1.9950        -3106.972    -3137.672       30.700   659.7
2.0000        -3106.916    -3138.894       31.978   687.2
2.0050        -3106.864    -3139.239       32.375   695.7
2.0100        -3106.822    -3139.062       32.240   692.8
2.0150        -3106.785    -3138.189       31.405   674.9
2.0200        -3106.730    -3136.110       29.381   631.4
2.0250        -3106.633    -3135.001       28.368   609.6
2.0300        -3106.483    -3136.021       29.539   634.8
2.0350        -3106.279    -3136.145       29.866   641.8
2.0400        -3106.041    -3135.091       29.050   624.3
2.0450        -3105.764    -3134.666       28.903   621.1
2.0500        -3105.440    -3135.796       30.356   652.3
2.0550        -3105.077    -3137.106       32.029   688.3
2.0600        -3104.718    -3136.474       31.756   682.4
2.0650        -3104.381    -3134.678       30.296   651.1
2.0700        -3104.047    -3134.283       30.236   649.8
2.0750        -3103.693    -3135.560       31.867   684.8
2.0800        -3103.343    -3136.513       33.170   712.8
2.0850        -3103.027    -3135.842       32.815   705.2
2.0900        -3102.750    -3135.735       32.985   708.8
2.0950        -3102.502    -3136.006       33.505   720.0
2.1000        -3102.285    -3134.584       32.299   694.1
2.1050        -3102.082    -3133.532       31.449   675.8
2.1100        -3101.878    -3134.309       32.431   696.9
2.1150        -3101.672    -3134.796       33.125   711.8
2.1200        -3101.478    -3134.621       33.143   712.2
2.1250        -3101.300    -3133.709       32.409   696.5
2.1300        -3101.130    -3133.502       32.372   695.7
2.1350        -3100.962    -3133.394       32.432   697.0
2.1400        -3100.787    -3132.413       31.626   679.6
2.1450        -3100.605    -3132.198       31.592   678.9
2.1500        -3100.405    -3133.289       32.884   706.7
2.1550        -3100.200    -3133.182       32.983   708.8
2.1600        -3100.007    -3133.349       33.343   716.5
2.1650        -3099.831    -3134.242       34.411   739.5
2.1700        -3099.688    -3134.934       35.246   757.4
2.1750        -3099.598    -3134.976       35.378   760.3
2.1800        -3099.567    -3134.532       34.964   751.4
2.1850        -3099.585    -3133.466       33.881   728.1
2.1900        -3099.632    -3133.334       33.702   724.2
2.1950        -3099.711    -3134.170       34.459   740.5
2.2000        -3099.832    -3134.206       34.374   738.7
2.2050        -3099.993    -3133.775       33.782   726.0
2.2100        -3100.188    -3133.395       33.208   713.6
2.2150        -3100.393    -3132.067       31.674   680.7
2.2200        -3100.595    -3132.486       31.891   685.3
2.2250        -3100.804    -3134.475       33.670   723.6
2.2300        -3101.058    -3135.852       34.794   747.7
2.2350        -3101.373    -3135.798       34.426   739.8
2.2400        -3101.736    -3136.055       34.320   737.5
2.2450        -3102.149    -3136.872       34.723   746.2
2.2500        -3102.594    -3136.329       33.735   725.0
2.2550        -3103.028    -3135.704       32.677   702.2
2.2600        -3103.428    -3136.247       32.819   705.3
2.2650        -3103.788    -3136.702       32.914   707.3
2.2700        -3104.098    -3136.312       32.214   692.3
2.2750        -3104.347    -3136.281       31.934   686.3
2.2800        -3104.540    -3136.245       31.704   681.3
2.2850        -3104.683    -3136.370       31.688   681.0
2.2900        -3104.786    -3136.372       31.586   678.8
2.2950        -3104.855    -3136.305       31.449   675.8
2.3000        -3104.897    -3136.452       31.555   678.1
2.3050        -3104.911    -3135.482       30.572   657.0
2.3100        -3104.888    -3135.210       30.321   651.6
2.3150        -3104.831    -3136.536       31.705   681.3
2.3200        -3104.757    -3136.898       32.141   690.7
2.3250        -3104.678    -3136.336       31.658   680.3
2.3300        -3104.586    -3135.989       31.403   674.8
2.3350        -3104.477    -3135.879       31.402   674.8
2.3400        -3104.348    -3135.954       31.607   679.2
2.3450        -3104.202    -3135.294       31.092   668.2
2.3500        -3104.033    -3134.895       30.863   663.2
2.3550        -3103.837    -3135.300       31.463   676.1
2.3600        -3103.617    -3136.018       32.401   696.3
2.3650        -3103.391    -3136.188       32.797   704.8
2.3700        -3103.175    -3135.704       32.529   699.0
2.3750        -3102.965    -3135.797       32.832   705.6
2.3800        -3102.762    -3135.361       32.599   700.6
2.3850        -3102.567    -3133.941       31.374   674.2
2.3900        -3102.361    -3132.945       30.584   657.2
2.3950        -3102.129    -3133.829       31.700   681.2
2.4000        -3101.880    -3135.209       33.328   716.2
2.4050        -3101.643    -3134.939       33.296   715.5
2.4100        -3101.437    -3134.142       32.705   702.8
2.4150        -3101.247    -3134.510       33.263   714.8
2.4200        -3101.079    -3135.103       34.024   731.2
2.4250        -3100.948    -3134.882       33.934   729.2
2.4300        -3100.851    -3133.708       32.858   706.1
2.4350        -3100.773    -3133.865       33.093   711.2
2.4400        -3100.709    -3134.716       34.007   730.8
2.4450        -3100.672    -3134.065       33.393   717.6
2.4500        -3100.651    -3133.342       32.691   702.5
2.4550        -3100.644    -3134.897       34.253   736.1
2.4600        -3100.666    -3134.418       33.752   725.3
2.4650        -3100.705    -3132.659       31.954   686.7
2.4700        -3100.736    -3133.222       32.487   698.1
2.4750        -3100.762    -3133.854       33.092   711.1
2.4800        -3100.796    -3133.580       32.783   704.5
2.4850        -3100.836    -3133.753       32.917   707.4
2.4900        -3100.877    -3132.899       32.022   688.1
2.4950        -3100.905    -3132.384       31.479   676.5
2.5000        -3100.917    -3133.849       32.932   707.7
2.5050        -3100.936    -3135.415       34.480   741.0
2.5100        -3100.993    -3135.278       34.285   736.8
2.5150        -3101.071    -3133.097       32.026   688.2
2.5200        -3101.139    -3132.611       31.472   676.3
2.5250        -3101.190    -3133.921       32.731   703.4
2.5300        -3101.244    -3134.754       33.510   720.1
2.5350        -3101.313    -3134.742       33.430   718.4
2.5400        -3101.404    -3135.626       34.222   735.4
2.5450        -3101.532    -3136.469       34.938   750.8
2.5500        -3101.705    -3135.041       33.336   716.4
2.5550        -3101.883    -3132.703       30.820   662.3
2.5600        -3102.025    -3132.022       29.997   644.6
2.5650        -3102.130    -3133.602       31.472   676.3
2.5700        -3102.226    -3134.641       32.415   696.6
2.5750        -3102.320    -3134.078       31.758   682.5
2.5800        -3102.417    -3134.654       32.237   692.8
2.5850        -3102.531    -3135.093       32.562   699.8
2.5900        -3102.679    -3134.852       32.173   691.4
2.5950        -3102.883    -3135.130       32.247   693.0
2.6000        -3103.179    -3135.601       32.422   696.8
2.6050        -3103.595    -3135.731       32.135   690.6
2.6100        -3104.134    -3136.501       32.368   695.6
2.6150        -3104.763    -3137.123       32.359   695.4
2.6200        -3105.403    -3136.932       31.529   677.5
2.6250        -3105.977    -3136.695       30.718   660.1
2.6300        -3106.455    -3137.554       31.100   668.3
2.6350        -3106.855    -3138.264       31.409   675.0
2.6400        -3107.172    -3137.453       30.281   650.7
2.6450        -3107.411    -3137.867       30.456   654.5
2.6500        -3107.597    -3139.185       31.588   678.8
2.6550        -3107.744    -3138.341       30.597   657.5
2.6600        -3107.843    -3137.300       29.457   633.0
2.6650        -3107.884    -3137.736       29.851   641.5
2.6700        -3107.877    -3138.803       30.926   664.6
2.6750        -3107.837    -3139.601       31.764   682.6
2.6800        -3107.780    -3139.189       31.409   675.0
2.6850        -3107.699    -3137.593       29.895   642.4
2.6900        -3107.573    -3136.574       29.001   623.2
2.6950        -3107.385    -3136.759       29.374   631.2
2.7000        -3107.131    -3137.401       30.270   650.5
2.7050        -3106.826    -3137.506       30.680   659.3
2.7100        -3106.488    -3137.214       30.727   660.3
2.7150        -3106.127    -3136.817       30.690   659.5
2.7200        -3105.750    -3136.103       30.353   652.3
2.7250        -3105.363    -3136.799       31.437   675.6
2.7300        -3104.973    -3138.077       33.104   711.4
2.7350        -3104.620    -3138.063       33.443   718.7
2.7400        -3104.322    -3137.441       33.120   711.7
2.7450        -3104.068    -3136.664       32.595   700.5
2.7500        -3103.846    -3135.566       31.720   681.7
2.7550        -3103.633    -3134.036       30.403   653.4
2.7600        -3103.407    -3133.497       30.090   646.6
2.7650        -3103.152    -3133.552       30.400   653.3
2.7700        -3102.873    -3133.539       30.666   659.0
2.7750        -3102.575    -3134.329       31.754   682.4
2.7800        -3102.279    -3135.400       33.121   711.8
2.7850        -3102.003    -3134.963       32.961   708.3
2.7900        -3101.759    -3134.454       32.695   702.6
2.7950        -3101.539    -3134.860       33.321   716.1
2.8000        -3101.345    -3134.582       33.237   714.3
2.8050        -3101.177    -3134.452       33.274   715.1
2.8100        -3101.033    -3134.409       33.376   717.3
2.8150        -3100.904    -3133.058       32.154   691.0
2.8200        -3100.782    -3133.617       32.835   705.6
2.8250        -3100.666    -3134.901       34.235   735.7
2.8300        -3100.578    -3134.408       33.830   727.0
2.8350        -3100.520    -3133.960       33.440   718.6
2.8400        -3100.483    -3134.161       33.678   723.7
2.8450        -3100.466    -3133.915       33.448   718.8
2.8500        -3100.467    -3133.910       33.444   718.7
2.8550        -3100.489    -3134.562       34.073   732.2
2.8600        -3100.538    -3134.399       33.860   727.6
2.8650        -3100.618    -3134.101       33.483   719.6
2.8700        -3100.723    -3134.174       33.452   718.9
2.8750        -3100.849    -3133.772       32.922   707.5
2.8800        -3100.996    -3134.082       33.086   711.0
2.8850        -3101.170    -3134.662       33.492   719.7
2.8900        -3101.366    -3133.281       31.914   685.8
2.8950        -3101.557    -3132.197       30.640   658.4
2.9000        -3101.731    -3133.056       31.325   673.2
2.9050        -3101.904    -3134.232       32.327   694.7
2.9100        -3102.085    -3133.841       31.757   682.4
2.9150        -3102.268    -3133.979       31.711   681.5
2.9200        -3102.456    -3134.789       32.332   694.8
2.9250        -3102.661    -3134.973       32.312   694.4
2.9300        -3102.890    -3135.751       32.860   706.2
2.9350        -3103.160    -3136.255       33.096   711.2
2.9400        -3103.460    -3135.780       32.320   694.6
2.9450        -3103.788    -3136.264       32.475   697.9
2.9500        -3104.143    -3136.471       32.328   694.7
2.9550        -3104.496    -3134.933       30.437   654.1
2.9600        -3104.815    -3134.775       29.961   643.9
2.9650        -3105.096    -3135.363       30.268   650.4
2.9700        -3105.333    -3135.436       30.103   646.9
2.9750        -3105.527    -3136.007       30.481   655.0
2.9800        -3105.681    -3135.882       30.201   649.0
2.9850        -3105.787    -3135.156       29.368   631.1
2.9900        -3105.839    -3135.749       29.909   642.7
2.9950        -3105.846    -3136.979       31.134   669.1
3.0000        -3105.822    -3137.400       31.578   678.6
3.0050        -3105.773    -3137.097       31.324   673.1
3.0100        -3105.702    -3136.249       30.548   656.5
3.0150        -3105.580    -3135.171       29.591   635.9
3.0200        -3105.397    -3135.836       30.439   654.1
3.0250        -3105.137    -3137.372       32.235   692.7
3.0300        -3104.819    -3138.305       33.485   719.6
3.0350        -3104.467    -3138.076       33.609   722.2
3.0400        -3104.097    -3136.604       32.507   698.6
3.0450        -3103.700    -3134.637       30.936   664.8
3.0500        -3103.254    -3133.510       30.256   650.2
3.0550        -3102.748    -3132.993       30.245   650.0
3.0600        -3102.201    -3133.232       31.031   666.9
3.0650        -3101.656    -3135.232       33.576   721.5
3.0700        -3101.182    -3136.875       35.692   767.0
3.0750        -3100.857    -3136.503       35.646   766.0
3.0800        -3100.668    -3135.348       34.680   745.3
3.0850        -3100.566    -3133.723       33.156   712.5
3.0900        -3100.499    -3132.649       32.150   690.9
3.0950        -3100.442    -3132.743       32.301   694.2
3.1000        -3100.389    -3133.295       32.906   707.1
3.1050        -3100.349    -3133.354       33.005   709.3
3.1100        -3100.316    -3132.845       32.528   699.0
3.1150        -3100.295    -3133.765       33.470   719.3
3.1200        -3100.288    -3134.208       33.920   728.9
3.1250        -3100.305    -3134.160       33.855   727.5
3.1300        -3100.350    -3134.420       34.070   732.2
3.1350        -3100.423    -3134.276       33.853   727.5
3.1400        -3100.527    -3134.936       34.409   739.4
3.1450        -3100.674    -3135.412       34.738   746.5
3.1500        -3100.860    -3134.992       34.132   733.5
3.1550        -3101.082    -3135.162       34.080   732.4
3.1600        -3101.344    -3135.839       34.495   741.3
3.1650        -3101.631    -3134.133       32.503   698.5
3.1700        -3101.901    -3133.467       31.566   678.3
3.1750        -3102.159    -3135.237       33.078   710.8
3.1800        -3102.429    -3135.816       33.387   717.5
3.1850        -3102.694    -3134.732       32.038   688.5
3.1900        -3102.937    -3135.181       32.244   692.9
3.1950        -3103.176    -3136.286       33.110   711.5
3.2000        -3103.409    -3135.742       32.333   694.8
3.2050        -3103.622    -3135.049       31.428   675.4
3.2100        -3103.804    -3135.694       31.890   685.3
3.2150        -3103.969    -3136.369       32.401   696.3
3.2200        -3104.124    -3137.097       32.973   708.6
3.2250        -3104.284    -3137.582       33.299   715.6
3.2300        -3104.455    -3137.683       33.228   714.1
3.2350        -3104.630    -3137.378       32.749   703.8
3.2400        -3104.798    -3136.796       31.998   687.6
3.2450        -3104.945    -3135.914       30.969   665.5
3.2500        -3105.053    -3135.396       30.343   652.1
3.2550        -3105.123    -3137.339       32.216   692.3
3.2600        -3105.193    -3138.787       33.594   721.9
3.2650        -3105.271    -3137.491       32.220   692.4
3.2700        -3105.340    -3136.729       31.389   674.6
3.2750        -3105.395    -3137.892       32.497   698.4
3.2800        -3105.450    -3138.585       33.135   712.1
3.2850        -3105.515    -3138.689       33.174   712.9
3.2900        -3105.596    -3139.145       33.549   721.0
3.2950        -3105.704    -3139.421       33.717   724.6
3.3000        -3105.847    -3139.204       33.356   716.8
3.3050        -3106.014    -3138.262       32.248   693.0
3.3100        -3106.186    -3137.361       31.176   670.0
3.3150        -3106.353    -3137.208       30.855   663.1
3.3200        -3106.512    -3137.420       30.908   664.2
3.3250        -3106.665    -3137.139       30.474   654.9
3.3300        -3106.809    -3136.915       30.105   647.0
3.3350        -3106.937    -3137.080       30.143   647.8
3.3400        -3107.046    -3136.518       29.472   633.4
3.3450        -3107.116    -3136.138       29.022   623.7
3.3500        -3107.140    -3136.695       29.555   635.1
3.3550        -3107.106    -3137.000       29.894   642.4
3.3600        -3107.008    -3137.491       30.483   655.1
3.3650        -3106.846    -3138.237       31.391   674.6
3.3700        -3106.629    -3138.350       31.721   681.7
3.3750        -3106.364    -3137.910       31.546   677.9
3.3800        -3106.053    -3138.396       32.343   695.0
3.3850        -3105.713    -3138.960       33.247   714.5
3.3900        -3105.368    -3138.564       33.196   713.4
3.3950        -3105.035    -3138.181       33.145   712.3
3.4000        -3104.717    -3138.245       33.528   720.5
3.4050        -3104.422    -3137.615       33.193   713.3
3.4100        -3104.148    -3136.775       32.627   701.1
3.4150        -3103.892    -3136.798       32.906   707.2
3.4200        -3103.649    -3135.681       32.032   688.4
3.4250        -3103.410    -3134.559       31.149   669.4
3.4300        -3103.156    -3135.258       32.102   689.9
3.4350        -3102.893    -3136.747       33.854   727.5
3.4400        -3102.657    -3137.525       34.868   749.3
3.4450        -3102.471    -3136.458       33.987   730.4
3.4500        -3102.327    -3135.742       33.414   718.1
3.4550        -3102.207    -3135.102       32.895   706.9
3.4600        -3102.094    -3133.509       31.415   675.1
3.4650        -3101.968    -3133.531       31.564   678.3
3.4700        -3101.823    -3135.260       33.436   718.5
3.4750        -3101.684    -3135.676       33.991   730.5
3.4800        -3101.570    -3134.931       33.361   716.9
3.4850        -3101.479    -3136.184       34.705   745.8
3.4900        -3101.426    -3137.125       35.699   767.2
3.4950        -3101.430    -3135.086       33.657   723.3
3.5000        -3101.466    -3134.819       33.353   716.8
3.5050        -3101.525    -3136.171       34.646   744.5
3.5100        -3101.625    -3135.453       33.827   726.9
3.5150        -3101.759    -3134.955       33.195   713.4
3.5200        -3101.918    -3134.853       32.935   707.8
3.5250        -3102.093    -3134.456       32.363   695.5
3.5300        -3102.281    -3135.010       32.729   703.3
3.5350        -3102.498    -3135.834       33.336   716.4
3.5400        -3102.746    -3135.695       32.949   708.1
3.5450        -3103.027    -3135.607       32.579   700.1
3.5500        -3103.335    -3136.192       32.857   706.1
3.5550        -3103.681    -3136.847       33.166   712.7
3.5600        -3104.051    -3136.106       32.056   688.9
3.5650        -3104.416    -3135.810       31.394   674.6
3.5700        -3104.767    -3136.404       31.637   679.9
3.5750        -3105.101    -3136.729       31.628   679.7
3.5800        -3105.400    -3135.828       30.428   653.9
3.5850        -3105.634    -3134.544       28.910   621.3
3.5900        -3105.787    -3134.155       28.368   609.6
3.5950        -3105.864    -3135.283       29.419   632.2
3.6000        -3105.882    -3136.480       30.598   657.5
3.6050        -3105.859    -3136.665       30.805   662.0
3.6100        -3105.809    -3137.158       31.349   673.7
3.6150        -3105.734    -3137.263       31.529   677.5
3.6200        -3105.641    -3136.855       31.214   670.8
3.6250        -3105.531    -3136.799       31.268   671.9
3.6300        -3105.400    -3136.431       31.031   666.9
3.6350        -3105.251    -3137.175       31.924   686.0
3.6400        -3105.091    -3138.473       33.382   717.4
3.6450        -3104.949    -3137.946       32.997   709.1
3.6500        -3104.827    -3137.633       32.806   705.0
3.6550        -3104.724    -3137.515       32.791   704.7
3.6600        -3104.628    -3136.449       31.821   683.8
3.6650        -3104.534    -3136.496       31.962   686.9
3.6700        -3104.439    -3137.333       32.894   706.9
3.6750        -3104.358    -3137.212       32.854   706.0
3.6800        -3104.289    -3136.605       32.316   694.5
3.6850        -3104.232    -3136.716       32.484   698.1
3.6900        -3104.183    -3136.736       32.553   699.6
3.6950        -3104.141    -3136.086       31.945   686.5
3.7000        -3104.093    -3135.722       31.628   679.7
3.7050        -3104.041    -3135.910       31.869   684.9
3.7100        -3103.984    -3136.114       32.129   690.5
3.7150        -3103.934    -3136.633       32.699   702.7
3.7200        -3103.892    -3136.553       32.661   701.9
3.7250        -3103.856    -3136.147       32.291   693.9
3.7300        -3103.824    -3136.496       32.672   702.1
3.7350        -3103.798    -3136.993       33.195   713.4
3.7400        -3103.782    -3136.524       32.742   703.6
3.7450        -3103.773    -3136.269       32.496   698.3
3.7500        -3103.763    -3136.351       32.588   700.3
3.7550        -3103.754    -3136.253       32.499   698.4
3.7600        -3103.741    -3135.641       31.901   685.5
3.7650        -3103.714    -3135.104       31.389   674.6
3.7700        -3103.671    -3135.790       32.119   690.2
3.7750        -3103.616    -3136.042       32.426   696.8
3.7800        -3103.556    -3135.539       31.983   687.3
3.7850        -3103.488    -3136.540       33.052   710.3
3.7900        -3103.426    -3136.981       33.555   721.1
3.7950        -3103.375    -3135.656       32.282   693.7
3.8000        -3103.322    -3135.031       31.710   681.4
3.8050        -3103.251    -3135.893       32.641   701.5
3.8100        -3103.173    -3135.862       32.689   702.5
3.8150        -3103.090    -3135.560       32.470   697.8
3.8200        -3103.002    -3136.659       33.657   723.3
3.8250        -3102.926    -3138.019       35.093   754.1
3.8300        -3102.890    -3137.344       34.455   740.4
3.8350        -3102.896    -3136.558       33.662   723.4
3.8400        -3102.929    -3137.217       34.288   736.8
3.8450        -3103.010    -3138.079       35.069   753.6
3.8500        -3103.150    -3136.809       33.660   723.3
3.8550        -3103.329    -3134.859       31.531   677.6
3.8600        -3103.511    -3134.302       30.791   661.7
3.8650        -3103.686    -3134.699       31.013   666.5
3.8700        -3103.860    -3135.319       31.459   676.0
3.8750        -3104.035    -3135.611       31.577   678.6
3.8800        -3104.216    -3136.042       31.826   683.9
3.8850        -3104.402    -3135.667       31.265   671.9
3.8900        -3104.585    -3136.295       31.709   681.4
3.8950        -3104.787    -3137.900       33.113   711.6
3.9000        -3105.015    -3137.351       32.336   694.9
3.9050        -3105.248    -3136.578       31.330   673.3
3.9100        -3105.488    -3138.244       32.757   703.9
3.9150        -3105.748    -3138.417       32.669   702.0
Time[ps]      Etot[eV]     Epot[eV]     Ekin[eV]    T[K]
0.0000        -3084.557    -3115.804       31.247   671.5
0.0050        -3084.540    -3112.168       27.628   593.7
0.0100        -3084.441    -3106.592       22.151   476.0
0.0150        -3084.228    -3105.366       21.138   454.2
0.0200        -3083.866    -3105.638       21.772   467.9
0.0250        -3083.389    -3104.772       21.383   459.5
0.0300        -3082.870    -3104.759       21.889   470.4
0.0350        -3082.358    -3105.790       23.432   503.5
0.0400        -3081.891    -3106.310       24.419   524.8
0.0450        -3081.466    -3106.365       24.899   535.1
0.0500        -3081.054    -3106.427       25.374   545.3
0.0550        -3080.624    -3106.119       25.495   547.9
0.0600        -3080.166    -3106.007       25.841   555.3
0.0650        -3079.665    -3106.877       27.211   584.8
0.0700        -3079.127    -3107.916       28.789   618.7
0.0750        -3078.576    -3107.703       29.126   625.9
0.0800        -3078.043    -3107.156       29.112   625.6
0.0850        -3077.514    -3107.631       30.117   647.2
0.0900        -3076.985    -3108.315       31.331   673.3
0.0950        -3076.474    -3107.748       31.274   672.1
0.1000        -3075.997    -3107.147       31.150   669.4
0.1050        -3075.531    -3108.084       32.553   699.6
0.1100        -3075.080    -3109.102       34.022   731.1
0.1150        -3074.675    -3109.116       34.442   740.1
0.1200        -3074.328    -3109.068       34.740   746.5
0.1250        -3074.039    -3109.078       35.039   753.0
0.1300        -3073.806    -3108.893       35.087   754.0
0.1350        -3073.631    -3108.218       34.586   743.3
0.1400        -3073.503    -3107.939       34.436   740.0
0.1450        -3073.416    -3108.103       34.687   745.4
0.1500        -3073.372    -3108.370       34.997   752.1
0.1550        -3073.377    -3107.775       34.397   739.2
0.1600        -3073.420    -3107.174       33.753   725.4
0.1650        -3073.490    -3107.378       33.888   728.2
0.1700        -3073.588    -3107.156       33.568   721.4
0.1750        -3073.703    -3106.554       32.851   706.0
0.1800        -3073.830    -3106.987       33.157   712.5
0.1850        -3073.976    -3108.688       34.712   746.0
0.1900        -3074.176    -3109.673       35.498   762.8
0.1950        -3074.434    -3109.499       35.065   753.5
0.2000        -3074.749    -3109.769       35.019   752.6
0.2050        -3075.111    -3109.766       34.656   744.7
0.2100        -3075.495    -3108.959       33.464   719.1
0.2150        -3075.879    -3109.079       33.201   713.5
0.2200        -3076.265    -3110.133       33.868   727.8
0.2250        -3076.668    -3111.001       34.333   737.8
0.2300        -3077.088    -3111.321       34.233   735.7
0.2350        -3077.512    -3111.220       33.708   724.4
0.2400        -3077.922    -3110.848       32.926   707.6
0.2450        -3078.309    -3110.989       32.681   702.3
0.2500        -3078.676    -3111.864       33.188   713.2
0.2550        -3079.038    -3112.928       33.890   728.3
0.2600        -3079.413    -3113.632       34.219   735.4
0.2650        -3079.798    -3113.691       33.894   728.4
0.2700        -3080.181    -3113.516       33.335   716.4
0.2750        -3080.553    -3113.512       32.959   708.3
0.2800        -3080.904    -3112.979       32.075   689.3
0.2850        -3081.214    -3112.155       30.942   664.9
0.2900        -3081.475    -3112.757       31.282   672.2
0.2950        -3081.709    -3114.245       32.536   699.2
0.3000        -3081.937    -3114.519       32.581   700.2
0.3050        -3082.151    -3113.504       31.353   673.8
0.3100        -3082.333    -3113.110       30.777   661.4
0.3150        -3082.483    -3114.199       31.716   681.6
0.3200        -3082.621    -3115.183       32.562   699.8
0.3250        -3082.755    -3115.171       32.416   696.6
0.3300        -3082.884    -3114.654       31.770   682.7
0.3350        -3082.996    -3114.221       31.225   671.0
0.3400        -3083.084    -3114.088       31.004   666.3
0.3450        -3083.142    -3113.971       30.828   662.5
0.3500        -3083.170    -3114.081       30.911   664.3
0.3550        -3083.167    -3114.281       31.114   668.6
0.3600        -3083.133    -3114.065       30.933   664.7
0.3650        -3083.066    -3113.545       30.479   655.0
0.3700        -3082.958    -3113.082       30.124   647.4
0.3750        -3082.806    -3113.141       30.335   651.9
0.3800        -3082.601    -3113.665       31.063   667.5
0.3850        -3082.356    -3113.997       31.641   680.0
0.3900        -3082.089    -3113.723       31.634   679.8
0.3950        -3081.802    -3113.872       32.070   689.2
0.4000        -3081.501    -3114.309       32.808   705.0
0.4050        -3081.206    -3114.717       33.511   720.2
0.4100        -3080.933    -3114.775       33.842   727.3
0.4150        -3080.692    -3113.775       33.083   711.0
0.4200        -3080.475    -3113.286       32.811   705.1
0.4250        -3080.271    -3113.520       33.249   714.5
0.4300        -3080.081    -3113.376       33.295   715.5
0.4350        -3079.912    -3113.451       33.539   720.7
0.4400        -3079.762    -3114.233       34.471   740.8
0.4450        -3079.650    -3115.212       35.562   764.2
0.4500        -3079.603    -3116.317       36.714   789.0
0.4550        -3079.649    -3116.601       36.951   794.1
0.4600        -3079.786    -3115.452       35.666   766.5
0.4650        -3079.993    -3115.167       35.174   755.9
0.4700        -3080.269    -3116.059       35.790   769.1
0.4750        -3080.609    -3115.210       34.601   743.6
0.4800        -3080.974    -3114.501       33.528   720.5
0.4850        -3081.363    -3116.709       35.346   759.6
0.4900        -3081.816    -3119.030       37.213   799.7
0.4950        -3082.345    -3119.719       37.374   803.2
0.5000        -3082.902    -3119.709       36.807   791.0
0.5050        -3083.465    -3121.201       37.736   810.9
0.5100        -3084.034    -3122.434       38.400   825.2
0.5150        -3084.579    -3121.776       37.197   799.4
0.5200        -3085.072    -3121.539       36.467   783.7
0.5250        -3085.532    -3122.390       36.858   792.1
0.5300        -3085.976    -3122.082       36.106   775.9
0.5350        -3086.390    -3121.125       34.735   746.4
0.5400        -3086.783    -3121.865       35.082   753.9
0.5450        -3087.182    -3123.117       35.935   772.2
0.5500        -3087.605    -3123.313       35.707   767.3
0.5550        -3088.047    -3123.477       35.431   761.4
0.5600        -3088.507    -3123.976       35.469   762.2
0.5650        -3088.973    -3123.699       34.726   746.3
0.5700        -3089.429    -3123.795       34.365   738.5
0.5750        -3089.880    -3124.477       34.597   743.5
0.5800        -3090.332    -3125.168       34.836   748.6
0.5850        -3090.778    -3124.545       33.767   725.6
0.5900        -3091.187    -3123.583       32.397   696.2
0.5950        -3091.557    -3124.672       33.114   711.6
0.6000        -3091.911    -3125.124       33.212   713.7
0.6050        -3092.241    -3124.296       32.054   688.8
0.6100        -3092.536    -3124.651       32.115   690.1
0.6150        -3092.811    -3125.471       32.660   701.9
0.6200        -3093.067    -3124.734       31.667   680.5
0.6250        -3093.287    -3124.228       30.941   664.9
0.6300        -3093.473    -3124.656       31.183   670.1
0.6350        -3093.627    -3124.839       31.211   670.7
0.6400        -3093.755    -3125.240       31.485   676.6
0.6450        -3093.861    -3125.748       31.888   685.3
0.6500        -3093.959    -3126.657       32.698   702.7
0.6550        -3094.056    -3126.568       32.512   698.7
0.6600        -3094.157    -3126.607       32.451   697.4
0.6650        -3094.254    -3126.352       32.099   689.8
0.6700        -3094.341    -3125.933       31.592   678.9
0.6750        -3094.412    -3126.434       32.021   688.1
0.6800        -3094.471    -3125.896       31.424   675.3
0.6850        -3094.508    -3124.963       30.455   654.5
0.6900        -3094.513    -3126.212       31.699   681.2
0.6950        -3094.499    -3127.439       32.940   707.9
0.7000        -3094.484    -3126.235       31.751   682.3
0.7050        -3094.455    -3125.215       30.760   661.0
0.7100        -3094.394    -3126.428       32.034   688.4
0.7150        -3094.316    -3127.317       33.002   709.2
0.7200        -3094.237    -3126.824       32.587   700.3
0.7250        -3094.158    -3126.735       32.577   700.1
0.7300        -3094.075    -3126.981       32.905   707.1
0.7350        -3093.995    -3126.380       32.386   696.0
0.7400        -3093.905    -3125.249       31.344   673.6
0.7450        -3093.793    -3125.296       31.504   677.0
0.7500        -3093.651    -3125.760       32.109   690.0
0.7550        -3093.486    -3125.355       31.869   684.9
0.7600        -3093.302    -3125.835       32.533   699.1
0.7650        -3093.103    -3126.264       33.162   712.6
0.7700        -3092.904    -3125.279       32.375   695.7
0.7750        -3092.700    -3123.782       31.082   668.0
0.7800        -3092.470    -3124.359       31.889   685.3
0.7850        -3092.210    -3124.114       31.904   685.6
0.7900        -3091.932    -3122.956       31.024   666.7
0.7950        -3091.631    -3123.318       31.687   681.0
0.8000        -3091.304    -3123.448       32.144   690.8
0.8050        -3090.975    -3122.951       31.976   687.2
0.8100        -3090.648    -3124.261       33.613   722.3
0.8150        -3090.343    -3124.508       34.166   734.2
0.8200        -3090.090    -3123.367       33.277   715.1
0.8250        -3089.876    -3123.880       34.005   730.8
0.8300        -3089.702    -3124.983       35.281   758.2
0.8350        -3089.590    -3125.050       35.461   762.0
0.8400        -3089.548    -3124.376       34.828   748.5
0.8450        -3089.551    -3122.791       33.241   714.3
0.8500        -3089.568    -3121.652       32.084   689.5
0.8550        -3089.578    -3122.160       32.582   700.2
0.8600        -3089.590    -3122.662       33.072   710.7
0.8650        -3089.607    -3122.448       32.841   705.7
0.8700        -3089.633    -3122.989       33.356   716.8
0.8750        -3089.674    -3123.650       33.977   730.2
0.8800        -3089.741    -3123.873       34.132   733.5
0.8850        -3089.848    -3124.693       34.845   748.8
0.8900        -3089.999    -3124.572       34.573   743.0
0.8950        -3090.195    -3124.267       34.072   732.2
0.9000        -3090.430    -3124.799       34.369   738.6
0.9050        -3090.713    -3125.890       35.177   755.9
0.9100        -3091.066    -3126.856       35.790   769.1
0.9150        -3091.476    -3126.051       34.575   743.0
0.9200        -3091.906    -3125.537       33.631   722.7
0.9250        -3092.328    -3126.301       33.974   730.1
0.9300        -3092.727    -3125.882       33.155   712.5
0.9350        -3093.054    -3123.877       30.823   662.4
0.9400        -3093.280    -3123.587       30.307   651.3
0.9450        -3093.423    -3124.927       31.503   677.0
0.9500        -3093.521    -3126.377       32.855   706.1
0.9550        -3093.606    -3127.601       33.996   730.6
0.9600        -3093.703    -3128.851       35.148   755.3
0.9650        -3093.832    -3129.402       35.570   764.4
0.9700        -3094.000    -3129.458       35.458   762.0
0.9750        -3094.202    -3129.067       34.866   749.3
0.9800        -3094.423    -3128.938       34.515   741.7
0.9850        -3094.654    -3128.284       33.630   722.7
0.9900        -3094.883    -3128.252       33.370   717.1
0.9950        -3095.114    -3128.911       33.797   726.3
1.0000        -3095.347    -3128.581       33.234   714.2
1.0050        -3095.575    -3128.157       32.583   700.2
1.0100        -3095.792    -3128.754       32.961   708.3
1.0150        -3096.012    -3129.531       33.519   720.3
1.0200        -3096.236    -3129.322       33.086   711.0
1.0250        -3096.451    -3128.225       31.773   682.8
1.0300        -3096.641    -3128.525       31.884   685.2
1.0350        -3096.820    -3130.111       33.291   715.4
1.0400        -3097.013    -3131.132       34.119   733.2
1.0450        -3097.234    -3131.660       34.426   739.8
1.0500        -3097.494    -3132.477       34.984   751.8
1.0550        -3097.794    -3132.439       34.645   744.5
1.0600        -3098.118    -3131.597       33.479   719.5
1.0650        -3098.437    -3131.058       32.622   701.0
1.0700        -3098.733    -3130.999       32.266   693.4
1.0750        -3099.002    -3131.182       32.180   691.5
1.0800        -3099.246    -3131.671       32.425   696.8
1.0850        -3099.468    -3131.567       32.099   689.8
1.0900        -3099.660    -3131.152       31.492   676.8
1.0950        -3099.814    -3130.414       30.600   657.6
1.1000        -3099.915    -3129.726       29.811   640.6
1.1050        -3099.965    -3130.607       30.641   658.5
1.1100        -3099.979    -3131.678       31.699   681.2
1.1150        -3099.975    -3131.570       31.595   679.0
1.1200        -3099.947    -3130.758       30.810   662.1
1.1250        -3099.891    -3130.636       30.746   660.7
1.1300        -3099.803    -3130.917       31.114   668.6
1.1350        -3099.685    -3130.544       30.860   663.2
1.1400        -3099.537    -3129.759       30.221   649.5
1.1450        -3099.348    -3129.832       30.484   655.1
1.1500        -3099.117    -3130.473       31.357   673.9
1.1550        -3098.854    -3130.376       31.522   677.4
1.1600        -3098.575    -3129.929       31.354   673.8
1.1650        -3098.284    -3129.986       31.702   681.3
1.1700        -3097.981    -3130.169       32.188   691.7
1.1750        -3097.685    -3130.451       32.766   704.1
1.1800        -3097.413    -3130.527       33.114   711.6
1.1850        -3097.175    -3129.546       32.371   695.7
1.1900        -3096.968    -3129.325       32.357   695.4
1.1950        -3096.782    -3130.719       33.937   729.3
1.2000        -3096.641    -3131.976       35.335   759.3
1.2050        -3096.567    -3131.174       34.608   743.7
1.2100        -3096.547    -3130.850       34.303   737.2
1.2150        -3096.567    -3130.968       34.400   739.3
1.2200        -3096.613    -3130.434       33.822   726.8
1.2250        -3096.689    -3132.075       35.386   760.4
1.2300        -3096.810    -3132.705       35.895   771.4
1.2350        -3096.969    -3131.061       34.092   732.6
1.2400        -3097.141    -3130.972       33.831   727.0
1.2450        -3097.318    -3131.641       34.323   737.6
1.2500        -3097.504    -3131.331       33.827   726.9
1.2550        -3097.691    -3130.992       33.301   715.6
1.2600        -3097.871    -3130.975       33.105   711.4
1.2650        -3098.041    -3130.843       32.801   704.9
1.2700        -3098.198    -3131.082       32.884   706.7
1.2750        -3098.352    -3132.523       34.171   734.3
1.2800        -3098.533    -3133.979       35.446   761.7
1.2850        -3098.757    -3133.297       34.540   742.3
1.2900        -3098.983    -3130.888       31.906   685.6
1.2950        -3099.167    -3129.166       29.998   644.7
1.3000        -3099.291    -3129.190       29.899   642.5
1.3050        -3099.358    -3129.792       30.434   654.0
1.3100        -3099.382    -3131.061       31.679   680.8
1.3150        -3099.396    -3132.624       33.228   714.1
1.3200        -3099.418    -3133.116       33.699   724.2
1.3250        -3099.462    -3132.418       32.957   708.2
1.3300        -3099.505    -3130.435       30.930   664.7
1.3350        -3099.516    -3128.963       29.447   632.8
1.3400        -3099.474    -3129.929       30.454   654.5
1.3450        -3099.394    -3131.764       32.370   695.6
1.3500        -3099.298    -3131.611       32.313   694.4
1.3550        -3099.194    -3130.722       31.529   677.5
1.3600        -3099.071    -3129.933       30.861   663.2
1.3650        -3098.913    -3129.232       30.320   651.6
1.3700        -3098.707    -3129.766       31.059   667.4
1.3750        -3098.452    -3131.002       32.550   699.5
1.3800        -3098.174    -3131.386       33.212   713.7
1.3850        -3097.894    -3131.304       33.411   718.0
1.3900        -3097.620    -3131.083       33.463   719.1
1.3950        -3097.354    -3130.497       33.143   712.2
1.4000        -3097.094    -3130.385       33.290   715.4
1.4050        -3096.834    -3130.833       33.999   730.6
1.4100        -3096.594    -3131.834       35.240   757.3
1.4150        -3096.397    -3132.128       35.730   767.8
1.4200        -3096.262    -3132.075       35.813   769.6
1.4250        -3096.192    -3132.124       35.932   772.2
1.4300        -3096.190    -3131.084       34.894   749.9
1.4350        -3096.241    -3130.098       33.857   727.6
1.4400        -3096.331    -3129.789       33.458   719.0
1.4450        -3096.453    -3129.474       33.021   709.6
1.4500        -3096.611    -3129.444       32.833   705.6
1.4550        -3096.820    -3129.692       32.872   706.4
1.4600        -3097.098    -3130.235       33.137   712.1
1.4650        -3097.476    -3130.875       33.399   717.7
1.4700        -3097.967    -3131.217       33.250   714.5
1.4750        -3098.552    -3130.985       32.433   697.0
1.4800        -3099.164    -3130.639       31.475   676.4
1.4850        -3099.738    -3130.786       31.049   667.2
1.4900        -3100.236    -3131.387       31.150   669.4
1.4950        -3100.651    -3132.167       31.516   677.3
1.5000        -3100.988    -3132.922       31.935   686.3
1.5050        -3101.264    -3133.559       32.295   694.0
1.5100        -3101.499    -3134.492       32.992   709.0
1.5150        -3101.710    -3134.520       32.810   705.1
1.5200        -3101.899    -3134.117       32.218   692.4
1.5250        -3102.058    -3133.644       31.586   678.8
1.5300        -3102.184    -3133.092       30.908   664.2
1.5350        -3102.268    -3133.435       31.167   669.8
1.5400        -3102.326    -3134.025       31.699   681.2
1.5450        -3102.362    -3133.943       31.581   678.7
1.5500        -3102.378    -3134.293       31.914   685.8
1.5550        -3102.385    -3135.131       32.746   703.7
1.5600        -3102.392    -3135.267       32.875   706.5
1.5650        -3102.403    -3134.247       31.844   684.3
1.5700        -3102.401    -3133.680       31.280   672.2
1.5750        -3102.374    -3133.439       31.065   667.6
1.5800        -3102.318    -3133.131       30.813   662.2
1.5850        -3102.224    -3132.864       30.640   658.4
1.5900        -3102.092    -3133.492       31.400   674.8
1.5950        -3101.926    -3134.117       32.191   691.8
1.6000        -3101.738    -3133.816       32.078   689.4
1.6050        -3101.535    -3133.383       31.848   684.4
1.6100        -3101.309    -3132.548       31.239   671.3
1.6150        -3101.052    -3131.682       30.630   658.2
1.6200        -3100.755    -3130.994       30.239   649.8
1.6250        -3100.411    -3130.926       30.515   655.8
1.6300        -3100.025    -3131.220       31.195   670.4
1.6350        -3099.619    -3132.069       32.450   697.3
1.6400        -3099.225    -3133.542       34.317   737.5
1.6450        -3098.888    -3133.522       34.634   744.3
1.6500        -3098.631    -3131.860       33.229   714.1
1.6550        -3098.430    -3131.117       32.687   702.4
1.6600        -3098.260    -3130.963       32.703   702.8
1.6650        -3098.112    -3130.862       32.749   703.8
1.6700        -3097.988    -3131.590       33.602   722.1
1.6750        -3097.897    -3132.669       34.773   747.3
1.6800        -3097.853    -3132.558       34.705   745.8
1.6850        -3097.857    -3132.106       34.249   736.0
1.6900        -3097.897    -3132.363       34.466   740.7
1.6950        -3097.972    -3132.456       34.485   741.1
1.7000        -3098.081    -3132.221       34.140   733.7
1.7050        -3098.210    -3131.681       33.471   719.3
1.7100        -3098.347    -3131.359       33.012   709.4
1.7150        -3098.486    -3131.176       32.690   702.5
1.7200        -3098.619    -3131.175       32.556   699.6
1.7250        -3098.746    -3131.285       32.539   699.3
1.7300        -3098.864    -3130.850       31.986   687.4
1.7350        -3098.968    -3130.957       31.989   687.4
1.7400        -3099.064    -3131.734       32.671   702.1
1.7450        -3099.154    -3131.649       32.495   698.3
1.7500        -3099.242    -3131.795       32.553   699.6
1.7550        -3099.328    -3132.184       32.856   706.1
1.7600        -3099.420    -3132.054       32.633   701.3
1.7650        -3099.514    -3131.759       32.246   693.0
1.7700        -3099.600    -3131.533       31.933   686.2
1.7750        -3099.680    -3132.091       32.411   696.5
1.7800        -3099.755    -3131.947       32.192   691.8
1.7850        -3099.828    -3132.274       32.446   697.3
1.7900        -3099.909    -3132.903       32.994   709.0
1.7950        -3099.999    -3132.228       32.229   692.6
1.8000        -3100.093    -3132.520       32.428   696.9
1.8050        -3100.206    -3133.386       33.180   713.0
1.8100        -3100.338    -3131.812       31.474   676.4
1.8150        -3100.468    -3130.897       30.429   653.9
1.8200        -3100.598    -3132.545       31.946   686.5
1.8250        -3100.739    -3132.146       31.407   674.9
1.8300        -3100.885    -3130.946       30.061   646.0
1.8350        -3101.027    -3132.192       31.165   669.7
1.8400        -3101.173    -3132.909       31.736   682.0
1.8450        -3101.326    -3131.836       30.510   655.7
1.8500        -3101.464    -3131.860       30.396   653.2
1.8550        -3101.589    -3133.037       31.448   675.8
1.8600        -3101.707    -3133.080       31.373   674.2
1.8650        -3101.811    -3132.320       30.509   655.6
1.8700        -3101.887    -3132.419       30.531   656.1
1.8750        -3101.933    -3133.202       31.269   672.0
1.8800        -3101.959    -3133.632       31.673   680.6
1.8850        -3101.969    -3133.773       31.804   683.5
1.8900        -3101.963    -3134.186       32.223   692.5
1.8950        -3101.948    -3134.331       32.383   695.9
1.9000        -3101.928    -3134.590       32.663   701.9
1.9050        -3101.908    -3134.365       32.457   697.5
1.9100        -3101.886    -3133.352       31.466   676.2
1.9150        -3101.837    -3132.557       30.719   660.2
1.9200        -3101.754    -3132.300       30.546   656.4
1.9250        -3101.625    -3132.021       30.396   653.2
1.9300        -3101.449    -3132.195       30.746   660.7
1.9350        -3101.223    -3132.539       31.316   673.0
1.9400        -3100.960    -3132.547       31.587   678.8
1.9450        -3100.666    -3132.418       31.751   682.3
1.9500        -3100.349    -3132.839       32.490   698.2
1.9550        -3100.024    -3133.569       33.545   720.9
1.9600        -3099.715    -3132.615       32.900   707.0
1.9650        -3099.432    -3131.324       31.893   685.4
1.9700        -3099.151    -3131.171       32.020   688.1
1.9750        -3098.871    -3131.823       32.951   708.1
1.9800        -3098.604    -3131.779       33.175   712.9
1.9850        -3098.364    -3131.550       33.186   713.2
1.9900        -3098.151    -3132.000       33.849   727.4
1.9950        -3097.971    -3131.732       33.761   725.5
2.0000        -3097.827    -3130.969       33.142   712.2
2.0050        -3097.701    -3130.612       32.911   707.2
2.0100        -3097.589    -3130.823       33.234   714.2
2.0150        -3097.491    -3129.960       32.470   697.8
2.0200        -3097.397    -3129.003       31.606   679.2
2.0250        -3097.291    -3129.023       31.732   681.9
2.0300        -3097.169    -3129.040       31.872   684.9
2.0350        -3097.030    -3128.866       31.836   684.2
2.0400        -3096.881    -3130.017       33.136   712.1
2.0450        -3096.736    -3131.660       34.924   750.5
2.0500        -3096.630    -3132.005       35.375   760.2
2.0550        -3096.582    -3131.601       35.020   752.6
2.0600        -3096.593    -3132.667       36.074   775.2
2.0650        -3096.687    -3133.909       37.223   799.9
2.0700        -3096.883    -3133.016       36.133   776.5
2.0750        -3097.168    -3132.438       35.270   757.9
2.0800        -3097.535    -3133.015       35.480   762.5
2.0850        -3097.965    -3131.801       33.835   727.1
2.0900        -3098.405    -3130.271       31.867   684.8
2.0950        -3098.810    -3130.537       31.727   681.8
2.1000        -3099.179    -3130.913       31.734   682.0
2.1050        -3099.487    -3130.406       30.919   664.4
2.1100        -3099.730    -3130.948       31.218   670.9
2.1150        -3099.919    -3131.946       32.027   688.3
2.1200        -3100.062    -3131.512       31.449   675.8
2.1250        -3100.155    -3130.968       30.813   662.2
2.1300        -3100.205    -3131.828       31.623   679.6
2.1350        -3100.235    -3133.531       33.297   715.5
2.1400        -3100.270    -3134.538       34.268   736.4
2.1450        -3100.335    -3134.970       34.635   744.3
2.1500        -3100.428    -3134.243       33.815   726.7
2.1550        -3100.520    -3132.702       32.182   691.6
2.1600        -3100.597    -3132.632       32.036   688.4
2.1650        -3100.657    -3133.363       32.706   702.9
2.1700        -3100.716    -3133.564       32.848   705.9
2.1750        -3100.773    -3133.174       32.402   696.3
2.1800        -3100.822    -3132.803       31.980   687.3
2.1850        -3100.860    -3132.573       31.713   681.5
2.1900        -3100.876    -3132.042       31.167   669.8
2.1950        -3100.867    -3132.138       31.271   672.0
2.2000        -3100.833    -3131.867       31.034   666.9
2.2050        -3100.768    -3131.305       30.537   656.2
2.2100        -3100.669    -3132.415       31.746   682.2
2.2150        -3100.548    -3133.753       33.204   713.6
2.2200        -3100.431    -3133.983       33.553   721.0
2.2250        -3100.329    -3133.688       33.360   716.9
2.2300        -3100.239    -3132.689       32.450   697.4
2.2350        -3100.151    -3133.065       32.914   707.3
2.2400        -3100.066    -3134.822       34.756   746.9
2.2450        -3100.016    -3135.077       35.060   753.4
2.2500        -3100.011    -3133.326       33.314   715.9
2.2550        -3100.024    -3131.911       31.887   685.3
2.2600        -3100.027    -3131.906       31.879   685.1
2.2650        -3100.016    -3132.068       32.052   688.8
2.2700        -3099.990    -3132.280       32.290   693.9
2.2750        -3099.959    -3133.590       33.631   722.7
2.2800        -3099.941    -3133.806       33.865   727.7
2.2850        -3099.942    -3132.048       32.106   690.0
2.2900        -3099.936    -3131.768       31.831   684.1
2.2950        -3099.919    -3132.385       32.467   697.7
2.3000        -3099.892    -3131.608       31.717   681.6
2.3050        -3099.844    -3131.710       31.867   684.8
2.3100        -3099.776    -3133.101       33.325   716.1
2.3150        -3099.702    -3133.233       33.531   720.6
2.3200        -3099.638    -3132.898       33.260   714.7
2.3250        -3099.584    -3133.323       33.739   725.1
2.3300        -3099.541    -3132.020       32.479   698.0
2.3350        -3099.495    -3130.625       31.129   669.0
2.3400        -3099.421    -3131.098       31.677   680.7
2.3450        -3099.318    -3131.937       32.619   701.0
2.3500        -3099.199    -3131.652       32.452   697.4
2.3550        -3099.072    -3131.928       32.856   706.1
2.3600        -3098.940    -3132.747       33.807   726.5
2.3650        -3098.814    -3131.920       33.106   711.4
2.3700        -3098.702    -3133.041       34.339   737.9
2.3750        -3098.615    -3134.496       35.881   771.1
2.3800        -3098.590    -3134.829       36.239   778.8
2.3850        -3098.647    -3134.112       35.465   762.1
2.3900        -3098.759    -3132.431       33.672   723.6
2.3950        -3098.905    -3131.737       32.831   705.5
2.4000        -3099.065    -3131.374       32.309   694.3
2.4050        -3099.232    -3132.313       33.081   710.9
2.4100        -3099.424    -3133.092       33.669   723.5
2.4150        -3099.643    -3132.531       32.888   706.8
2.4200        -3099.873    -3132.295       32.422   696.7
2.4250        -3100.113    -3133.017       32.903   707.1
2.4300        -3100.367    -3132.700       32.333   694.8
2.4350        -3100.609    -3131.464       30.856   663.1
2.4400        -3100.822    -3131.811       30.989   665.9
2.4450        -3101.010    -3132.110       31.100   668.3
2.4500        -3101.167    -3131.851       30.684   659.4
2.4550        -3101.294    -3132.161       30.868   663.3
2.4600        -3101.390    -3132.951       31.562   678.3
2.4650        -3101.475    -3134.156       32.681   702.3
2.4700        -3101.562    -3133.903       32.341   695.0
2.4750        -3101.646    -3132.850       31.204   670.6
2.4800        -3101.705    -3132.235       30.530   656.1
2.4850        -3101.731    -3132.668       30.936   664.8
2.4900        -3101.731    -3133.994       32.263   693.3
2.4950        -3101.720    -3134.589       32.869   706.4
2.5000        -3101.711    -3134.306       32.595   700.5
2.5050        -3101.701    -3133.720       32.018   688.1
2.5100        -3101.677    -3133.416       31.740   682.1
2.5150        -3101.636    -3133.505       31.869   684.9
2.5200        -3101.570    -3133.439       31.870   684.9
2.5250        -3101.479    -3133.866       32.386   696.0
2.5300        -3101.366    -3135.283       33.917   728.9
2.5350        -3101.255    -3135.570       34.315   737.4
2.5400        -3101.158    -3134.438       33.279   715.2
2.5450        -3101.067    -3134.606       33.539   720.8
2.5500        -3100.979    -3134.418       33.439   718.6
2.5550        -3100.894    -3132.596       31.702   681.3
2.5600        -3100.788    -3132.088       31.300   672.6
2.5650        -3100.640    -3132.356       31.716   681.6
2.5700        -3100.453    -3132.658       32.205   692.1
2.5750        -3100.237    -3133.075       32.839   705.7
2.5800        -3100.000    -3132.323       32.323   694.6
2.5850        -3099.746    -3132.646       32.900   707.0
2.5900        -3099.478    -3133.221       33.743   725.1
2.5950        -3099.214    -3133.298       34.084   732.5
2.6000        -3098.974    -3133.116       34.142   733.7
2.6050        -3098.760    -3131.920       33.161   712.6
2.6100        -3098.557    -3131.386       32.829   705.5
2.6150        -3098.358    -3132.385       34.027   731.2
2.6200        -3098.177    -3132.430       34.253   736.1
2.6250        -3098.032    -3132.001       33.970   730.0
2.6300        -3097.912    -3132.404       34.492   741.2
2.6350        -3097.830    -3133.272       35.442   761.6
2.6400        -3097.804    -3133.352       35.548   763.9
2.6450        -3097.837    -3132.335       34.498   741.4
2.6500        -3097.915    -3131.658       33.743   725.1
2.6550        -3098.017    -3130.467       32.450   697.3
2.6600        -3098.125    -3130.453       32.328   694.7
2.6650        -3098.241    -3131.278       33.037   710.0
2.6700        -3098.380    -3132.355       33.975   730.1
2.6750        -3098.562    -3132.553       33.991   730.5
2.6800        -3098.781    -3131.437       32.655   701.8
2.6850        -3099.019    -3130.902       31.883   685.2
2.6900        -3099.255    -3130.259       31.004   666.3
2.6950        -3099.475    -3130.493       31.018   666.6
2.7000        -3099.698    -3132.719       33.022   709.6
2.7050        -3099.954    -3134.084       34.129   733.4
2.7100        -3100.265    -3134.579       34.314   737.4
2.7150        -3100.638    -3135.132       34.494   741.3
2.7200        -3101.057    -3134.440       33.383   717.4
2.7250        -3101.469    -3132.712       31.243   671.4
2.7300        -3101.836    -3132.635       30.799   661.9
2.7350        -3102.154    -3133.365       31.211   670.7
2.7400        -3102.427    -3134.129       31.702   681.3
2.7450        -3102.659    -3133.815       31.156   669.5
2.7500        -3102.834    -3133.647       30.813   662.2
2.7550        -3102.967    -3134.822       31.856   684.6
2.7600        -3103.071    -3135.404       32.334   694.8
2.7650        -3103.161    -3136.011       32.851   706.0
2.7700        -3103.249    -3136.335       33.085   711.0
2.7750        -3103.329    -3135.186       31.857   684.6
2.7800        -3103.389    -3134.743       31.354   673.8
2.7850        -3103.425    -3135.871       32.446   697.3
2.7900        -3103.450    -3135.363       31.913   685.8
2.7950        -3103.456    -3133.504       30.049   645.7
2.8000        -3103.424    -3133.554       30.130   647.5
2.8050        -3103.352    -3134.651       31.300   672.6
2.8100        -3103.256    -3134.664       31.408   675.0
2.8150        -3103.148    -3134.403       31.255   671.7
2.8200        -3103.026    -3135.064       32.038   688.5
2.8250        -3102.898    -3134.951       32.053   688.8
2.8300        -3102.770    -3133.869       31.099   668.3
2.8350        -3102.630    -3132.765       30.135   647.6
2.8400        -3102.462    -3131.918       29.457   633.0
2.8450        -3102.255    -3132.702       30.447   654.3
2.8500        -3102.024    -3134.925       32.901   707.0
2.8550        -3101.804    -3134.904       33.100   711.3
2.8600        -3101.621    -3133.611       31.990   687.5
2.8650        -3101.457    -3133.245       31.788   683.1
2.8700        -3101.299    -3133.750       32.450   697.4
2.8750        -3101.155    -3133.347       32.192   691.8
2.8800        -3101.022    -3132.758       31.737   682.0
2.8850        -3100.894    -3133.829       32.936   707.8
2.8900        -3100.783    -3134.528       33.745   725.2
2.8950        -3100.706    -3133.832       33.126   711.9
2.9000        -3100.652    -3133.354       32.703   702.8
2.9050        -3100.605    -3133.748       33.143   712.2
2.9100        -3100.574    -3134.308       33.734   724.9
2.9150        -3100.566    -3133.942       33.376   717.2
2.9200        -3100.576    -3133.990       33.414   718.1
2.9250        -3100.603    -3134.134       33.531   720.6
2.9300        -3100.647    -3133.572       32.925   707.5
2.9350        -3100.692    -3132.488       31.796   683.3
2.9400        -3100.719    -3131.980       31.260   671.8
2.9450        -3100.725    -3132.439       31.713   681.5
2.9500        -3100.710    -3132.427       31.717   681.6
2.9550        -3100.678    -3132.985       32.306   694.3
2.9600        -3100.644    -3134.588       33.944   729.4
2.9650        -3100.632    -3133.519       32.887   706.7
2.9700        -3100.623    -3131.239       30.616   657.9
2.9750        -3100.586    -3130.608       30.022   645.2
2.9800        -3100.501    -3130.820       30.319   651.6
2.9850        -3100.367    -3131.863       31.496   676.8
2.9900        -3100.200    -3132.667       32.466   697.7
2.9950        -3100.018    -3132.962       32.944   708.0
3.0000        -3099.831    -3132.744       32.913   707.3
3.0050        -3099.637    -3132.393       32.756   703.9
3.0100        -3099.433    -3132.280       32.848   705.9
3.0150        -3099.214    -3131.927       32.713   703.0
3.0200        -3098.978    -3131.354       32.376   695.8
3.0250        -3098.712    -3130.185       31.473   676.4
3.0300        -3098.399    -3129.855       31.456   676.0
3.0350        -3098.018    -3130.249       32.231   692.6
3.0400        -3097.579    -3129.117       31.538   677.7
3.0450        -3097.098    -3128.232       31.135   669.1
3.0500        -3096.566    -3129.714       33.148   712.3
3.0550        -3096.029    -3130.260       34.231   735.6
3.0600        -3095.568    -3130.009       34.441   740.1
3.0650        -3095.207    -3130.927       35.720   767.6
3.0700        -3094.963    -3130.643       35.679   766.7
3.0750        -3094.825    -3129.153       34.328   737.7
3.0800        -3094.759    -3130.114       35.355   759.8
3.0850        -3094.765    -3132.140       37.375   803.2
3.0900        -3094.860    -3131.710       36.849   791.9
3.0950        -3095.019    -3130.003       34.985   751.8
3.1000        -3095.193    -3129.137       33.944   729.5
3.1050        -3095.372    -3130.066       34.694   745.6
3.1100        -3095.582    -3131.691       36.109   776.0
3.1150        -3095.836    -3131.187       35.352   759.7
3.1200        -3096.111    -3130.109       33.998   730.6
3.1250        -3096.392    -3130.592       34.200   735.0
3.1300        -3096.685    -3131.543       34.858   749.1
3.1350        -3097.000    -3132.032       35.032   752.8
3.1400        -3097.337    -3132.070       34.733   746.4
3.1450        -3097.688    -3132.464       34.776   747.3
3.1500        -3098.052    -3132.838       34.786   747.5
3.1550        -3098.422    -3133.249       34.827   748.4
3.1600        -3098.804    -3133.599       34.796   747.8
3.1650        -3099.176    -3132.964       33.788   726.1
3.1700        -3099.514    -3131.628       32.114   690.1
3.1750        -3099.792    -3130.816       31.024   666.7
3.1800        -3100.010    -3130.982       30.971   665.6
3.1850        -3100.179    -3131.349       31.170   669.8
3.1900        -3100.312    -3132.847       32.535   699.2
3.1950        -3100.444    -3134.969       34.525   741.9
3.2000        -3100.616    -3136.162       35.546   763.9
3.2050        -3100.838    -3135.445       34.608   743.7
3.2100        -3101.082    -3133.979       32.897   707.0
3.2150        -3101.315    -3133.581       32.266   693.4
3.2200        -3101.541    -3134.788       33.247   714.5
3.2250        -3101.770    -3135.094       33.324   716.1
3.2300        -3102.003    -3134.649       32.646   701.6
3.2350        -3102.232    -3134.572       32.340   695.0
3.2400        -3102.440    -3134.107       31.667   680.5
3.2450        -3102.618    -3133.806       31.188   670.2
3.2500        -3102.768    -3134.470       31.701   681.3
3.2550        -3102.897    -3133.880       30.983   665.8
3.2600        -3102.984    -3132.588       29.605   636.2
3.2650        -3103.024    -3133.795       30.771   661.3
3.2700        -3103.028    -3135.282       32.253   693.1
3.2750        -3103.025    -3135.923       32.898   707.0
3.2800        -3103.025    -3135.740       32.715   703.0
3.2850        -3103.029    -3135.348       32.319   694.5
3.2900        -3103.026    -3134.388       31.362   674.0
3.2950        -3103.001    -3133.783       30.782   661.5
3.3000        -3102.942    -3134.005       31.063   667.5
3.3050        -3102.845    -3133.167       30.322   651.6
3.3100        -3102.700    -3132.479       29.779   639.9
3.3150        -3102.492    -3134.117       31.625   679.6
3.3200        -3102.228    -3135.758       33.530   720.6
3.3250        -3101.943    -3134.580       32.636   701.4
3.3300        -3101.648    -3133.800       32.151   690.9
3.3350        -3101.325    -3133.694       32.369   695.6
3.3400        -3100.975    -3132.317       31.342   673.5
3.3450        -3100.602    -3131.449       30.847   662.9
3.3500        -3100.188    -3131.963       31.775   682.8
3.3550        -3099.753    -3133.276       33.522   720.4
3.3600        -3099.345    -3133.816       34.472   740.8
3.3650        -3099.006    -3132.495       33.489   719.7
3.3700        -3098.736    -3130.885       32.148   690.9
3.3750        -3098.507    -3131.035       32.528   699.0
3.3800        -3098.306    -3131.641       33.334   716.3
3.3850        -3098.149    -3131.646       33.497   719.8
3.3900        -3098.035    -3132.182       34.147   733.8
3.3950        -3097.969    -3133.346       35.377   760.2
3.4000        -3097.968    -3133.616       35.648   766.1
3.4050        -3098.023    -3132.505       34.482   741.0
3.4100        -3098.114    -3132.307       34.193   734.8
3.4150        -3098.223    -3132.222       33.999   730.6
3.4200        -3098.346    -3131.747       33.401   717.8
3.4250        -3098.475    -3131.306       32.831   705.5
3.4300        -3098.587    -3129.613       31.026   666.7
3.4350        -3098.657    -3129.162       30.505   655.6
3.4400        -3098.699    -3132.327       33.628   722.7
3.4450        -3098.764    -3134.941       36.177   777.4
3.4500        -3098.894    -3133.911       35.017   752.5
3.4550        -3099.063    -3132.416       33.353   716.8
3.4600        -3099.245    -3132.634       33.389   717.5
3.4650        -3099.435    -3132.537       33.102   711.4
3.4700        -3099.624    -3132.234       32.610   700.8
3.4750        -3099.820    -3133.633       33.814   726.6
3.4800        -3100.042    -3134.462       34.420   739.7
3.4850        -3100.283    -3133.456       33.173   712.9
3.4900        -3100.524    -3133.110       32.586   700.3
3.4950        -3100.760    -3133.763       33.003   709.2
3.5000        -3100.996    -3134.925       33.929   729.1
3.5050        -3101.254    -3135.650       34.395   739.2
3.5100        -3101.527    -3135.306       33.779   725.9
3.5150        -3101.804    -3135.456       33.653   723.2
3.5200        -3102.081    -3136.108       34.027   731.2
3.5250        -3102.358    -3135.918       33.559   721.2
3.5300        -3102.606    -3134.240       31.634   679.8
3.5350        -3102.796    -3133.543       30.746   660.7
3.5400        -3102.932    -3134.023       31.091   668.1
3.5450        -3103.018    -3134.140       31.121   668.8
3.5500        -3103.073    -3135.150       32.077   689.3
3.5550        -3103.109    -3134.959       31.850   684.5
3.5600        -3103.123    -3133.960       30.837   662.7
3.5650        -3103.112    -3135.609       32.497   698.4
3.5700        -3103.098    -3136.827       33.729   724.8
3.5750        -3103.102    -3135.819       32.716   703.1
3.5800        -3103.112    -3135.071       31.959   686.8
3.5850        -3103.108    -3135.420       32.312   694.4
3.5900        -3103.105    -3135.989       32.885   706.7
3.5950        -3103.101    -3134.953       31.852   684.5
3.6000        -3103.082    -3133.370       30.288   650.9
3.6050        -3103.030    -3133.266       30.236   649.8
3.6100        -3102.932    -3133.820       30.888   663.8
3.6150        -3102.807    -3134.359       31.552   678.0
3.6200        -3102.661    -3133.554       30.893   663.9
3.6250        -3102.492    -3132.432       29.941   643.4
3.6300        -3102.285    -3133.311       31.026   666.7
3.6350        -3102.045    -3134.841       32.796   704.8
3.6400        -3101.809    -3135.531       33.722   724.7
3.6450        -3101.600    -3135.309       33.708   724.4
3.6500        -3101.424    -3134.728       33.304   715.7
3.6550        -3101.275    -3133.987       32.712   703.0
3.6600        -3101.139    -3133.361       32.222   692.4
3.6650        -3101.004    -3132.441       31.436   675.6
3.6700        -3100.859    -3132.335       31.477   676.4
3.6750        -3100.703    -3133.497       32.794   704.7
3.6800        -3100.555    -3134.312       33.757   725.4
3.6850        -3100.436    -3134.113       33.678   723.7
3.6900        -3100.347    -3133.254       32.907   707.2
3.6950        -3100.273    -3133.254       32.981   708.8
3.7000        -3100.214    -3133.357       33.144   712.3
3.7050        -3100.166    -3132.811       32.645   701.5
3.7100        -3100.130    -3133.206       33.076   710.8
3.7150        -3100.106    -3134.025       33.918   728.9
3.7200        -3100.108    -3134.280       34.172   734.3
3.7250        -3100.141    -3134.188       34.047   731.7
3.7300        -3100.201    -3134.438       34.237   735.7
3.7350        -3100.282    -3133.641       33.358   716.9
3.7400        -3100.367    -3132.521       32.153   691.0
3.7450        -3100.431    -3131.791       31.360   673.9
3.7500        -3100.467    -3131.703       31.236   671.3
3.7550        -3100.474    -3131.956       31.482   676.6
3.7600        -3100.457    -3131.679       31.222   671.0
3.7650        -3100.422    -3131.610       31.188   670.2
3.7700        -3100.369    -3133.203       32.834   705.6
3.7750        -3100.329    -3134.687       34.358   738.3
3.7800        -3100.324    -3134.284       33.960   729.8
3.7850        -3100.344    -3133.601       33.257   714.7
3.7900        -3100.377    -3133.420       33.043   710.1
3.7950        -3100.414    -3133.019       32.605   700.7
3.8000        -3100.445    -3132.905       32.460   697.6
3.8050        -3100.476    -3133.976       33.500   719.9
3.8100        -3100.525    -3134.794       34.269   736.4
3.8150        -3100.597    -3133.636       33.040   710.0
3.8200        -3100.670    -3132.636       31.967   687.0
3.8250        -3100.734    -3133.162       32.428   696.9
3.8300        -3100.788    -3133.033       32.246   693.0
3.8350        -3100.831    -3133.146       32.315   694.4
3.8400        -3100.873    -3134.113       33.240   714.3
3.8450        -3100.928    -3135.123       34.195   734.8
3.8500        -3101.019    -3135.128       34.109   733.0
3.8550        -3101.132    -3133.860       32.728   703.3
3.8600        -3101.253    -3133.870       32.617   700.9
3.8650        -3101.375    -3133.707       32.333   694.8
3.8700        -3101.487    -3132.162       30.675   659.2
3.8750        -3101.563    -3131.430       29.867   641.8
3.8800        -3101.595    -3132.456       30.861   663.2
3.8850        -3101.597    -3134.190       32.593   700.4
3.8900        -3101.599    -3135.478       33.879   728.1
3.8950        -3101.625    -3135.354       33.729   724.8
3.9000        -3101.675    -3134.294       32.618   701.0
3.9050        -3101.737    -3134.286       32.549   699.5
3.9100        -3101.808    -3134.514       32.705   702.8
3.9150        -3101.893    -3134.505       32.612   700.8
3.9200        -3101.994    -3134.457       32.463   697.6
3.9250        -3102.119    -3134.534       32.415   696.6
3.9300        -3102.259    -3133.286       31.027   666.8
3.9350        -3102.391    -3132.417       30.026   645.3
3.9400        -3102.509    -3133.629       31.121   668.8
3.9450        -3102.621    -3134.418       31.797   683.3
3.9500        -3102.735    -3134.776       32.041   688.5
3.9550        -3102.865    -3135.835       32.970   708.5
3.9600        -3103.026    -3136.451       33.424   718.3
3.9650        -3103.226    -3136.144       32.918   707.4
3.9700        -3103.450    -3135.478       32.027   688.3
3.9750        -3103.677    -3135.126       31.449   675.8
3.9800        -3103.902    -3135.707       31.805   683.5
3.9850        -3104.128    -3136.401       32.274   693.6
3.9900        -3104.358    -3136.514       32.156   691.0
3.9950        -3104.585    -3135.922       31.337   673.4
4.0000        -3104.787    -3134.920       30.133   647.6
4.0050        -3104.942    -3134.615       29.673   637.7
4.0100        -3105.058    -3136.205       31.147   669.3
4.0150        -3105.153    -3137.685       32.532   699.1
4.0200        -3105.241    -3136.724       31.483   676.6
4.0250        -3105.311    -3136.114       30.803   661.9
4.0300        -3105.356    -3137.009       31.653   680.2
4.0350        -3105.376    -3135.870       30.493   655.3
4.0400        -3105.356    -3134.878       29.522   634.4
4.0450        -3105.289    -3136.616       31.327   673.2
4.0500        -3105.184    -3137.779       32.595   700.5
4.0550        -3105.063    -3136.914       31.851   684.5
4.0600        -3104.924    -3136.077       31.154   669.5
4.0650        -3104.746    -3136.037       31.292   672.5
4.0700        -3104.529    -3136.045       31.515   677.3
4.0750        -3104.272    -3134.626       30.353   652.3
4.0800        -3103.972    -3133.007       29.035   624.0
4.0850        -3103.607    -3133.296       29.689   638.0
4.0900        -3103.163    -3135.333       32.170   691.3
4.0950        -3102.697    -3135.616       32.919   707.4
4.1000        -3102.272    -3133.918       31.646   680.1
4.1050        -3101.894    -3133.859       31.965   686.9
4.1100        -3101.545    -3134.553       33.007   709.3
4.1150        -3101.253    -3135.284       34.031   731.3
4.1200        -3101.029    -3135.527       34.498   741.4
4.1250        -3100.872    -3134.999       34.127   733.4
4.1300        -3100.774    -3135.353       34.579   743.1
4.1350        -3100.729    -3136.702       35.973   773.1
4.1400        -3100.754    -3136.189       35.435   761.5
4.1450        -3100.830    -3134.212       33.382   717.4
4.1500        -3100.915    -3133.561       32.645   701.5
4.1550        -3100.999    -3133.957       32.958   708.3
4.1600        -3101.082    -3133.514       32.432   697.0
4.1650        -3101.157    -3133.376       32.219   692.4
4.1700        -3101.232    -3134.653       33.421   718.2
4.1750        -3101.319    -3134.855       33.536   720.7
4.1800        -3101.419    -3134.501       33.082   710.9
4.1850        -3101.541    -3135.883       34.342   738.0
4.1900        -3101.694    -3135.435       33.741   725.1
4.1950        -3101.864    -3133.888       32.024   688.2
4.2000        -3102.021    -3133.590       31.570   678.4
4.2050        -3102.168    -3135.009       32.841   705.8
4.2100        -3102.324    -3135.177       32.853   706.0
4.2150        -3102.480    -3134.337       31.857   684.6
4.2200        -3102.629    -3135.158       32.529   699.0
4.2250        -3102.790    -3136.348       33.558   721.2
4.2300        -3102.969    -3135.343       32.374   695.7
4.2350        -3103.146    -3134.368       31.222   671.0
4.2400        -3103.308    -3134.843       31.535   677.7
4.2450        -3103.454    -3134.826       31.371   674.2
4.2500        -3103.580    -3133.897       30.317   651.5
4.2550        -3103.675    -3134.322       30.647   658.6
4.2600        -3103.746    -3135.406       31.660   680.4
4.2650        -3103.798    -3135.315       31.518   677.3
4.2700        -3103.842    -3135.366       31.524   677.4
4.2750        -3103.866    -3134.489       30.623   658.1
4.2800        -3103.854    -3134.052       30.198   649.0
4.2850        -3103.797    -3135.355       31.557   678.2
4.2900        -3103.695    -3135.860       32.165   691.2
4.2950        -3103.559    -3135.514       31.955   686.7
4.3000        -3103.379    -3135.617       32.238   692.8
4.3050        -3103.152    -3135.398       32.245   692.9
4.3100        -3102.874    -3134.870       31.995   687.6
4.3150        -3102.545    -3135.389       32.844   705.8
4.3200        -3102.169    -3134.890       32.721   703.2
4.3250        -3101.775    -3132.785       31.010   666.4
4.3300        -3101.361    -3131.908       30.547   656.5
4.3350        -3100.904    -3133.225       32.320   694.6
4.3400        -3100.433    -3134.496       34.062   732.0
4.3450        -3100.017    -3133.329       33.312   715.9
4.3500        -3099.670    -3132.613       32.943   707.9
4.3550        -3099.367    -3132.699       33.332   716.3
4.3600        -3099.108    -3132.427       33.320   716.0
4.3650        -3098.893    -3133.152       34.259   736.2
4.3700        -3098.724    -3133.155       34.431   739.9
4.3750        -3098.608    -3133.364       34.756   746.9
4.3800        -3098.546    -3134.246       35.700   767.2
4.3850        -3098.547    -3134.639       36.092   775.6
4.3900        -3098.626    -3134.136       35.510   763.1
4.3950        -3098.761    -3132.993       34.232   735.7
4.4000        -3098.925    -3132.308       33.382   717.4
4.4050        -3099.103    -3132.198       33.095   711.2
4.4100        -3099.281    -3131.733       32.452   697.4
4.4150        -3099.458    -3132.121       32.663   701.9
4.4200        -3099.636    -3132.346       32.710   702.9
4.4250        -3099.808    -3132.062       32.253   693.1
4.4300        -3099.984    -3132.980       32.996   709.1
4.4350        -3100.165    -3133.107       32.942   707.9
4.4400        -3100.349    -3132.438       32.090   689.6
4.4450        -3100.528    -3133.094       32.566   699.8
4.4500        -3100.706    -3133.128       32.423   696.8
4.4550        -3100.877    -3132.919       32.042   688.6
4.4600        -3101.049    -3134.415       33.366   717.0
4.4650        -3101.244    -3135.446       34.202   735.0
4.4700        -3101.472    -3134.966       33.494   719.8
4.4750        -3101.713    -3134.242       32.528   699.0
4.4800        -3101.953    -3134.188       32.235   692.7
4.4850        -3102.190    -3134.443       32.254   693.1
4.4900        -3102.414    -3134.245       31.830   684.0
4.4950        -3102.623    -3134.519       31.895   685.4
4.5000        -3102.826    -3135.621       32.795   704.8
4.5050        -3103.035    -3136.416       33.381   717.3
4.5100        -3103.254    -3135.805       32.552   699.5
4.5150        -3103.465    -3135.447       31.982   687.3
4.5200        -3103.661    -3135.311       31.651   680.2
4.5250        -3103.827    -3134.540       30.712   660.0
4.5300        -3103.956    -3134.528       30.572   657.0
4.5350        -3104.053    -3136.322       32.268   693.4
4.5400        -3104.145    -3137.319       33.174   712.9
4.5450        -3104.238    -3135.976       31.738   682.0
4.5500        -3104.317    -3136.113       31.796   683.3
4.5550        -3104.385    -3137.204       32.819   705.3
4.5600        -3104.455    -3136.893       32.438   697.1
4.5650        -3104.524    -3136.097       31.574   678.5
4.5700        -3104.574    -3135.286       30.712   660.0
4.5750        -3104.595    -3135.606       31.011   666.4
4.5800        -3104.583    -3135.575       30.992   666.0
4.5850        -3104.539    -3135.024       30.486   655.1
4.5900        -3104.440    -3134.548       30.109   647.0
4.5950        -3104.260    -3134.492       30.232   649.7
4.6000        -3103.959    -3134.847       30.888   663.8
4.6050        -3103.506    -3134.472       30.966   665.5
4.6100        -3102.886    -3133.667       30.781   661.5
4.6150        -3102.136    -3133.309       31.173   669.9
4.6200        -3101.347    -3133.947       32.600   700.6
4.6250        -3100.632    -3135.087       34.455   740.4
4.6300        -3100.080    -3135.460       35.380   760.3
4.6350        -3099.701    -3135.264       35.562   764.2
4.6400        -3099.460    -3136.101       36.641   787.4
4.6450        -3099.339    -3135.701       36.361   781.4
4.6500        -3099.304    -3132.625       33.322   716.1
4.6550        -3099.294    -3131.841       32.547   699.4
4.6600        -3099.292    -3133.270       33.978   730.2
4.6650        -3099.310    -3132.808       33.498   719.9
4.6700        -3099.344    -3131.528       32.183   691.6
4.6750        -3099.380    -3132.583       33.203   713.5
4.6800        -3099.430    -3133.880       34.449   740.3
4.6850        -3099.515    -3133.772       34.256   736.2
4.6900        -3099.635    -3133.095       33.460   719.0
4.6950        -3099.774    -3132.615       32.841   705.7
4.7000        -3099.919    -3132.632       32.712   703.0
4.7050        -3100.074    -3133.593       33.519   720.3
4.7100        -3100.258    -3134.745       34.487   741.1
4.7150        -3100.481    -3134.466       33.985   730.3
4.7200        -3100.733    -3133.881       33.148   712.3
4.7250        -3100.992    -3133.029       32.038   688.5
4.7300        -3101.234    -3132.839       31.604   679.2
4.7350        -3101.460    -3133.414       31.954   686.7
4.7400        -3101.671    -3134.159       32.487   698.1
4.7450        -3101.889    -3135.759       33.871   727.9
4.7500        -3102.138    -3136.456       34.319   737.5
4.7550        -3102.410    -3135.247       32.837   705.7
4.7600        -3102.666    -3133.809       31.142   669.2
4.7650        -3102.891    -3134.359       31.468   676.3
4.7700        -3103.092    -3134.925       31.833   684.1
4.7750        -3103.266    -3134.739       31.473   676.4
4.7800        -3103.425    -3135.693       32.269   693.4
4.7850        -3103.576    -3136.609       33.033   709.9
4.7900        -3103.740    -3137.754       34.014   731.0
4.7950        -3103.934    -3138.023       34.089   732.6
4.8000        -3104.148    -3137.207       33.059   710.4
4.8050        -3104.376    -3137.894       33.518   720.3
4.8100        -3104.617    -3137.746       33.129   711.9
4.8150        -3104.860    -3137.091       32.232   692.7
4.8200        -3105.083    -3136.438       31.355   673.8
4.8250        -3105.277    -3136.340       31.063   667.5
4.8300        -3105.436    -3136.305       30.869   663.4
4.8350        -3105.557    -3135.933       30.376   652.8
4.8400        -3105.637    -3136.684       31.046   667.2
4.8450        -3105.688    -3137.400       31.712   681.5
4.8500        -3105.723    -3137.827       32.103   689.9
4.8550        -3105.751    -3138.274       32.523   698.9
4.8600        -3105.770    -3137.612       31.842   684.3
4.8650        -3105.781    -3137.996       32.215   692.3
4.8700        -3105.784    -3138.207       32.423   696.8
4.8750        -3105.783    -3137.550       31.767   682.7
4.8800        -3105.766    -3137.342       31.575   678.5
4.8850        -3105.730    -3136.956       31.227   671.1
4.8900        -3105.657    -3136.009       30.352   652.3
4.8950        -3105.533    -3136.616       31.083   668.0
4.9000        -3105.350    -3137.874       32.523   698.9
4.9050        -3105.116    -3137.549       32.433   697.0
4.9100        -3104.833    -3136.260       31.427   675.4
4.9150        -3104.475    -3136.077       31.602   679.1
4.9200        -3104.018    -3136.869       32.850   705.9
4.9250        -3103.489    -3135.783       32.294   694.0
4.9300        -3102.931    -3135.449       32.518   698.8
4.9350        -3102.361    -3135.409       33.048   710.2
4.9400        -3101.838    -3134.308       32.471   697.8
4.9450        -3101.386    -3133.519       32.133   690.5
4.9500        -3100.998    -3134.641       33.643   723.0
4.9550        -3100.683    -3135.752       35.069   753.6
4.9600        -3100.465    -3134.342       33.877   728.0
4.9650        -3100.314    -3132.506       32.192   691.8
4.9700        -3100.188    -3133.076       32.888   706.8
4.9750        -3100.080    -3133.266       33.187   713.2
4.9800        -3099.995    -3133.311       33.316   716.0
4.9850        -3099.932    -3133.836       33.904   728.6
4.9900        -3099.897    -3133.444       33.548   720.9
4.9950        -3099.881    -3132.318       32.437   697.1
5.0000        -3099.870    -3132.948       33.078   710.8
Time[ps]      Etot[eV]     Epot[eV]     Ekin[eV]    T[K]
0.0000        -2883.443    -2931.119       47.677   975.8
0.0050        -2883.408    -2922.239       38.831   794.7
0.0100        -2883.252    -2909.424       26.173   535.7
0.0150        -2882.932    -2905.325       22.393   458.3
0.0200        -2882.414    -2904.053       21.639   442.9
0.0250        -2881.790    -2902.674       20.884   427.4
0.0300        -2881.186    -2902.841       21.656   443.2
0.0350        -2880.620    -2903.602       22.982   470.4
0.0400        -2880.053    -2903.976       23.923   489.6
0.0450        -2879.428    -2905.127       25.699   526.0
0.0500        -2878.707    -2905.473       26.766   547.8
0.0550        -2877.927    -2904.272       26.345   539.2
0.0600        -2877.124    -2903.035       25.911   530.3
0.0650        -2876.299    -2901.859       25.560   523.1
0.0700        -2875.454    -2901.502       26.048   533.1
0.0750        -2874.565    -2901.851       27.286   558.4
0.0800        -2873.644    -2901.351       27.707   567.1
0.0850        -2872.713    -2900.361       27.648   565.9
0.0900        -2871.773    -2899.571       27.797   568.9
0.0950        -2870.804    -2899.567       28.763   588.7
0.1000        -2869.791    -2899.995       30.204   618.2
0.1050        -2868.746    -2899.315       30.569   625.6
0.1100        -2867.703    -2898.359       30.656   627.4
0.1150        -2866.634    -2898.624       31.990   654.7
0.1200        -2865.531    -2898.301       32.770   670.7
0.1250        -2864.423    -2897.214       32.791   671.1
0.1300        -2863.316    -2896.393       33.077   677.0
0.1350        -2862.191    -2895.924       33.732   690.4
0.1400        -2861.060    -2894.464       33.403   683.6
0.1450        -2859.948    -2892.669       32.721   669.7
0.1500        -2858.835    -2891.489       32.653   668.3
0.1550        -2857.696    -2891.411       33.714   690.0
0.1600        -2856.514    -2892.030       35.516   726.9
0.1650        -2855.302    -2891.672       36.370   744.4
0.1700        -2854.108    -2889.893       35.784   732.4
0.1750        -2852.910    -2890.738       37.828   774.2
0.1800        -2851.662    -2891.127       39.465   807.7
0.1850        -2850.421    -2890.471       40.050   819.7
0.1900        -2849.194    -2889.874       40.680   832.6
0.1950        -2847.983    -2888.560       40.577   830.5
0.2000        -2846.804    -2886.387       39.583   810.1
0.2050        -2845.642    -2885.206       39.564   809.7
0.2100        -2844.455    -2885.404       40.949   838.1
0.2150        -2843.252    -2884.578       41.327   845.8
0.2200        -2842.073    -2882.356       40.283   824.4
0.2250        -2840.911    -2881.596       40.685   832.7
0.2300        -2839.712    -2882.728       43.016   880.4
0.2350        -2838.502    -2881.640       43.139   882.9
0.2400        -2837.345    -2878.867       41.522   849.8
0.2450        -2836.208    -2878.372       42.164   863.0
0.2500        -2835.034    -2879.300       44.267   906.0
0.2550        -2833.852    -2879.114       45.263   926.4
0.2600        -2832.691    -2879.320       46.629   954.3
0.2650        -2831.554    -2879.255       47.701   976.3
0.2700        -2830.458    -2880.066       49.608  1015.3
0.2750        -2829.415    -2879.420       50.004  1023.4
0.2800        -2828.463    -2877.611       49.148  1005.9
0.2850        -2827.571    -2876.926       49.355  1010.1
0.2900        -2826.724    -2876.362       49.639  1015.9
0.2950        -2825.918    -2876.157       50.239  1028.2
0.3000        -2825.162    -2873.953       48.791   998.6
0.3050        -2824.450    -2873.340       48.889  1000.6
0.3100        -2823.749    -2872.918       49.168  1006.3
0.3150        -2823.071    -2871.753       48.682   996.4
0.3200        -2822.409    -2873.247       50.838  1040.5
0.3250        -2821.767    -2875.172       53.405  1093.0
0.3300        -2821.213    -2874.508       53.296  1090.8
0.3350        -2820.765    -2872.215       51.450  1053.0
0.3400        -2820.390    -2870.840       50.450  1032.5
0.3450        -2820.057    -2871.849       51.792  1060.0
0.3500        -2819.772    -2871.502       51.730  1058.7
0.3550        -2819.550    -2871.528       51.978  1063.8
0.3600        -2819.400    -2872.976       53.576  1096.5
0.3650        -2819.335    -2871.103       51.768  1059.5
0.3700        -2819.336    -2869.583       50.246  1028.4
0.3750        -2819.372    -2869.437       50.065  1024.7
0.3800        -2819.425    -2867.958       48.533   993.3
0.3850        -2819.476    -2867.444       47.968   981.7
0.3900        -2819.506    -2866.814       47.308   968.2
0.3950        -2819.513    -2868.212       48.699   996.7
0.4000        -2819.520    -2869.985       50.466  1032.9
0.4050        -2819.545    -2868.895       49.351  1010.0
0.4100        -2819.591    -2869.903       50.312  1029.7
0.4150        -2819.674    -2872.512       52.838  1081.4
0.4200        -2819.839    -2872.676       52.837  1081.4
0.4250        -2820.076    -2871.139       51.063  1045.1
0.4300        -2820.372    -2872.193       51.821  1060.6
0.4350        -2820.730    -2872.470       51.741  1059.0
0.4400        -2821.134    -2871.086       49.952  1022.4
0.4450        -2821.547    -2870.420       48.874  1000.3
0.4500        -2821.965    -2871.393       49.428  1011.6
0.4550        -2822.385    -2871.016       48.631   995.3
0.4600        -2822.781    -2869.500       46.719   956.2
0.4650        -2823.131    -2869.976       46.845   958.8
0.4700        -2823.457    -2872.427       48.969  1002.2
0.4750        -2823.789    -2873.453       49.663  1016.4
0.4800        -2824.137    -2873.243       49.107  1005.0
0.4850        -2824.471    -2871.702       47.231   966.7
0.4900        -2824.773    -2871.802       47.029   962.5
0.4950        -2825.035    -2871.179       46.145   944.4
0.5000        -2825.243    -2871.695       46.452   950.7
0.5050        -2825.414    -2873.132       47.717   976.6
0.5100        -2825.561    -2874.072       48.511   992.9
0.5150        -2825.716    -2876.981       51.265  1049.2
0.5200        -2825.927    -2878.424       52.497  1074.4
0.5250        -2826.204    -2876.925       50.721  1038.1
0.5300        -2826.518    -2876.286       49.768  1018.6
0.5350        -2826.845    -2876.306       49.461  1012.3
0.5400        -2827.183    -2876.047       48.865  1000.1
0.5450        -2827.506    -2874.844       47.337   968.8
0.5500        -2827.801    -2874.901       47.100   964.0
0.5550        -2828.058    -2874.612       46.554   952.8
0.5600        -2828.264    -2874.091       45.828   937.9
0.5650        -2828.422    -2875.613       47.191   965.8
0.5700        -2828.553    -2877.183       48.630   995.3
0.5750        -2828.674    -2876.240       47.566   973.5
0.5800        -2828.761    -2873.916       45.154   924.2
0.5850        -2828.789    -2874.369       45.580   932.9
0.5900        -2828.754    -2875.748       46.995   961.8
0.5950        -2828.684    -2877.552       48.869  1000.2
0.6000        -2828.605    -2877.992       49.388  1010.8
0.6050        -2828.535    -2877.910       49.375  1010.5
0.6100        -2828.478    -2877.910       49.432  1011.7
0.6150        -2828.426    -2876.896       48.470   992.0
0.6200        -2828.374    -2877.529       49.155  1006.0
0.6250        -2828.328    -2878.170       49.842  1020.1
0.6300        -2828.290    -2875.883       47.593   974.1
0.6350        -2828.238    -2875.205       46.967   961.3
0.6400        -2828.145    -2874.969       46.824   958.3
0.6450        -2828.015    -2875.595       47.579   973.8
0.6500        -2827.859    -2878.340       50.482  1033.2
0.6550        -2827.725    -2879.881       52.155  1067.4
0.6600        -2827.650    -2877.997       50.347  1030.4
0.6650        -2827.606    -2875.962       48.356   989.7
0.6700        -2827.563    -2877.024       49.461  1012.3
0.6750        -2827.533    -2878.072       50.539  1034.4
0.6800        -2827.526    -2876.596       49.069  1004.3
0.6850        -2827.526    -2875.058       47.531   972.8
0.6900        -2827.502    -2875.019       47.517   972.5
0.6950        -2827.458    -2876.845       49.388  1010.8
0.7000        -2827.415    -2877.115       49.700  1017.2
0.7050        -2827.387    -2875.932       48.545   993.6
0.7100        -2827.357    -2875.553       48.196   986.4
0.7150        -2827.308    -2874.756       47.448   971.1
0.7200        -2827.239    -2876.227       48.989  1002.6
0.7250        -2827.173    -2878.860       51.687  1057.9
0.7300        -2827.156    -2879.318       52.162  1067.6
0.7350        -2827.206    -2878.333       51.127  1046.4
0.7400        -2827.303    -2877.066       49.764  1018.5
0.7450        -2827.418    -2875.919       48.501   992.6
0.7500        -2827.522    -2874.855       47.333   968.7
0.7550        -2827.597    -2874.347       46.750   956.8
0.7600        -2827.635    -2874.776       47.141   964.8
0.7650        -2827.639    -2875.393       47.754   977.4
0.7700        -2827.627    -2877.329       49.702  1017.2
0.7750        -2827.626    -2878.256       50.631  1036.2
0.7800        -2827.659    -2877.778       50.119  1025.8
0.7850        -2827.718    -2877.066       49.349  1010.0
0.7900        -2827.788    -2876.580       48.792   998.6
0.7950        -2827.854    -2876.164       48.310   988.7
0.8000        -2827.917    -2876.856       48.940  1001.6
0.8050        -2827.978    -2876.859       48.881  1000.4
0.8100        -2828.038    -2876.265       48.227   987.0
0.8150        -2828.090    -2877.100       49.010  1003.1
0.8200        -2828.150    -2878.201       50.051  1024.4
0.8250        -2828.226    -2877.314       49.088  1004.7
0.8300        -2828.306    -2875.763       47.457   971.3
0.8350        -2828.356    -2875.063       46.707   955.9
0.8400        -2828.378    -2877.357       48.979  1002.4
0.8450        -2828.403    -2880.094       51.691  1057.9
0.8500        -2828.480    -2880.157       51.677  1057.7
0.8550        -2828.613    -2878.723       50.111  1025.6
0.8600        -2828.769    -2877.157       48.388   990.3
0.8650        -2828.912    -2876.325       47.413   970.4
0.8700        -2829.037    -2877.481       48.444   991.5
0.8750        -2829.152    -2878.042       48.890  1000.6
0.8800        -2829.270    -2877.668       48.398   990.5
0.8850        -2829.370    -2875.775       46.405   949.7
0.8900        -2829.430    -2875.721       46.291   947.4
0.8950        -2829.440    -2876.036       46.595   953.6
0.9000        -2829.408    -2876.870       47.462   971.4
0.9050        -2829.347    -2877.685       48.338   989.3
0.9100        -2829.270    -2876.971       47.701   976.3
0.9150        -2829.175    -2876.787       47.613   974.5
0.9200        -2829.047    -2875.435       46.387   949.4
0.9250        -2828.881    -2874.653       45.772   936.8
0.9300        -2828.654    -2874.671       46.017   941.8
0.9350        -2828.371    -2876.391       48.020   982.8
0.9400        -2828.052    -2877.060       49.008  1003.0
0.9450        -2827.736    -2877.602       49.866  1020.6
0.9500        -2827.433    -2876.529       49.097  1004.8
0.9550        -2827.141    -2876.126       48.985  1002.6
0.9600        -2826.855    -2878.350       51.496  1053.9
0.9650        -2826.602    -2877.556       50.953  1042.8
0.9700        -2826.398    -2875.511       49.113  1005.2
0.9750        -2826.211    -2875.788       49.578  1014.7
0.9800        -2826.029    -2875.297       49.269  1008.4
0.9850        -2825.856    -2874.795       48.939  1001.6
0.9900        -2825.686    -2876.058       50.372  1030.9
0.9950        -2825.540    -2876.272       50.732  1038.3
1.0000        -2825.425    -2874.672       49.247  1007.9
1.0050        -2825.327    -2874.968       49.641  1016.0
1.0100        -2825.239    -2875.098       49.859  1020.4
1.0150        -2825.170    -2875.031       49.861  1020.5
1.0200        -2825.120    -2874.761       49.641  1016.0
1.0250        -2825.085    -2874.800       49.715  1017.5
1.0300        -2825.071    -2875.236       50.164  1026.7
1.0350        -2825.073    -2873.867       48.794   998.6
1.0400        -2825.083    -2874.408       49.324  1009.5
1.0450        -2825.104    -2875.052       49.947  1022.2
1.0500        -2825.134    -2873.167       48.033   983.1
1.0550        -2825.159    -2873.953       48.794   998.6
1.0600        -2825.189    -2875.742       50.553  1034.6
1.0650        -2825.247    -2875.945       50.699  1037.6
1.0700        -2825.351    -2876.748       51.397  1051.9
1.0750        -2825.510    -2876.934       51.424  1052.5
1.0800        -2825.725    -2877.125       51.400  1052.0
1.0850        -2826.004    -2877.608       51.604  1056.2
1.0900        -2826.328    -2875.647       49.319  1009.4
1.0950        -2826.663    -2875.770       49.107  1005.0
1.1000        -2827.020    -2878.257       51.237  1048.6
1.1050        -2827.425    -2878.168       50.743  1038.5
1.1100        -2827.847    -2876.128       48.281   988.1
1.1150        -2828.239    -2874.896       46.657   954.9
1.1200        -2828.576    -2875.257       46.680   955.4
1.1250        -2828.879    -2877.533       48.654   995.8
1.1300        -2829.176    -2878.314       49.137  1005.7
1.1350        -2829.471    -2878.335       48.863  1000.1
1.1400        -2829.769    -2878.965       49.196  1006.9
1.1450        -2830.062    -2877.599       47.537   972.9
1.1500        -2830.305    -2874.623       44.318   907.0
1.1550        -2830.465    -2874.794       44.328   907.2
1.1600        -2830.554    -2877.388       46.834   958.5
1.1650        -2830.599    -2877.957       47.358   969.3
1.1700        -2830.614    -2877.698       47.084   963.6
1.1750        -2830.594    -2877.594       47.000   961.9
1.1800        -2830.543    -2878.169       47.626   974.7
1.1850        -2830.461    -2877.746       47.285   967.8
1.1900        -2830.345    -2876.580       46.235   946.3
1.1950        -2830.179    -2876.785       46.607   953.9
1.2000        -2829.956    -2876.434       46.478   951.2
1.2050        -2829.679    -2876.625       46.945   960.8
1.2100        -2829.352    -2877.823       48.471   992.0
1.2150        -2828.993    -2876.256       47.263   967.3
1.2200        -2828.609    -2873.892       45.284   926.8
1.2250        -2828.168    -2875.017       46.849   958.8
1.2300        -2827.667    -2876.829       49.162  1006.2
1.2350        -2827.162    -2876.803       49.641  1016.0
1.2400        -2826.691    -2877.519       50.828  1040.3
1.2450        -2826.274    -2878.412       52.138  1067.1
1.2500        -2825.941    -2878.050       52.109  1066.5
1.2550        -2825.695    -2876.875       51.180  1047.5
1.2600        -2825.517    -2876.056       50.539  1034.4
1.2650        -2825.381    -2875.035       49.654  1016.2
1.2700        -2825.271    -2874.338       49.067  1004.2
1.2750        -2825.169    -2873.907       48.738   997.5
1.2800        -2825.070    -2873.722       48.652   995.7
1.2850        -2824.963    -2872.602       47.639   975.0
1.2900        -2824.841    -2873.237       48.395   990.5
1.2950        -2824.709    -2874.557       49.848  1020.2
1.3000        -2824.589    -2874.565       49.976  1022.8
1.3050        -2824.489    -2873.808       49.318  1009.4
1.3100        -2824.399    -2873.919       49.521  1013.5
1.3150        -2824.321    -2875.250       50.929  1042.3
1.3200        -2824.275    -2874.885       50.610  1035.8
1.3250        -2824.263    -2873.525       49.262  1008.2
1.3300        -2824.264    -2873.059       48.795   998.7
1.3350        -2824.261    -2872.295       48.034   983.1
1.3400        -2824.240    -2871.821       47.581   973.8
1.3450        -2824.196    -2872.951       48.755   997.8
1.3500        -2824.133    -2872.745       48.612   994.9
1.3550        -2824.052    -2872.272       48.220   986.9
1.3600        -2823.939    -2872.472       48.533   993.3
1.3650        -2823.791    -2873.319       49.528  1013.7
1.3700        -2823.616    -2874.645       51.029  1044.4
1.3750        -2823.447    -2875.259       51.813  1060.4
1.3800        -2823.302    -2874.077       50.775  1039.2
1.3850        -2823.178    -2872.307       49.129  1005.5
1.3900        -2823.046    -2872.251       49.205  1007.0
1.3950        -2822.903    -2873.312       50.409  1031.7
1.4000        -2822.767    -2873.423       50.656  1036.8
1.4050        -2822.653    -2872.494       49.840  1020.1
1.4100        -2822.548    -2871.501       48.953  1001.9
1.4150        -2822.441    -2871.762       49.321  1009.4
1.4200        -2822.335    -2872.957       50.621  1036.0
1.4250        -2822.254    -2873.535       51.281  1049.5
1.4300        -2822.214    -2873.518       51.304  1050.0
1.4350        -2822.233    -2874.187       51.954  1063.3
1.4400        -2822.312    -2873.720       51.407  1052.1
1.4450        -2822.456    -2873.584       51.127  1046.4
1.4500        -2822.653    -2872.815       50.161  1026.6
1.4550        -2822.881    -2871.194       48.314   988.8
1.4600        -2823.106    -2870.691       47.585   973.9
1.4650        -2823.320    -2871.229       47.909   980.5
1.4700        -2823.528    -2872.278       48.751   997.8
1.4750        -2823.754    -2873.981       50.226  1028.0
1.4800        -2824.009    -2873.126       49.116  1005.2
1.4850        -2824.278    -2872.555       48.277   988.1
1.4900        -2824.545    -2872.722       48.178   986.0
1.4950        -2824.813    -2873.739       48.926  1001.3
1.5000        -2825.090    -2873.622       48.532   993.3
1.5050        -2825.362    -2872.909       47.547   973.1
1.5100        -2825.621    -2873.034       47.414   970.4
1.5150        -2825.855    -2873.352       47.497   972.1
1.5200        -2826.085    -2875.897       49.811  1019.5
1.5250        -2826.345    -2876.511       50.166  1026.7
1.5300        -2826.625    -2874.266       47.641   975.0
1.5350        -2826.882    -2872.952       46.070   942.9
1.5400        -2827.102    -2873.905       46.803   957.9
1.5450        -2827.285    -2873.401       46.116   943.8
1.5500        -2827.418    -2872.696       45.278   926.7
1.5550        -2827.499    -2874.219       46.720   956.2
1.5600        -2827.544    -2875.339       47.796   978.2
1.5650        -2827.567    -2875.489       47.922   980.8
1.5700        -2827.574    -2875.803       48.229   987.1
1.5750        -2827.571    -2876.320       48.749   997.7
1.5800        -2827.563    -2875.883       48.320   988.9
1.5850        -2827.540    -2874.855       47.316   968.4
1.5900        -2827.487    -2875.120       47.633   974.9
1.5950        -2827.396    -2875.599       48.203   986.5
1.6000        -2827.278    -2876.785       49.507  1013.2
1.6050        -2827.146    -2876.652       49.506  1013.2
1.6100        -2827.003    -2874.741       47.738   977.0
1.6150        -2826.822    -2873.628       46.807   958.0
1.6200        -2826.565    -2872.700       46.135   944.2
1.6250        -2826.220    -2874.360       48.140   985.3
1.6300        -2825.789    -2875.026       49.238  1007.7
1.6350        -2825.315    -2874.167       48.853   999.8
1.6400        -2824.806    -2873.274       48.468   992.0
1.6450        -2824.265    -2873.428       49.162  1006.2
1.6500        -2823.707    -2873.529       49.821  1019.7
1.6550        -2823.166    -2872.683       49.516  1013.4
1.6600        -2822.655    -2873.035       50.380  1031.1
1.6650        -2822.187    -2872.389       50.202  1027.5
1.6700        -2821.773    -2870.748       48.975  1002.4
1.6750        -2821.397    -2871.187       49.790  1019.0
1.6800        -2821.056    -2872.490       51.434  1052.7
1.6850        -2820.778    -2872.364       51.586  1055.8
1.6900        -2820.573    -2872.573       51.999  1064.2
1.6950        -2820.444    -2873.040       52.596  1076.5
1.7000        -2820.399    -2873.395       52.996  1084.6
1.7050        -2820.440    -2872.619       52.179  1067.9
1.7100        -2820.544    -2871.179       50.635  1036.3
1.7150        -2820.684    -2870.985       50.301  1029.5
1.7200        -2820.859    -2872.485       51.626  1056.6
1.7250        -2821.095    -2872.689       51.594  1056.0
1.7300        -2821.364    -2869.783       48.419   991.0
1.7350        -2821.629    -2870.589       48.960  1002.0
1.7400        -2821.920    -2873.663       51.743  1059.0
1.7450        -2822.252    -2871.964       49.712  1017.4
1.7500        -2822.600    -2871.891       49.291  1008.8
1.7550        -2822.964    -2873.058       50.094  1025.3
1.7600        -2823.343    -2872.478       49.135  1005.6
1.7650        -2823.712    -2871.256       47.544   973.1
1.7700        -2824.040    -2871.003       46.963   961.2
1.7750        -2824.329    -2872.325       47.995   982.3
1.7800        -2824.596    -2873.489       48.893  1000.7
1.7850        -2824.850    -2873.019       48.169   985.9
1.7900        -2825.075    -2872.652       47.577   973.7
1.7950        -2825.278    -2874.264       48.986  1002.6
1.8000        -2825.465    -2873.577       48.113   984.7
1.8050        -2825.620    -2871.766       46.146   944.4
1.8100        -2825.715    -2871.320       45.605   933.4
1.8150        -2825.758    -2873.462       47.704   976.3
1.8200        -2825.767    -2873.103       47.336   968.8
1.8250        -2825.743    -2871.882       46.139   944.3
1.8300        -2825.681    -2872.896       47.215   966.3
1.8350        -2825.588    -2873.111       47.523   972.6
1.8400        -2825.474    -2872.933       47.459   971.3
1.8450        -2825.346    -2873.318       47.971   981.8
1.8500        -2825.210    -2872.848       47.638   975.0
1.8550        -2825.068    -2872.607       47.539   973.0
1.8600        -2824.920    -2872.577       47.657   975.4
1.8650        -2824.774    -2873.638       48.863  1000.1
1.8700        -2824.648    -2873.719       49.071  1004.3
1.8750        -2824.547    -2873.496       48.950  1001.8
1.8800        -2824.480    -2875.822       51.342  1050.8
1.8850        -2824.463    -2876.028       51.565  1055.4
1.8900        -2824.497    -2875.113       50.615  1035.9
1.8950        -2824.557    -2873.785       49.228  1007.5
1.9000        -2824.601    -2870.866       46.264   946.9
1.9050        -2824.600    -2870.340       45.740   936.1
1.9100        -2824.546    -2871.153       46.606   953.9
1.9150        -2824.455    -2871.106       46.651   954.8
1.9200        -2824.334    -2871.904       47.570   973.6
1.9250        -2824.198    -2873.324       49.127  1005.4
1.9300        -2824.068    -2873.407       49.338  1009.8
1.9350        -2823.951    -2872.338       48.387   990.3
1.9400        -2823.834    -2872.463       48.629   995.3
1.9450        -2823.719    -2873.638       49.920  1021.7
1.9500        -2823.614    -2872.020       48.407   990.7
1.9550        -2823.508    -2871.388       47.880   979.9
1.9600        -2823.389    -2873.006       49.617  1015.5
1.9650        -2823.275    -2874.003       50.728  1038.2
1.9700        -2823.196    -2874.223       51.028  1044.4
1.9750        -2823.156    -2874.087       50.931  1042.4
1.9800        -2823.160    -2873.693       50.533  1034.2
1.9850        -2823.199    -2872.784       49.585  1014.8
1.9900        -2823.252    -2871.628       48.376   990.1
1.9950        -2823.300    -2871.163       47.863   979.6
2.0000        -2823.339    -2872.816       49.477  1012.6
2.0050        -2823.392    -2873.731       50.339  1030.3
2.0100        -2823.475    -2873.157       49.682  1016.8
2.0150        -2823.588    -2873.590       50.002  1023.4
2.0200        -2823.739    -2874.159       50.420  1031.9
2.0250        -2823.941    -2874.389       50.448  1032.5
2.0300        -2824.210    -2875.015       50.805  1039.8
2.0350        -2824.540    -2873.497       48.957  1002.0
2.0400        -2824.896    -2872.639       47.743   977.1
2.0450        -2825.290    -2875.295       50.006  1023.4
2.0500        -2825.750    -2875.918       50.168  1026.8
2.0550        -2826.263    -2875.128       48.865  1000.1
2.0600        -2826.808    -2875.776       48.967  1002.2
2.0650        -2827.369    -2875.876       48.507   992.8
2.0700        -2827.917    -2876.012       48.095   984.3
2.0750        -2828.444    -2876.948       48.504   992.7
2.0800        -2828.937    -2876.469       47.532   972.8
2.0850        -2829.346    -2874.053       44.707   915.0
2.0900        -2829.643    -2873.988       44.346   907.6
2.0950        -2829.846    -2876.353       46.508   951.8
2.1000        -2829.994    -2877.959       47.966   981.7
2.1050        -2830.114    -2878.477       48.363   989.8
2.1100        -2830.215    -2878.677       48.462   991.9
2.1150        -2830.302    -2878.754       48.452   991.6
2.1200        -2830.371    -2876.827       46.456   950.8
2.1250        -2830.388    -2874.953       44.565   912.1
2.1300        -2830.333    -2875.084       44.750   915.9
2.1350        -2830.204    -2874.842       44.638   913.6
2.1400        -2830.007    -2875.836       45.829   938.0
2.1450        -2829.757    -2877.428       47.670   975.6
2.1500        -2829.487    -2877.420       47.933   981.0
2.1550        -2829.212    -2876.813       47.601   974.2
2.1600        -2828.936    -2875.851       46.915   960.2
2.1650        -2828.644    -2873.877       45.233   925.8
2.1700        -2828.321    -2874.117       45.796   937.3
2.1750        -2827.965    -2874.809       46.844   958.7
2.1800        -2827.602    -2873.909       46.307   947.7
2.1850        -2827.243    -2875.728       48.485   992.3
2.1900        -2826.913    -2877.414       50.501  1033.6
2.1950        -2826.654    -2875.618       48.964  1002.1
2.2000        -2826.452    -2875.333       48.880  1000.4
2.2050        -2826.286    -2875.430       49.144  1005.8
2.2100        -2826.150    -2874.522       48.372   990.0
2.2150        -2826.032    -2874.697       48.665   996.0
2.2200        -2825.931    -2876.066       50.135  1026.1
2.2250        -2825.865    -2876.458       50.593  1035.5
2.2300        -2825.837    -2875.564       49.727  1017.7
2.2350        -2825.831    -2874.566       48.735   997.4
2.2400        -2825.821    -2873.473       47.653   975.3
2.2450        -2825.792    -2873.270       47.478   971.7
2.2500        -2825.736    -2873.226       47.490   972.0
2.2550        -2825.663    -2874.159       48.496   992.6
2.2600        -2825.583    -2874.867       49.284  1008.7
2.2650        -2825.510    -2874.086       48.577   994.2
2.2700        -2825.436    -2873.489       48.053   983.5
2.2750        -2825.346    -2873.594       48.248   987.5
2.2800        -2825.247    -2874.527       49.280  1008.6
2.2850        -2825.155    -2875.090       49.935  1022.0
2.2900        -2825.072    -2873.254       48.182   986.1
2.2950        -2824.987    -2873.884       48.898  1000.8
2.3000        -2824.897    -2875.826       50.929  1042.3
2.3050        -2824.843    -2876.471       51.628  1056.6
2.3100        -2824.840    -2874.796       49.956  1022.4
2.3150        -2824.857    -2872.660       47.803   978.4
2.3200        -2824.860    -2872.180       47.320   968.5
2.3250        -2824.835    -2873.022       48.188   986.2
2.3300        -2824.789    -2873.093       48.304   988.6
2.3350        -2824.723    -2872.859       48.136   985.2
2.3400        -2824.636    -2873.727       49.091  1004.7
2.3450        -2824.535    -2874.198       49.663  1016.4
2.3500        -2824.433    -2874.763       50.329  1030.1
2.3550        -2824.339    -2873.828       49.489  1012.9
2.3600        -2824.243    -2872.313       48.069   983.8
2.3650        -2824.116    -2871.690       47.574   973.7
2.3700        -2823.936    -2872.466       48.530   993.2
2.3750        -2823.715    -2875.278       51.563  1055.3
2.3800        -2823.502    -2876.865       53.363  1092.2
2.3850        -2823.346    -2874.881       51.535  1054.7
2.3900        -2823.241    -2873.434       50.193  1027.3
2.3950        -2823.151    -2872.703       49.553  1014.2
2.4000        -2823.073    -2874.128       51.055  1044.9
2.4050        -2823.028    -2874.370       51.342  1050.8
2.4100        -2823.023    -2872.788       49.765  1018.5
2.4150        -2823.049    -2873.540       50.491  1033.4
2.4200        -2823.119    -2875.846       52.727  1079.1
2.4250        -2823.273    -2875.792       52.519  1074.9
2.4300        -2823.520    -2875.404       51.884  1061.9
2.4350        -2823.857    -2876.500       52.643  1077.4
2.4400        -2824.308    -2877.484       53.176  1088.3
2.4450        -2824.857    -2875.498       50.641  1036.4
2.4500        -2825.419    -2873.412       47.993   982.2
2.4550        -2825.949    -2872.939       46.991   961.7
2.4600        -2826.410    -2872.242       45.832   938.0
2.4650        -2826.801    -2873.650       46.849   958.8
2.4700        -2827.145    -2874.769       47.624   974.7
2.4750        -2827.438    -2873.451       46.013   941.7
2.4800        -2827.660    -2873.572       45.912   939.7
2.4850        -2827.828    -2875.571       47.743   977.1
2.4900        -2827.974    -2877.614       49.640  1016.0
2.4950        -2828.135    -2878.544       50.409  1031.7
2.5000        -2828.318    -2877.667       49.349  1010.0
2.5050        -2828.503    -2876.774       48.271   987.9
2.5100        -2828.690    -2879.031       50.341  1030.3
2.5150        -2828.916    -2881.013       52.097  1066.3
2.5200        -2829.195    -2879.018       49.823  1019.7
2.5250        -2829.484    -2877.268       47.784   978.0
2.5300        -2829.755    -2877.498       47.743   977.1
2.5350        -2829.999    -2876.731       46.733   956.5
2.5400        -2830.205    -2876.733       46.528   952.3
2.5450        -2830.369    -2877.064       46.695   955.7
2.5500        -2830.502    -2878.185       47.684   975.9
2.5550        -2830.611    -2878.199       47.588   974.0
2.5600        -2830.698    -2877.021       46.323   948.1
2.5650        -2830.737    -2875.495       44.758   916.0
2.5700        -2830.704    -2875.657       44.953   920.0
2.5750        -2830.598    -2877.187       46.590   953.5
2.5800        -2830.418    -2876.384       45.965   940.8
2.5850        -2830.165    -2876.264       46.099   943.5
2.5900        -2829.813    -2876.790       46.977   961.5
2.5950        -2829.360    -2876.503       47.143   964.9
2.6000        -2828.805    -2875.483       46.678   955.3
2.6050        -2828.142    -2876.461       48.320   988.9
2.6100        -2827.384    -2877.347       49.963  1022.6
2.6150        -2826.620    -2874.989       48.369   989.9
2.6200        -2825.895    -2875.853       49.957  1022.4
2.6250        -2825.225    -2877.286       52.061  1065.5
2.6300        -2824.690    -2874.130       49.440  1011.9
2.6350        -2824.279    -2870.940       46.660   955.0
2.6400        -2823.919    -2872.065       48.146   985.4
2.6450        -2823.597    -2874.060       50.462  1032.8
2.6500        -2823.353    -2874.288       50.936  1042.5
2.6550        -2823.189    -2874.072       50.883  1041.4
2.6600        -2823.096    -2874.347       51.251  1048.9
2.6650        -2823.051    -2872.999       49.948  1022.3
2.6700        -2823.043    -2873.925       50.881  1041.4
2.6750        -2823.075    -2874.837       51.762  1059.4
2.6800        -2823.160    -2874.804       51.644  1057.0
2.6850        -2823.300    -2874.850       51.550  1055.0
2.6900        -2823.484    -2874.797       51.313  1050.2
2.6950        -2823.718    -2876.171       52.453  1073.5
2.7000        -2824.026    -2877.316       53.290  1090.7
2.7050        -2824.406    -2875.695       51.288  1049.7
2.7100        -2824.805    -2873.996       49.191  1006.8
2.7150        -2825.199    -2875.056       49.857  1020.4
2.7200        -2825.600    -2875.892       50.292  1029.3
2.7250        -2826.003    -2875.483       49.480  1012.7
2.7300        -2826.383    -2874.252       47.868   979.7
2.7350        -2826.714    -2873.693       46.979   961.5
2.7400        -2826.987    -2874.076       47.089   963.7
2.7450        -2827.212    -2874.583       47.371   969.5
2.7500        -2827.395    -2874.940       47.545   973.1
2.7550        -2827.546    -2875.736       48.190   986.3
2.7600        -2827.682    -2876.562       48.880  1000.4
2.7650        -2827.808    -2876.057       48.250   987.5
2.7700        -2827.917    -2876.178       48.261   987.7
2.7750        -2828.021    -2877.874       49.853  1020.3
2.7800        -2828.138    -2877.719       49.580  1014.7
2.7850        -2828.261    -2876.510       48.250   987.5
2.7900        -2828.382    -2877.440       49.059  1004.1
2.7950        -2828.502    -2877.638       49.135  1005.6
2.8000        -2828.625    -2876.440       47.814   978.6
2.8050        -2828.727    -2875.103       46.375   949.1
2.8100        -2828.787    -2874.529       45.742   936.2
2.8150        -2828.790    -2874.028       45.238   925.9
2.8200        -2828.722    -2873.974       45.251   926.1
2.8250        -2828.582    -2875.835       47.253   967.1
2.8300        -2828.385    -2876.541       48.156   985.6
2.8350        -2828.139    -2874.767       46.628   954.3
2.8400        -2827.825    -2874.091       46.266   946.9
2.8450        -2827.402    -2876.294       48.892  1000.6
2.8500        -2826.880    -2876.953       50.073  1024.8
2.8550        -2826.296    -2875.019       48.723   997.2
2.8600        -2825.655    -2874.571       48.916  1001.1
2.8650        -2824.942    -2874.914       49.972  1022.8
2.8700        -2824.207    -2873.959       49.752  1018.3
2.8750        -2823.497    -2873.416       49.919  1021.7
2.8800        -2822.839    -2873.764       50.926  1042.3
2.8850        -2822.273    -2872.058       49.785  1018.9
2.8900        -2821.808    -2870.636       48.828   999.3
2.8950        -2821.417    -2870.034       48.617   995.0
2.9000        -2821.086    -2869.782       48.696   996.6
2.9050        -2820.810    -2870.036       49.226  1007.5
2.9100        -2820.583    -2868.830       48.246   987.4
2.9150        -2820.390    -2868.497       48.107   984.6
2.9200        -2820.216    -2869.371       49.155  1006.0
2.9250        -2820.065    -2869.138       49.073  1004.3
2.9300        -2819.944    -2869.971       50.028  1023.9
2.9350        -2819.858    -2871.673       51.816  1060.5
2.9400        -2819.832    -2871.849       52.017  1064.6
2.9450        -2819.869    -2870.837       50.967  1043.1
2.9500        -2819.948    -2870.551       50.604  1035.7
2.9550        -2820.069    -2872.520       52.450  1073.5
2.9600        -2820.252    -2871.998       51.746  1059.1
2.9650        -2820.477    -2870.086       49.608  1015.3
2.9700        -2820.717    -2870.601       49.885  1021.0
2.9750        -2820.975    -2871.950       50.974  1043.3
2.9800        -2821.278    -2872.976       51.698  1058.1
2.9850        -2821.629    -2873.010       51.381  1051.6
2.9900        -2822.029    -2873.756       51.727  1058.7
2.9950        -2822.480    -2874.306       51.825  1060.7
3.0000        -2822.964    -2873.680       50.716  1038.0
3.0050        -2823.452    -2873.198       49.746  1018.1
3.0100        -2823.918    -2873.727       49.809  1019.4
3.0150        -2824.371    -2874.894       50.523  1034.0
3.0200        -2824.804    -2874.691       49.886  1021.0
3.0250        -2825.201    -2873.735       48.534   993.3
3.0300        -2825.529    -2872.437       46.908   960.0
3.0350        -2825.778    -2872.323       46.545   952.6
3.0400        -2825.957    -2872.902       46.945   960.8
3.0450        -2826.077    -2872.901       46.824   958.3
3.0500        -2826.153    -2873.469       47.316   968.4
3.0550        -2826.190    -2873.240       47.050   963.0
3.0600        -2826.187    -2873.114       46.928   960.4
3.0650        -2826.157    -2875.047       48.890  1000.6
3.0700        -2826.122    -2875.847       49.725  1017.7
3.0750        -2826.109    -2876.403       50.294  1029.3
3.0800        -2826.124    -2876.363       50.240  1028.2
3.0850        -2826.163    -2876.202       50.040  1024.1
3.0900        -2826.227    -2876.856       50.629  1036.2
3.0950        -2826.330    -2877.252       50.922  1042.2
3.1000        -2826.464    -2875.542       49.079  1004.5
3.1050        -2826.596    -2874.067       47.470   971.6
3.1100        -2826.705    -2874.746       48.042   983.2
3.1150        -2826.803    -2876.619       49.816  1019.6
3.1200        -2826.925    -2877.996       51.071  1045.2
3.1250        -2827.093    -2877.786       50.694  1037.5
3.1300        -2827.306    -2877.176       49.870  1020.7
3.1350        -2827.542    -2876.031       48.489   992.4
3.1400        -2827.776    -2874.804       47.028   962.5
3.1450        -2827.988    -2875.263       47.275   967.6
3.1500        -2828.198    -2876.871       48.673   996.2
3.1550        -2828.414    -2876.204       47.790   978.1
3.1600        -2828.629    -2875.821       47.192   965.8
3.1650        -2828.851    -2877.330       48.479   992.2
3.1700        -2829.095    -2877.267       48.172   985.9
3.1750        -2829.364    -2876.499       47.135   964.7
3.1800        -2829.640    -2875.056       45.416   929.5
3.1850        -2829.893    -2873.705       43.812   896.7
3.1900        -2830.103    -2873.977       43.874   898.0
3.1950        -2830.265    -2874.876       44.611   913.0
3.2000        -2830.378    -2875.542       45.164   924.4
3.2050        -2830.443    -2875.911       45.469   930.6
3.2100        -2830.447    -2875.311       44.864   918.2
3.2150        -2830.376    -2875.483       45.108   923.2
3.2200        -2830.214    -2875.637       45.423   929.6
3.2250        -2829.955    -2874.891       44.936   919.7
3.2300        -2829.593    -2875.699       46.107   943.6
3.2350        -2829.125    -2875.377       46.251   946.6
3.2400        -2828.581    -2873.956       45.375   928.7
3.2450        -2827.963    -2873.795       45.832   938.0
3.2500        -2827.286    -2875.331       48.045   983.3
3.2550        -2826.605    -2875.264       48.659   995.9
3.2600        -2825.978    -2874.872       48.894  1000.7
3.2650        -2825.415    -2875.837       50.422  1032.0
3.2700        -2824.929    -2877.142       52.213  1068.6
3.2750        -2824.557    -2878.668       54.112  1107.5
3.2800        -2824.315    -2876.181       51.866  1061.5
3.2850        -2824.165    -2873.286       49.121  1005.3
3.2900        -2824.047    -2874.415       50.368  1030.9
3.2950        -2823.960    -2875.665       51.705  1058.2
3.3000        -2823.924    -2874.566       50.642  1036.5
3.3050        -2823.934    -2874.496       50.562  1034.8
3.3100        -2823.981    -2875.120       51.139  1046.6
3.3150        -2824.068    -2874.003       49.935  1022.0
3.3200        -2824.171    -2871.979       47.809   978.5
3.3250        -2824.259    -2871.688       47.429   970.7
3.3300        -2824.321    -2871.959       47.638   975.0
3.3350        -2824.358    -2871.742       47.384   969.8
3.3400        -2824.372    -2872.972       48.599   994.7
3.3450        -2824.384    -2874.839       50.456  1032.7
3.3500        -2824.426    -2875.385       50.959  1043.0
3.3550        -2824.511    -2874.375       49.864  1020.5
3.3600        -2824.622    -2873.884       49.262  1008.2
3.3650        -2824.757    -2875.055       50.298  1029.4
3.3700        -2824.940    -2876.942       52.003  1064.3
3.3750        -2825.209    -2877.364       52.155  1067.4
3.3800        -2825.561    -2876.121       50.560  1034.8
3.3850        -2825.978    -2875.732       49.754  1018.3
3.3900        -2826.427    -2875.112       48.685   996.4
3.3950        -2826.899    -2875.659       48.760   997.9
3.4000        -2827.386    -2875.962       48.576   994.2
3.4050        -2827.874    -2876.309       48.435   991.3
3.4100        -2828.354    -2877.048       48.693   996.6
3.4150        -2828.828    -2877.560       48.732   997.4
3.4200        -2829.270    -2876.309       47.039   962.7
3.4250        -2829.642    -2875.448       45.806   937.5
3.4300        -2829.941    -2876.457       46.517   952.0
3.4350        -2830.178    -2876.431       46.254   946.6
3.4400        -2830.338    -2874.515       44.177   904.1
3.4450        -2830.411    -2874.676       44.265   905.9
3.4500        -2830.399    -2875.702       45.303   927.2
3.4550        -2830.320    -2876.299       45.979   941.0
3.4600        -2830.194    -2877.395       47.201   966.0
3.4650        -2830.036    -2878.072       48.037   983.1
3.4700        -2829.871    -2879.288       49.418  1011.4
3.4750        -2829.716    -2878.238       48.522   993.1
3.4800        -2829.563    -2876.054       46.491   951.5
3.4850        -2829.384    -2876.480       47.096   963.9
3.4900        -2829.174    -2877.493       48.318   988.9
3.4950        -2828.958    -2877.541       48.583   994.3
3.5000        -2828.745    -2877.095       48.350   989.6
3.5050        -2828.537    -2877.766       49.228  1007.5
3.5100        -2828.344    -2877.193       48.850   999.8
3.5150        -2828.160    -2874.315       46.154   944.6
3.5200        -2827.950    -2872.285       44.335   907.4
3.5250        -2827.685    -2873.759       46.074   943.0
3.5300        -2827.378    -2876.918       49.540  1013.9
3.5350        -2827.097    -2877.703       50.606  1035.7
3.5400        -2826.877    -2875.449       48.572   994.1
3.5450        -2826.696    -2875.092       48.396   990.5
3.5500        -2826.534    -2875.923       49.389  1010.8
3.5550        -2826.404    -2875.275       48.870  1000.2
3.5600        -2826.297    -2873.750       47.453   971.2
3.5650        -2826.195    -2875.500       49.305  1009.1
3.5700        -2826.122    -2877.947       51.825  1060.7
3.5750        -2826.105    -2876.908       50.803  1039.8
3.5800        -2826.129    -2875.903       49.773  1018.7
3.5850        -2826.171    -2875.787       49.616  1015.5
3.5900        -2826.215    -2875.430       49.215  1007.3
3.5950        -2826.269    -2876.763       50.494  1033.4
3.6000        -2826.348    -2877.552       51.204  1048.0
3.6050        -2826.467    -2877.787       51.320  1050.3
3.6100        -2826.624    -2877.020       50.396  1031.4
3.6150        -2826.794    -2875.655       48.862  1000.0
3.6200        -2826.961    -2876.300       49.339  1009.8
3.6250        -2827.136    -2877.717       50.580  1035.2
3.6300        -2827.336    -2877.137       49.801  1019.3
3.6350        -2827.543    -2876.177       48.635   995.4
3.6400        -2827.747    -2876.794       49.047  1003.8
3.6450        -2827.950    -2876.348       48.399   990.5
3.6500        -2828.137    -2876.015       47.878   979.9
3.6550        -2828.308    -2876.054       47.746   977.2
3.6600        -2828.449    -2875.080       46.631   954.4
3.6650        -2828.555    -2875.747       47.193   965.9
3.6700        -2828.634    -2877.405       48.771   998.2
3.6750        -2828.714    -2878.321       49.608  1015.3
3.6800        -2828.803    -2876.595       47.792   978.1
3.6850        -2828.871    -2874.718       45.847   938.3
3.6900        -2828.899    -2876.195       47.296   968.0
3.6950        -2828.888    -2876.261       47.374   969.6
3.7000        -2828.846    -2875.761       46.915   960.2
3.7050        -2828.764    -2876.010       47.246   967.0
3.7100        -2828.635    -2876.019       47.384   969.8
3.7150        -2828.459    -2876.207       47.748   977.2
3.7200        -2828.227    -2875.048       46.821   958.3
3.7250        -2827.922    -2873.479       45.558   932.4
3.7300        -2827.509    -2873.145       45.636   934.0
3.7350        -2826.966    -2874.076       47.110   964.2
3.7400        -2826.302    -2874.581       48.279   988.1
3.7450        -2825.566    -2876.155       50.590  1035.4
3.7500        -2824.826    -2875.375       50.549  1034.6
3.7550        -2824.157    -2874.300       50.143  1026.3
3.7600        -2823.566    -2874.821       51.255  1049.0
3.7650        -2823.071    -2873.322       50.251  1028.5
3.7700        -2822.675    -2873.442       50.767  1039.0
3.7750        -2822.362    -2875.806       53.444  1093.8
3.7800        -2822.167    -2875.361       53.194  1088.7
3.7850        -2822.080    -2872.385       50.305  1029.6
3.7900        -2822.038    -2871.206       49.168  1006.3
3.7950        -2822.015    -2872.152       50.138  1026.1
3.8000        -2822.011    -2872.275       50.264  1028.7
3.8050        -2822.042    -2873.201       51.159  1047.1
3.8100        -2822.113    -2872.744       50.631  1036.2
3.8150        -2822.208    -2871.384       49.176  1006.5
3.8200        -2822.317    -2873.005       50.688  1037.4
3.8250        -2822.454    -2873.565       51.110  1046.1
3.8300        -2822.634    -2873.964       51.329  1050.5
3.8350        -2822.866    -2874.964       52.097  1066.3
3.8400        -2823.153    -2874.360       51.207  1048.0
3.8450        -2823.475    -2873.941       50.465  1032.8
3.8500        -2823.825    -2874.184       50.359  1030.7
3.8550        -2824.181    -2872.764       48.582   994.3
3.8600        -2824.503    -2872.031       47.527   972.7
3.8650        -2824.809    -2875.324       50.515  1033.9
3.8700        -2825.137    -2876.578       51.441  1052.8
3.8750        -2825.485    -2874.912       49.427  1011.6
3.8800        -2825.818    -2874.422       48.604   994.8
3.8850        -2826.124    -2874.986       48.862  1000.0
3.8900        -2826.401    -2874.992       48.592   994.5
3.8950        -2826.646    -2875.074       48.427   991.1
3.9000        -2826.869    -2876.757       49.888  1021.0
3.9050        -2827.087    -2877.182       50.095  1025.3
3.9100        -2827.302    -2876.548       49.246  1007.9
3.9150        -2827.502    -2876.374       48.872  1000.2
3.9200        -2827.666    -2875.047       47.381   969.7
3.9250        -2827.785    -2874.568       46.783   957.5
3.9300        -2827.854    -2875.333       47.479   971.7
3.9350        -2827.888    -2875.786       47.898   980.3
3.9400        -2827.898    -2875.143       47.246   967.0
3.9450        -2827.875    -2874.857       46.981   961.5
3.9500        -2827.829    -2875.937       48.108   984.6
3.9550        -2827.770    -2876.281       48.512   992.9
3.9600        -2827.708    -2875.262       47.554   973.3
3.9650        -2827.632    -2874.718       47.087   963.7
3.9700        -2827.531    -2875.338       47.807   978.4
3.9750        -2827.422    -2876.146       48.723   997.2
3.9800        -2827.316    -2875.732       48.416   990.9
3.9850        -2827.209    -2874.949       47.740   977.1
3.9900        -2827.094    -2875.900       48.806   998.9
3.9950        -2826.983    -2876.726       49.743  1018.1
4.0000        -2826.894    -2876.698       49.804  1019.3
4.0050        -2826.827    -2875.562       48.735   997.4
4.0100        -2826.766    -2875.183       48.417   990.9
4.0150        -2826.702    -2876.734       50.032  1024.0
4.0200        -2826.663    -2878.507       51.844  1061.1
4.0250        -2826.684    -2878.706       52.023  1064.7
4.0300        -2826.761    -2876.450       49.689  1017.0
4.0350        -2826.851    -2875.273       48.423   991.0
4.0400        -2826.945    -2878.011       51.065  1045.1
4.0450        -2827.088    -2880.280       53.192  1088.6
4.0500        -2827.317    -2879.557       52.240  1069.2
4.0550        -2827.610    -2877.806       50.196  1027.3
4.0600        -2827.928    -2877.268       49.341  1009.8
4.0650        -2828.249    -2876.489       48.241   987.3
4.0700        -2828.553    -2876.069       47.516   972.5
4.0750        -2828.835    -2877.151       48.316   988.9
4.0800        -2829.115    -2878.164       49.049  1003.9
4.0850        -2829.395    -2877.489       48.095   984.3
4.0900        -2829.651    -2876.128       46.477   951.2
4.0950        -2829.869    -2876.532       46.663   955.0
4.1000        -2830.047    -2877.133       47.086   963.7
4.1050        -2830.202    -2878.109       47.907   980.5
4.1100        -2830.340    -2877.684       47.344   969.0
4.1150        -2830.457    -2877.266       46.809   958.0
4.1200        -2830.542    -2876.741       46.199   945.5
4.1250        -2830.584    -2876.591       46.007   941.6
4.1300        -2830.583    -2878.144       47.561   973.4
4.1350        -2830.548    -2879.078       48.529   993.2
4.1400        -2830.488    -2877.053       46.565   953.0
4.1450        -2830.357    -2874.519       44.162   903.8
4.1500        -2830.088    -2874.319       44.232   905.3
4.1550        -2829.621    -2875.304       45.684   935.0
4.1600        -2828.942    -2876.041       47.099   963.9
4.1650        -2828.109    -2875.671       47.562   973.4
4.1700        -2827.210    -2874.470       47.260   967.2
4.1750        -2826.327    -2874.200       47.873   979.8
4.1800        -2825.507    -2874.174       48.667   996.0
4.1850        -2824.795    -2872.782       47.988   982.1
4.1900        -2824.184    -2872.967       48.784   998.4
4.1950        -2823.650    -2873.420       49.770  1018.6
4.2000        -2823.197    -2873.238       50.041  1024.2
4.2050        -2822.820    -2874.462       51.643  1056.9
4.2100        -2822.518    -2875.152       52.635  1077.3
4.2150        -2822.313    -2875.075       52.761  1079.8
4.2200        -2822.196    -2873.327       51.131  1046.5
4.2250        -2822.135    -2872.574       50.439  1032.3
4.2300        -2822.112    -2873.197       51.084  1045.5
4.2350        -2822.132    -2873.222       51.090  1045.6
4.2400        -2822.197    -2872.542       50.344  1030.4
4.2450        -2822.292    -2871.856       49.565  1014.4
4.2500        -2822.407    -2872.298       49.891  1021.1
4.2550        -2822.545    -2871.868       49.323  1009.5
4.2600        -2822.681    -2869.443       46.762   957.0
4.2650        -2822.783    -2868.761       45.978   941.0
4.2700        -2822.839    -2870.480       47.641   975.0
4.2750        -2822.874    -2871.672       48.799   998.7
4.2800        -2822.904    -2870.816       47.912   980.6
4.2850        -2822.910    -2868.748       45.838   938.1
4.2900        -2822.866    -2869.034       46.168   944.9
4.2950        -2822.771    -2871.715       48.944  1001.7
4.3000        -2822.661    -2872.579       49.919  1021.7
4.3050        -2822.561    -2872.151       49.590  1014.9
4.3100        -2822.482    -2872.963       50.481  1033.2
4.3150        -2822.420    -2871.728       49.307  1009.1
4.3200        -2822.367    -2870.289       47.922   980.8
4.3250        -2822.300    -2870.998       48.698   996.7
4.3300        -2822.219    -2871.374       49.154  1006.0
4.3350        -2822.138    -2871.077       48.938  1001.6
4.3400        -2822.051    -2870.129       48.078   984.0
4.3450        -2821.946    -2869.629       47.684   975.9
4.3500        -2821.808    -2869.096       47.288   967.8
4.3550        -2821.629    -2868.380       46.751   956.8
4.3600        -2821.398    -2869.216       47.819   978.7
4.3650        -2821.116    -2869.006       47.890   980.2
4.3700        -2820.794    -2869.615       48.821   999.2
4.3750        -2820.441    -2870.763       50.322  1029.9
4.3800        -2820.086    -2871.158       51.072  1045.3
4.3850        -2819.755    -2871.604       51.849  1061.2
4.3900        -2819.468    -2871.776       52.307  1070.5
4.3950        -2819.237    -2870.704       51.467  1053.3
4.4000        -2819.055    -2870.220       51.165  1047.2
4.4050        -2818.916    -2871.417       52.501  1074.5
4.4100        -2818.850    -2873.483       54.633  1118.2
4.4150        -2818.899    -2872.570       53.671  1098.5
4.4200        -2819.059    -2870.475       51.416  1052.3
4.4250        -2819.286    -2869.459       50.173  1026.9
4.4300        -2819.564    -2869.805       50.241  1028.3
4.4350        -2819.904    -2871.120       51.216  1048.2
4.4400        -2820.343    -2872.498       52.155  1067.4
4.4450        -2820.872    -2870.262       49.390  1010.8
4.4500        -2821.410    -2867.978       46.568   953.1
4.4550        -2821.932    -2870.308       48.376   990.1
4.4600        -2822.492    -2874.443       51.951  1063.3
4.4650        -2823.134    -2876.246       53.112  1087.0
4.4700        -2823.836    -2876.630       52.794  1080.5
4.4750        -2824.571    -2877.790       53.219  1089.2
4.4800        -2825.281    -2875.843       50.563  1034.8
4.4850        -2825.854    -2872.897       47.043   962.8
4.4900        -2826.288    -2874.566       48.278   988.1
4.4950        -2826.644    -2877.777       51.133  1046.5
4.5000        -2826.972    -2877.728       50.756  1038.8
4.5050        -2827.263    -2876.340       49.077  1004.4
4.5100        -2827.513    -2876.011       48.498   992.6
4.5150        -2827.707    -2873.990       46.283   947.3
4.5200        -2827.831    -2873.157       45.326   927.7
4.5250        -2827.883    -2873.655       45.772   936.8
4.5300        -2827.874    -2873.981       46.107   943.6
4.5350        -2827.816    -2875.096       47.279   967.6
4.5400        -2827.730    -2876.522       48.793   998.6
4.5450        -2827.639    -2876.838       49.200  1006.9
4.5500        -2827.556    -2877.276       49.720  1017.6
4.5550        -2827.487    -2877.061       49.574  1014.6
4.5600        -2827.434    -2876.932       49.498  1013.1
4.5650        -2827.394    -2876.257       48.863  1000.1
4.5700        -2827.348    -2875.026       47.678   975.8
4.5750        -2827.290    -2876.287       48.997  1002.8
4.5800        -2827.224    -2876.601       49.377  1010.6
4.5850        -2827.163    -2876.031       48.867  1000.1
4.5900        -2827.101    -2874.985       47.884   980.0
4.5950        -2827.014    -2873.699       46.685   955.5
4.6000        -2826.891    -2875.686       48.795   998.7
4.6050        -2826.747    -2876.895       50.148  1026.4
4.6100        -2826.608    -2874.637       48.028   983.0
4.6150        -2826.451    -2872.899       46.447   950.6
4.6200        -2826.242    -2873.066       46.824   958.3
4.6250        -2825.966    -2872.976       47.010   962.1
4.6300        -2825.628    -2873.391       47.763   977.5
4.6350        -2825.234    -2875.644       50.409  1031.7
4.6400        -2824.820    -2876.481       51.662  1057.3
4.6450        -2824.435    -2875.130       50.695  1037.5
4.6500        -2824.078    -2872.878       48.800   998.8
4.6550        -2823.716    -2870.878       47.162   965.2
4.6600        -2823.316    -2870.816       47.500   972.2
4.6650        -2822.869    -2872.453       49.583  1014.8
4.6700        -2822.407    -2873.575       51.168  1047.2
4.6750        -2821.977    -2873.808       51.831  1060.8
4.6800        -2821.609    -2872.708       51.099  1045.8
4.6850        -2821.291    -2871.551       50.260  1028.7
4.6900        -2821.017    -2872.654       51.636  1056.8
4.6950        -2820.792    -2873.136       52.344  1071.3
4.7000        -2820.637    -2872.167       51.530  1054.6
4.7050        -2820.540    -2870.740       50.200  1027.4
4.7100        -2820.476    -2871.607       51.131  1046.5
4.7150        -2820.463    -2872.851       52.388  1072.2
4.7200        -2820.510    -2871.468       50.957  1042.9
4.7250        -2820.615    -2871.504       50.890  1041.5
4.7300        -2820.772    -2871.847       51.075  1045.3
4.7350        -2820.987    -2871.196       50.208  1027.6
4.7400        -2821.254    -2871.137       49.883  1020.9
4.7450        -2821.586    -2872.161       50.575  1035.1
4.7500        -2822.009    -2872.056       50.047  1024.3
4.7550        -2822.516    -2871.771       49.255  1008.1
4.7600        -2823.133    -2874.204       51.071  1045.2
4.7650        -2823.913    -2876.128       52.215  1068.7
4.7700        -2824.815    -2874.879       50.064  1024.6
4.7750        -2825.736    -2875.169       49.432  1011.7
4.7800        -2826.613    -2876.465       49.852  1020.3
4.7850        -2827.367    -2875.874       48.507   992.8
4.7900        -2827.940    -2875.015       47.074   963.4
4.7950        -2828.348    -2876.072       47.724   976.7
4.8000        -2828.647    -2877.222       48.575   994.2
4.8050        -2828.861    -2876.013       47.152   965.0
4.8100        -2829.005    -2875.503       46.498   951.7
4.8150        -2829.079    -2874.460       45.381   928.8
4.8200        -2829.082    -2873.685       44.604   912.9
4.8250        -2829.015    -2874.704       45.689   935.1
4.8300        -2828.892    -2875.330       46.438   950.4
4.8350        -2828.726    -2874.947       46.221   946.0
4.8400        -2828.522    -2875.247       46.726   956.3
4.8450        -2828.274    -2874.159       45.885   939.1
4.8500        -2827.986    -2873.703       45.717   935.7
4.8550        -2827.642    -2874.000       46.358   948.8
4.8600        -2827.252    -2874.536       47.285   967.8
4.8650        -2826.835    -2875.159       48.324   989.0
4.8700        -2826.413    -2875.661       49.247  1007.9
4.8750        -2826.009    -2876.139       50.130  1026.0
4.8800        -2825.642    -2876.678       51.037  1044.5
4.8850        -2825.326    -2874.889       49.563  1014.4
4.8900        -2825.050    -2874.138       49.089  1004.7
4.8950        -2824.788    -2873.972       49.185  1006.6
4.9000        -2824.537    -2873.506       48.968  1002.2
4.9050        -2824.300    -2874.146       49.846  1020.2
4.9100        -2824.079    -2872.930       48.851   999.8
4.9150        -2823.866    -2871.118       47.251   967.1
4.9200        -2823.634    -2871.389       47.755   977.4
4.9250        -2823.376    -2872.259       48.883  1000.5
4.9300        -2823.113    -2873.018       49.904  1021.4
4.9350        -2822.868    -2872.565       49.697  1017.1
4.9400        -2822.639    -2871.079       48.439   991.4
4.9450        -2822.408    -2871.299       48.891  1000.6
4.9500        -2822.174    -2872.062       49.888  1021.0
4.9550        -2821.949    -2871.825       49.876  1020.8
4.9600        -2821.746    -2872.175       50.429  1032.1
4.9650        -2821.566    -2871.753       50.187  1027.2
4.9700        -2821.410    -2871.155       49.744  1018.1
4.9750        -2821.267    -2870.574       49.308  1009.2
4.9800        -2821.128    -2871.372       50.244  1028.3
4.9850        -2821.007    -2872.427       51.420  1052.4
4.9900        -2820.925    -2871.573       50.648  1036.6
4.9950        -2820.877    -2870.763       49.886  1021.0
5.0000        -2820.849    -2870.746       49.897  1021.2
Time[ps]      Etot[eV]     Epot[eV]     Ekin[eV]    T[K]
0.0000        -2883.458    -2931.119       47.662   975.5
0.0050        -2883.425    -2922.795       39.370   805.8
0.0100        -2883.272    -2910.246       26.974   552.1
0.0150        -2882.957    -2905.461       22.504   460.6
0.0200        -2882.449    -2904.272       21.824   446.7
0.0250        -2881.825    -2902.695       20.870   427.1
0.0300        -2881.225    -2902.220       20.995   429.7
0.0350        -2880.667    -2903.351       22.684   464.3
0.0400        -2880.101    -2903.946       23.845   488.0
0.0450        -2879.488    -2903.810       24.322   497.8
0.0500        -2878.805    -2903.962       25.157   514.9
0.0550        -2878.040    -2903.823       25.783   527.7
0.0600        -2877.240    -2902.211       24.970   511.1
0.0650        -2876.428    -2901.688       25.259   517.0
0.0700        -2875.567    -2902.292       26.725   547.0
0.0750        -2874.665    -2901.807       27.142   555.5
0.0800        -2873.761    -2900.623       26.861   549.8
0.0850        -2872.839    -2900.593       27.754   568.0
0.0900        -2871.859    -2901.541       29.682   607.5
0.0950        -2870.839    -2900.871       30.032   614.6
0.1000        -2869.836    -2899.071       29.235   598.3
0.1050        -2868.830    -2898.699       29.868   611.3
0.1100        -2867.791    -2897.912       30.121   616.5
0.1150        -2866.752    -2896.628       29.876   611.5
0.1200        -2865.701    -2895.885       30.184   617.8
0.1250        -2864.635    -2895.226       30.591   626.1
0.1300        -2863.539    -2895.399       31.860   652.1
0.1350        -2862.407    -2895.215       32.808   671.5
0.1400        -2861.268    -2894.281       33.013   675.7
0.1450        -2860.126    -2893.602       33.476   685.1
0.1500        -2858.963    -2893.492       34.529   706.7
0.1550        -2857.777    -2893.012       35.234   721.1
0.1600        -2856.588    -2892.356       35.768   732.1
0.1650        -2855.397    -2891.178       35.781   732.3
0.1700        -2854.228    -2888.844       34.616   708.5
0.1750        -2853.070    -2888.103       35.033   717.0
0.1800        -2851.860    -2889.134       37.274   762.9
0.1850        -2850.615    -2888.601       37.986   777.4
0.1900        -2849.392    -2887.216       37.824   774.1
0.1950        -2848.164    -2887.655       39.492   808.3
0.2000        -2846.908    -2887.811       40.903   837.1
0.2050        -2845.663    -2886.763       41.100   841.2
0.2100        -2844.454    -2884.939       40.485   828.6
0.2150        -2843.259    -2884.514       41.255   844.3
0.2200        -2842.043    -2884.462       42.419   868.2
0.2250        -2840.829    -2884.596       43.768   895.8
0.2300        -2839.607    -2885.255       45.648   934.3
0.2350        -2838.414    -2884.498       46.084   943.2
0.2400        -2837.270    -2883.746       46.476   951.2
0.2450        -2836.165    -2882.756       46.591   953.6
0.2500        -2835.099    -2881.685       46.585   953.4
0.2550        -2834.066    -2880.658       46.592   953.6
0.2600        -2833.049    -2880.805       47.756   977.4
0.2650        -2832.051    -2880.221       48.170   985.9
0.2700        -2831.090    -2879.694       48.604   994.8
0.2750        -2830.152    -2881.117       50.965  1043.1
0.2800        -2829.265    -2880.778       51.513  1054.3
0.2850        -2828.467    -2878.780       50.313  1029.7
0.2900        -2827.742    -2878.857       51.115  1046.1
0.2950        -2827.062    -2879.259       52.197  1068.3
0.3000        -2826.454    -2880.149       53.695  1099.0
0.3050        -2825.945    -2880.001       54.056  1106.3
0.3100        -2825.554    -2878.313       52.759  1079.8
0.3150        -2825.261    -2877.788       52.527  1075.0
0.3200        -2825.044    -2877.433       52.389  1072.2
0.3250        -2824.906    -2878.026       53.119  1087.2
0.3300        -2824.855    -2877.829       52.974  1084.2
0.3350        -2824.893    -2876.967       52.074  1065.8
0.3400        -2824.996    -2875.227       50.232  1028.1
0.3450        -2825.122    -2874.088       48.966  1002.2
0.3500        -2825.266    -2876.477       51.212  1048.1
0.3550        -2825.460    -2877.858       52.397  1072.4
0.3600        -2825.726    -2877.741       52.015  1064.6
0.3650        -2826.061    -2877.691       51.630  1056.7
0.3700        -2826.442    -2876.689       50.247  1028.4
0.3750        -2826.844    -2876.052       49.207  1007.1
0.3800        -2827.241    -2875.399       48.158   985.6
0.3850        -2827.620    -2876.193       48.573   994.1
0.3900        -2828.010    -2878.570       50.560  1034.8
0.3950        -2828.431    -2877.925       49.493  1013.0
0.4000        -2828.832    -2874.957       46.125   944.0
0.4050        -2829.176    -2875.582       46.406   949.8
0.4100        -2829.485    -2877.782       48.297   988.5
0.4150        -2829.787    -2879.290       49.503  1013.1
0.4200        -2830.106    -2879.451       49.345  1009.9
0.4250        -2830.422    -2878.424       48.002   982.4
0.4300        -2830.724    -2878.856       48.132   985.1
0.4350        -2831.011    -2879.346       48.335   989.3
0.4400        -2831.285    -2878.524       47.239   966.8
0.4450        -2831.519    -2877.694       46.175   945.0
0.4500        -2831.708    -2878.796       47.088   963.7
0.4550        -2831.860    -2878.706       46.847   958.8
0.4600        -2831.973    -2879.117       47.143   964.9
0.4650        -2832.067    -2881.389       49.323  1009.5
0.4700        -2832.163    -2880.981       48.818   999.1
0.4750        -2832.247    -2878.408       46.161   944.7
0.4800        -2832.288    -2877.341       45.053   922.1
0.4850        -2832.257    -2877.437       45.180   924.7
0.4900        -2832.160    -2878.735       46.576   953.2
0.4950        -2832.010    -2879.084       47.074   963.4
0.5000        -2831.826    -2879.528       47.702   976.3
0.5050        -2831.616    -2879.115       47.499   972.1
0.5100        -2831.383    -2878.795       47.411   970.3
0.5150        -2831.118    -2877.834       46.716   956.1
0.5200        -2830.816    -2877.601       46.785   957.5
0.5250        -2830.474    -2879.119       48.645   995.6
0.5300        -2830.112    -2879.157       49.045  1003.8
0.5350        -2829.757    -2878.123       48.366   989.9
0.5400        -2829.397    -2877.381       47.984   982.1
0.5450        -2829.024    -2877.773       48.749   997.7
0.5500        -2828.642    -2877.811       49.168  1006.3
0.5550        -2828.268    -2878.399       50.131  1026.0
0.5600        -2827.912    -2878.085       50.173  1026.9
0.5650        -2827.586    -2876.849       49.263  1008.3
0.5700        -2827.277    -2875.984       48.707   996.9
0.5750        -2826.966    -2875.563       48.596   994.6
0.5800        -2826.649    -2875.770       49.121  1005.3
0.5850        -2826.336    -2877.465       51.129  1046.4
0.5900        -2826.059    -2878.903       52.844  1081.5
0.5950        -2825.855    -2877.941       52.086  1066.0
0.6000        -2825.724    -2876.473       50.749  1038.6
0.6050        -2825.634    -2876.106       50.472  1033.0
0.6100        -2825.585    -2877.336       51.751  1059.2
0.6150        -2825.585    -2877.072       51.487  1053.8
0.6200        -2825.645    -2877.002       51.356  1051.1
0.6250        -2825.761    -2877.676       51.916  1062.5
0.6300        -2825.945    -2878.095       52.150  1067.3
0.6350        -2826.193    -2876.780       50.587  1035.3
0.6400        -2826.461    -2874.334       47.873   979.8
0.6450        -2826.708    -2874.335       47.626   974.7
0.6500        -2826.938    -2875.505       48.567   994.0
0.6550        -2827.160    -2875.829       48.669   996.1
0.6600        -2827.378    -2876.163       48.785   998.5
0.6650        -2827.606    -2877.520       49.914  1021.6
0.6700        -2827.850    -2877.232       49.382  1010.7
0.6750        -2828.099    -2876.467       48.367   989.9
0.6800        -2828.349    -2877.826       49.477  1012.6
0.6850        -2828.607    -2877.904       49.297  1008.9
0.6900        -2828.873    -2877.799       48.926  1001.3
0.6950        -2829.146    -2879.205       50.059  1024.5
0.7000        -2829.457    -2881.281       51.823  1060.6
0.7050        -2829.826    -2880.916       51.089  1045.6
0.7100        -2830.227    -2879.389       49.162  1006.2
0.7150        -2830.625    -2878.942       48.317   988.9
0.7200        -2830.993    -2877.326       46.333   948.3
0.7250        -2831.299    -2877.179       45.879   939.0
0.7300        -2831.573    -2880.146       48.573   994.1
0.7350        -2831.831    -2880.287       48.456   991.7
0.7400        -2832.087    -2880.615       48.528   993.2
0.7450        -2832.336    -2880.780       48.444   991.5
0.7500        -2832.573    -2880.214       47.641   975.1
0.7550        -2832.784    -2879.787       47.003   962.0
0.7600        -2832.960    -2880.202       47.243   966.9
0.7650        -2833.113    -2882.286       49.173  1006.4
0.7700        -2833.282    -2884.142       50.860  1040.9
0.7750        -2833.484    -2883.351       49.867  1020.6
0.7800        -2833.703    -2882.604       48.900  1000.8
0.7850        -2833.931    -2883.166       49.235  1007.7
0.7900        -2834.162    -2883.158       48.995  1002.8
0.7950        -2834.400    -2883.634       49.234  1007.7
0.8000        -2834.642    -2883.040       48.398   990.5
0.8050        -2834.873    -2882.757       47.883   980.0
0.8100        -2835.090    -2883.401       48.311   988.8
0.8150        -2835.288    -2882.577       47.289   967.8
0.8200        -2835.457    -2882.236       46.779   957.4
0.8250        -2835.588    -2882.631       47.043   962.8
0.8300        -2835.686    -2883.475       47.788   978.1
0.8350        -2835.768    -2884.460       48.692   996.6
0.8400        -2835.844    -2884.122       48.278   988.1
0.8450        -2835.905    -2882.641       46.735   956.5
0.8500        -2835.928    -2882.071       46.144   944.4
0.8550        -2835.902    -2883.375       47.473   971.6
0.8600        -2835.849    -2884.677       48.828   999.3
0.8650        -2835.787    -2883.442       47.654   975.3
0.8700        -2835.699    -2880.832       45.133   923.7
0.8750        -2835.554    -2881.366       45.813   937.6
0.8800        -2835.344    -2882.796       47.452   971.2
0.8850        -2835.096    -2881.984       46.888   959.6
0.8900        -2834.814    -2881.946       47.133   964.6
0.8950        -2834.496    -2883.107       48.611   994.9
0.9000        -2834.162    -2883.899       49.737  1017.9
0.9050        -2833.838    -2883.279       49.441  1011.9
0.9100        -2833.532    -2882.400       48.869  1000.2
0.9150        -2833.230    -2881.942       48.712   997.0
0.9200        -2832.926    -2880.722       47.796   978.2
0.9250        -2832.608    -2878.594       45.985   941.2
0.9300        -2832.253    -2877.768       45.516   931.5
0.9350        -2831.834    -2878.421       46.587   953.5
0.9400        -2831.365    -2880.874       49.509  1013.3
0.9450        -2830.891    -2881.567       50.675  1037.1
0.9500        -2830.459    -2880.481       50.022  1023.8
0.9550        -2830.066    -2881.360       51.294  1049.8
0.9600        -2829.717    -2881.553       51.836  1060.9
0.9650        -2829.434    -2880.571       51.137  1046.6
0.9700        -2829.203    -2879.973       50.770  1039.1
0.9750        -2829.017    -2879.988       50.970  1043.2
0.9800        -2828.869    -2878.374       49.506  1013.2
0.9850        -2828.736    -2876.038       47.302   968.1
0.9900        -2828.582    -2876.486       47.904   980.4
0.9950        -2828.403    -2877.922       49.519  1013.5
1.0000        -2828.228    -2878.296       50.068  1024.7
1.0050        -2828.074    -2878.231       50.158  1026.6
1.0100        -2827.947    -2879.218       51.271  1049.3
1.0150        -2827.868    -2880.159       52.291  1070.2
1.0200        -2827.854    -2879.114       51.260  1049.1
1.0250        -2827.886    -2877.341       49.455  1012.2
1.0300        -2827.938    -2877.007       49.069  1004.3
1.0350        -2827.994    -2876.734       48.740   997.5
1.0400        -2828.048    -2876.596       48.547   993.6
1.0450        -2828.100    -2877.079       48.978  1002.4
1.0500        -2828.156    -2877.761       49.605  1015.2
1.0550        -2828.229    -2878.399       50.170  1026.8
1.0600        -2828.328    -2879.254       50.927  1042.3
1.0650        -2828.486    -2881.201       52.715  1078.9
1.0700        -2828.717    -2879.877       51.160  1047.1
1.0750        -2828.989    -2877.770       48.781   998.4
1.0800        -2829.265    -2877.816       48.551   993.7
1.0850        -2829.534    -2877.717       48.182   986.1
1.0900        -2829.788    -2876.946       47.157   965.1
1.0950        -2830.008    -2876.318       46.311   947.8
1.1000        -2830.178    -2876.919       46.741   956.6
1.1050        -2830.323    -2879.077       48.754   997.8
1.1100        -2830.461    -2879.258       48.796   998.7
1.1150        -2830.603    -2879.380       48.777   998.3
1.1200        -2830.752    -2880.409       49.657  1016.3
1.1250        -2830.916    -2880.077       49.161  1006.2
1.1300        -2831.084    -2879.250       48.166   985.8
1.1350        -2831.246    -2878.902       47.657   975.4
1.1400        -2831.376    -2877.489       46.113   943.8
1.1450        -2831.466    -2878.414       46.948   960.9
1.1500        -2831.524    -2880.069       48.545   993.6
1.1550        -2831.573    -2880.500       48.928  1001.4
1.1600        -2831.627    -2881.157       49.529  1013.7
1.1650        -2831.700    -2881.472       49.772  1018.7
1.1700        -2831.793    -2881.618       49.824  1019.7
1.1750        -2831.911    -2881.827       49.916  1021.6
1.1800        -2832.056    -2881.717       49.661  1016.4
1.1850        -2832.224    -2881.272       49.048  1003.8
1.1900        -2832.386    -2878.577       46.191   945.4
1.1950        -2832.506    -2877.852       45.346   928.1
1.2000        -2832.575    -2879.909       47.335   968.8
1.2050        -2832.608    -2880.104       47.496   972.1
1.2100        -2832.617    -2879.427       46.810   958.0
1.2150        -2832.586    -2879.077       46.492   951.5
1.2200        -2832.508    -2879.545       47.037   962.7
1.2250        -2832.390    -2880.249       47.859   979.5
1.2300        -2832.237    -2879.993       47.755   977.4
1.2350        -2832.053    -2879.907       47.854   979.4
1.2400        -2831.835    -2880.262       48.427   991.1
1.2450        -2831.589    -2880.915       49.326  1009.5
1.2500        -2831.331    -2881.548       50.217  1027.8
1.2550        -2831.078    -2882.410       51.333  1050.6
1.2600        -2830.858    -2883.015       52.157  1067.5
1.2650        -2830.686    -2881.199       50.513  1033.8
1.2700        -2830.543    -2879.465       48.922  1001.3
1.2750        -2830.401    -2880.307       49.906  1021.4
1.2800        -2830.266    -2882.334       52.068  1065.7
1.2850        -2830.181    -2882.372       52.191  1068.2
1.2900        -2830.158    -2880.674       50.516  1033.9
1.2950        -2830.174    -2880.099       49.925  1021.8
1.3000        -2830.215    -2879.766       49.551  1014.1
1.3050        -2830.268    -2878.015       47.747   977.2
1.3100        -2830.312    -2878.530       48.219   986.9
1.3150        -2830.352    -2879.780       49.428  1011.6
1.3200        -2830.397    -2878.121       47.724   976.7
1.3250        -2830.431    -2877.719       47.288   967.8
1.3300        -2830.444    -2879.733       49.289  1008.8
1.3350        -2830.463    -2880.870       50.407  1031.7
1.3400        -2830.518    -2881.000       50.482  1033.2
1.3450        -2830.615    -2880.491       49.876  1020.8
1.3500        -2830.740    -2879.242       48.501   992.7
1.3550        -2830.880    -2879.176       48.296   988.5
1.3600        -2831.023    -2878.753       47.729   976.9
1.3650        -2831.156    -2878.635       47.479   971.7
1.3700        -2831.286    -2880.017       48.730   997.3
1.3750        -2831.425    -2880.764       49.339  1009.8
1.3800        -2831.595    -2881.437       49.843  1020.1
1.3850        -2831.795    -2880.701       48.907  1000.9
1.3900        -2832.015    -2880.024       48.009   982.6
1.3950        -2832.234    -2880.033       47.799   978.3
1.4000        -2832.450    -2880.194       47.743   977.1
1.4050        -2832.664    -2880.715       48.051   983.4
1.4100        -2832.876    -2880.942       48.066   983.7
1.4150        -2833.082    -2880.219       47.136   964.7
1.4200        -2833.267    -2879.830       46.563   953.0
1.4250        -2833.419    -2879.833       46.414   949.9
1.4300        -2833.536    -2880.279       46.743   956.7
1.4350        -2833.619    -2880.739       47.121   964.4
1.4400        -2833.678    -2882.050       48.372   990.0
1.4450        -2833.730    -2883.059       49.328  1009.6
1.4500        -2833.797    -2883.216       49.419  1011.4
1.4550        -2833.876    -2881.875       47.999   982.4
1.4600        -2833.947    -2881.489       47.542   973.0
1.4650        -2833.999    -2881.995       47.996   982.3
1.4700        -2834.041    -2882.612       48.571   994.1
1.4750        -2834.080    -2882.808       48.728   997.3
1.4800        -2834.122    -2883.220       49.099  1004.9
1.4850        -2834.176    -2883.497       49.321  1009.4
1.4900        -2834.233    -2881.168       46.935   960.6
1.4950        -2834.265    -2880.857       46.592   953.6
1.5000        -2834.258    -2881.504       47.245   966.9
1.5050        -2834.209    -2880.830       46.621   954.2
1.5100        -2834.117    -2881.569       47.452   971.2
1.5150        -2833.978    -2881.752       47.774   977.8
1.5200        -2833.801    -2882.451       48.650   995.7
1.5250        -2833.591    -2883.552       49.960  1022.5
1.5300        -2833.379    -2884.597       51.218  1048.3
1.5350        -2833.187    -2883.879       50.692  1037.5
1.5400        -2833.020    -2882.308       49.288  1008.8
1.5450        -2832.850    -2881.733       48.883  1000.5
1.5500        -2832.663    -2881.235       48.572   994.1
1.5550        -2832.457    -2880.764       48.308   988.7
1.5600        -2832.218    -2879.016       46.798   957.8
1.5650        -2831.926    -2877.876       45.950   940.4
1.5700        -2831.559    -2878.931       47.372   969.5
1.5750        -2831.121    -2880.350       49.229  1007.6
1.5800        -2830.654    -2881.756       51.103  1045.9
1.5850        -2830.206    -2883.221       53.016  1085.0
1.5900        -2829.823    -2881.932       52.108  1066.5
1.5950        -2829.518    -2880.144       50.626  1036.1
1.6000        -2829.254    -2879.399       50.145  1026.3
1.6050        -2829.015    -2879.503       50.488  1033.3
1.6100        -2828.805    -2879.376       50.571  1035.0
1.6150        -2828.622    -2876.763       48.142   985.3
1.6200        -2828.432    -2875.528       47.096   963.9
1.6250        -2828.206    -2876.618       48.412   990.8
1.6300        -2827.957    -2878.695       50.738  1038.4
1.6350        -2827.720    -2877.926       50.206  1027.5
1.6400        -2827.505    -2876.055       48.551   993.7
1.6450        -2827.279    -2875.027       47.748   977.2
1.6500        -2827.024    -2875.810       48.786   998.5
1.6550        -2826.739    -2875.856       49.117  1005.3
1.6600        -2826.442    -2876.106       49.664  1016.5
1.6650        -2826.132    -2875.874       49.742  1018.0
1.6700        -2825.814    -2876.377       50.563  1034.9
1.6750        -2825.500    -2878.390       52.890  1082.5
1.6800        -2825.230    -2879.694       54.463  1114.7
1.6850        -2825.051    -2877.673       52.623  1077.0
1.6900        -2824.945    -2875.605       50.660  1036.8
1.6950        -2824.874    -2875.187       50.314  1029.7
1.7000        -2824.821    -2874.554       49.733  1017.9
1.7050        -2824.777    -2874.262       49.485  1012.8
1.7100        -2824.747    -2876.751       52.003  1064.3
1.7150        -2824.779    -2878.159       53.380  1092.5
1.7200        -2824.920    -2876.936       52.017  1064.6
1.7250        -2825.155    -2874.777       49.622  1015.6
1.7300        -2825.450    -2873.849       48.399   990.6
1.7350        -2825.786    -2873.630       47.845   979.2
1.7400        -2826.149    -2874.254       48.105   984.5
1.7450        -2826.565    -2876.754       50.189  1027.2
1.7500        -2827.050    -2877.180       50.129  1026.0
1.7550        -2827.587    -2877.104       49.517  1013.4
1.7600        -2828.165    -2878.751       50.587  1035.3
1.7650        -2828.808    -2881.491       52.683  1078.2
1.7700        -2829.513    -2880.974       51.461  1053.2
1.7750        -2830.183    -2877.847       47.663   975.5
1.7800        -2830.734    -2876.275       45.541   932.1
1.7850        -2831.171    -2877.734       46.563   953.0
1.7900        -2831.523    -2879.025       47.502   972.2
1.7950        -2831.818    -2879.795       47.978   981.9
1.8000        -2832.070    -2880.132       48.062   983.7
1.8050        -2832.284    -2879.934       47.650   975.2
1.8100        -2832.455    -2879.170       46.715   956.1
1.8150        -2832.576    -2879.309       46.732   956.5
1.8200        -2832.657    -2880.207       47.550   973.2
1.8250        -2832.710    -2880.849       48.139   985.2
1.8300        -2832.745    -2880.517       47.772   977.7
1.8350        -2832.757    -2879.829       47.073   963.4
1.8400        -2832.736    -2879.678       46.941   960.7
1.8450        -2832.679    -2879.991       47.313   968.3
1.8500        -2832.588    -2880.163       47.575   973.7
1.8550        -2832.469    -2879.701       47.232   966.7
1.8600        -2832.316    -2879.495       47.179   965.6
1.8650        -2832.125    -2880.068       47.943   981.2
1.8700        -2831.902    -2880.040       48.138   985.2
1.8750        -2831.652    -2879.648       47.995   982.3
1.8800        -2831.369    -2879.195       47.826   978.8
1.8850        -2831.056    -2880.427       49.371  1010.5
1.8900        -2830.722    -2880.472       49.751  1018.2
1.8950        -2830.390    -2879.640       49.250  1008.0
1.9000        -2830.055    -2878.664       48.609   994.9
1.9050        -2829.702    -2876.088       46.386   949.4
1.9100        -2829.304    -2874.609       45.306   927.2
1.9150        -2828.829    -2875.182       46.353   948.7
1.9200        -2828.282    -2876.676       48.394   990.4
1.9250        -2827.712    -2876.638       48.926  1001.4
1.9300        -2827.164    -2875.732       48.568   994.0
1.9350        -2826.651    -2876.102       49.451  1012.1
1.9400        -2826.189    -2876.566       50.377  1031.0
1.9450        -2825.807    -2877.132       51.325  1050.4
1.9500        -2825.518    -2876.288       50.770  1039.1
1.9550        -2825.313    -2875.185       49.872  1020.7
1.9600        -2825.163    -2875.475       50.312  1029.7
1.9650        -2825.059    -2875.428       50.369  1030.9
1.9700        -2824.999    -2875.281       50.282  1029.1
1.9750        -2824.978    -2876.162       51.184  1047.6
1.9800        -2825.005    -2876.715       51.710  1058.3
1.9850        -2825.079    -2875.619       50.540  1034.4
1.9900        -2825.172    -2874.166       48.994  1002.7
1.9950        -2825.264    -2874.659       49.395  1010.9
2.0000        -2825.361    -2875.241       49.881  1020.9
2.0050        -2825.465    -2874.892       49.428  1011.6
2.0100        -2825.569    -2874.503       48.934  1001.5
2.0150        -2825.676    -2875.591       49.915  1021.6
2.0200        -2825.794    -2875.687       49.893  1021.1
2.0250        -2825.927    -2875.096       49.169  1006.3
2.0300        -2826.053    -2873.675       47.622   974.7
2.0350        -2826.148    -2872.885       46.737   956.5
2.0400        -2826.209    -2874.075       47.865   979.6
2.0450        -2826.246    -2874.219       47.972   981.8
2.0500        -2826.262    -2873.615       47.354   969.2
2.0550        -2826.258    -2875.690       49.432  1011.7
2.0600        -2826.265    -2877.854       51.589  1055.9
2.0650        -2826.324    -2877.686       51.362  1051.2
2.0700        -2826.430    -2876.080       49.650  1016.2
2.0750        -2826.565    -2876.433       49.868  1020.6
2.0800        -2826.728    -2876.271       49.543  1014.0
2.0850        -2826.915    -2875.793       48.878  1000.4
2.0900        -2827.120    -2875.175       48.055   983.5
2.0950        -2827.323    -2874.725       47.402   970.2
2.1000        -2827.540    -2877.583       50.043  1024.2
2.1050        -2827.824    -2879.315       51.490  1053.8
2.1100        -2828.196    -2877.157       48.961  1002.1
2.1150        -2828.614    -2875.173       46.558   952.9
2.1200        -2829.054    -2875.844       46.790   957.6
2.1250        -2829.524    -2876.405       46.881   959.5
2.1300        -2830.021    -2877.245       47.223   966.5
2.1350        -2830.557    -2877.877       47.319   968.5
2.1400        -2831.095    -2877.286       46.190   945.4
2.1450        -2831.627    -2878.639       47.012   962.2
2.1500        -2832.146    -2879.066       46.921   960.3
2.1550        -2832.634    -2879.051       46.417   950.0
2.1600        -2833.067    -2878.117       45.050   922.0
2.1650        -2833.404    -2876.911       43.507   890.4
2.1700        -2833.647    -2878.271       44.625   913.3
2.1750        -2833.807    -2878.990       45.183   924.7
2.1800        -2833.893    -2878.710       44.818   917.3
2.1850        -2833.909    -2879.496       45.587   933.0
2.1900        -2833.861    -2879.178       45.317   927.5
2.1950        -2833.746    -2877.600       43.854   897.5
2.2000        -2833.543    -2876.582       43.039   880.9
2.2050        -2833.240    -2877.998       44.758   916.0
2.2100        -2832.837    -2878.754       45.918   939.8
2.2150        -2832.372    -2878.541       46.169   944.9
2.2200        -2831.862    -2877.353       45.491   931.0
2.2250        -2831.320    -2876.901       45.581   932.9
2.2300        -2830.757    -2878.121       47.364   969.4
2.2350        -2830.219    -2878.628       48.409   990.8
2.2400        -2829.762    -2876.691       46.929   960.5
2.2450        -2829.379    -2874.629       45.250   926.1
2.2500        -2829.039    -2875.502       46.464   951.0
2.2550        -2828.733    -2877.079       48.346   989.5
2.2600        -2828.484    -2878.263       49.778  1018.8
2.2650        -2828.300    -2877.787       49.487  1012.8
2.2700        -2828.161    -2876.882       48.721   997.1
2.2750        -2828.050    -2878.298       50.248  1028.4
2.2800        -2827.971    -2878.052       50.081  1025.0
2.2850        -2827.919    -2876.283       48.364   989.9
2.2900        -2827.870    -2876.888       49.018  1003.2
2.2950        -2827.827    -2877.565       49.739  1018.0
2.3000        -2827.795    -2875.954       48.160   985.7
2.3050        -2827.751    -2875.056       47.305   968.2
2.3100        -2827.682    -2875.243       47.560   973.4
2.3150        -2827.585    -2874.947       47.363   969.3
2.3200        -2827.458    -2875.070       47.612   974.5
2.3250        -2827.302    -2875.632       48.330   989.1
2.3300        -2827.134    -2876.617       49.483  1012.7
2.3350        -2826.963    -2875.562       48.599   994.7
2.3400        -2826.790    -2875.740       48.949  1001.8
2.3450        -2826.615    -2877.209       50.595  1035.5
2.3500        -2826.457    -2876.298       49.840  1020.1
2.3550        -2826.316    -2874.261       47.945   981.3
2.3600        -2826.160    -2874.016       47.856   979.5
2.3650        -2825.978    -2875.824       49.846  1020.2
2.3700        -2825.796    -2876.226       50.430  1032.1
2.3750        -2825.632    -2875.622       49.990  1023.1
2.3800        -2825.490    -2876.526       51.036  1044.5
2.3850        -2825.381    -2877.653       52.272  1069.8
2.3900        -2825.338    -2877.948       52.609  1076.7
2.3950        -2825.366    -2875.697       50.331  1030.1
2.4000        -2825.425    -2872.838       47.412   970.4
2.4050        -2825.465    -2872.633       47.167   965.3
2.4100        -2825.482    -2874.793       49.311  1009.2
2.4150        -2825.506    -2875.266       49.760  1018.4
2.4200        -2825.541    -2873.213       47.672   975.7
2.4250        -2825.567    -2873.658       48.091   984.2
2.4300        -2825.582    -2874.794       49.212  1007.2
2.4350        -2825.596    -2873.459       47.864   979.6
2.4400        -2825.591    -2872.335       46.744   956.7
2.4450        -2825.554    -2874.568       49.014  1003.1
2.4500        -2825.507    -2875.559       50.053  1024.4
2.4550        -2825.475    -2875.220       49.745  1018.1
2.4600        -2825.458    -2875.521       50.062  1024.6
2.4650        -2825.470    -2876.195       50.725  1038.2
2.4700        -2825.515    -2875.123       49.609  1015.3
2.4750        -2825.588    -2875.333       49.745  1018.1
2.4800        -2825.692    -2875.855       50.163  1026.7
2.4850        -2825.837    -2876.167       50.330  1030.1
2.4900        -2826.030    -2875.887       49.857  1020.4
2.4950        -2826.256    -2874.684       48.428   991.2
2.5000        -2826.500    -2875.402       48.902  1000.8
2.5050        -2826.771    -2876.197       49.426  1011.6
2.5100        -2827.073    -2875.825       48.752   997.8
2.5150        -2827.384    -2874.833       47.449   971.1
2.5200        -2827.691    -2876.086       48.395   990.5
2.5250        -2828.018    -2877.816       49.798  1019.2
2.5300        -2828.375    -2877.374       48.998  1002.8
2.5350        -2828.731    -2875.967       47.236   966.8
2.5400        -2829.070    -2876.437       47.367   969.4
2.5450        -2829.385    -2876.672       47.286   967.8
2.5500        -2829.677    -2877.108       47.431   970.7
2.5550        -2829.949    -2877.644       47.696   976.2
2.5600        -2830.194    -2876.377       46.183   945.2
2.5650        -2830.384    -2875.332       44.948   919.9
2.5700        -2830.517    -2877.580       47.063   963.2
2.5750        -2830.626    -2880.402       49.776  1018.7
2.5800        -2830.753    -2880.374       49.621  1015.6
2.5850        -2830.898    -2879.297       48.399   990.6
2.5900        -2831.038    -2877.915       46.877   959.4
2.5950        -2831.142    -2876.957       45.815   937.7
2.6000        -2831.202    -2878.015       46.813   958.1
2.6050        -2831.229    -2879.539       48.310   988.7
2.6100        -2831.236    -2878.151       46.915   960.2
2.6150        -2831.208    -2876.557       45.349   928.1
2.6200        -2831.111    -2877.098       45.987   941.2
2.6250        -2830.941    -2878.346       47.405   970.2
2.6300        -2830.703    -2877.437       46.734   956.5
2.6350        -2830.392    -2877.088       46.696   955.7
2.6400        -2829.987    -2877.384       47.397   970.1
2.6450        -2829.489    -2877.578       48.089   984.2
2.6500        -2828.909    -2877.533       48.624   995.2
2.6550        -2828.272    -2878.620       50.348  1030.5
2.6600        -2827.617    -2880.120       52.502  1074.5
2.6650        -2827.021    -2879.307       52.287  1070.1
2.6700        -2826.521    -2875.501       48.980  1002.5
2.6750        -2826.079    -2873.632       47.552   973.2
2.6800        -2825.644    -2873.402       47.758   977.4
2.6850        -2825.217    -2873.681       48.464   991.9
2.6900        -2824.813    -2873.640       48.827   999.3
2.6950        -2824.445    -2872.030       47.585   973.9
2.7000        -2824.100    -2871.750       47.649   975.2
2.7050        -2823.771    -2873.557       49.787  1019.0
2.7100        -2823.481    -2875.289       51.809  1060.3
2.7150        -2823.279    -2877.172       53.893  1103.0
2.7200        -2823.195    -2877.822       54.627  1118.0
2.7250        -2823.234    -2875.525       52.291  1070.2
2.7300        -2823.334    -2873.036       49.702  1017.2
2.7350        -2823.448    -2873.196       49.749  1018.2
2.7400        -2823.572    -2874.891       51.319  1050.3
2.7450        -2823.745    -2876.815       53.069  1086.1
2.7500        -2823.985    -2876.227       52.242  1069.2
2.7550        -2824.278    -2875.968       51.690  1057.9
2.7600        -2824.614    -2875.965       51.351  1051.0
2.7650        -2824.950    -2872.886       47.936   981.1
2.7700        -2825.230    -2871.597       46.367   949.0
2.7750        -2825.459    -2874.178       48.719   997.1
2.7800        -2825.671    -2875.876       50.204  1027.5
2.7850        -2825.891    -2875.625       49.734  1017.9
2.7900        -2826.110    -2875.533       49.423  1011.5
2.7950        -2826.327    -2876.197       49.870  1020.7
2.8000        -2826.548    -2876.500       49.951  1022.3
2.8050        -2826.774    -2876.772       49.998  1023.3
2.8100        -2827.006    -2877.159       50.153  1026.5
2.8150        -2827.249    -2878.208       50.959  1042.9
2.8200        -2827.522    -2879.113       51.591  1055.9
2.8250        -2827.821    -2878.405       50.584  1035.3
2.8300        -2828.121    -2877.018       48.897  1000.8
2.8350        -2828.383    -2875.668       47.286   967.8
2.8400        -2828.589    -2875.366       46.777   957.4
2.8450        -2828.733    -2874.906       46.174   945.0
2.8500        -2828.810    -2874.331       45.521   931.7
2.8550        -2828.822    -2873.971       45.149   924.0
2.8600        -2828.767    -2873.473       44.707   915.0
2.8650        -2828.645    -2873.690       45.046   921.9
2.8700        -2828.471    -2876.073       47.601   974.2
2.8750        -2828.280    -2877.340       49.060  1004.1
2.8800        -2828.104    -2876.263       48.159   985.7
2.8850        -2827.940    -2876.123       48.184   986.2
2.8900        -2827.778    -2876.474       48.696   996.6
2.8950        -2827.628    -2876.425       48.797   998.7
2.9000        -2827.495    -2877.308       49.813  1019.5
2.9050        -2827.389    -2877.546       50.157  1026.5
2.9100        -2827.315    -2876.913       49.598  1015.1
2.9150        -2827.268    -2877.276       50.008  1023.5
2.9200        -2827.243    -2876.433       49.190  1006.8
2.9250        -2827.224    -2874.636       47.412   970.4
2.9300        -2827.183    -2874.168       46.984   961.6
2.9350        -2827.117    -2875.557       48.440   991.4
2.9400        -2827.042    -2876.154       49.112  1005.2
2.9450        -2826.975    -2875.896       48.921  1001.2
2.9500        -2826.914    -2875.045       48.131   985.1
2.9550        -2826.843    -2874.115       47.273   967.5
2.9600        -2826.752    -2874.656       47.904   980.4
2.9650        -2826.644    -2874.601       47.957   981.5
2.9700        -2826.524    -2873.926       47.402   970.1
2.9750        -2826.386    -2873.732       47.346   969.0
2.9800        -2826.226    -2872.878       46.652   954.8
2.9850        -2826.036    -2871.788       45.752   936.4
2.9900        -2825.803    -2871.920       46.117   943.8
2.9950        -2825.531    -2872.581       47.050   962.9
3.0000        -2825.238    -2872.523       47.285   967.8
3.0050        -2824.937    -2871.540       46.603   953.8
3.0100        -2824.626    -2871.630       47.004   962.0
3.0150        -2824.312    -2872.802       48.490   992.4
3.0200        -2824.016    -2872.321       48.304   988.6
3.0250        -2823.758    -2872.824       49.066  1004.2
3.0300        -2823.538    -2872.601       49.063  1004.1
3.0350        -2823.361    -2872.295       48.934  1001.5
3.0400        -2823.213    -2870.787       47.575   973.7
3.0450        -2823.070    -2869.618       46.548   952.7
3.0500        -2822.925    -2872.551       49.627  1015.7
3.0550        -2822.804    -2873.908       51.104  1045.9
3.0600        -2822.740    -2873.275       50.535  1034.3
3.0650        -2822.726    -2874.267       51.541  1054.9
3.0700        -2822.761    -2873.518       50.757  1038.8
3.0750        -2822.821    -2871.679       48.858   999.9
3.0800        -2822.885    -2872.138       49.254  1008.1
3.0850        -2822.946    -2872.326       49.380  1010.6
3.0900        -2823.019    -2873.360       50.341  1030.3
3.0950        -2823.119    -2874.745       51.626  1056.6
3.1000        -2823.275    -2875.555       52.280  1070.0
3.1050        -2823.490    -2874.739       51.249  1048.9
3.1100        -2823.748    -2875.203       51.455  1053.1
3.1150        -2824.071    -2877.660       53.589  1096.8
3.1200        -2824.481    -2877.087       52.606  1076.7
3.1250        -2824.934    -2874.684       49.750  1018.2
3.1300        -2825.376    -2874.544       49.168  1006.3
3.1350        -2825.804    -2875.277       49.472  1012.5
3.1400        -2826.216    -2875.807       49.592  1015.0
3.1450        -2826.611    -2875.855       49.244  1007.9
3.1500        -2826.972    -2875.446       48.474   992.1
3.1550        -2827.296    -2875.966       48.669   996.1
3.1600        -2827.582    -2875.809       48.227   987.0
3.1650        -2827.828    -2875.875       48.047   983.3
3.1700        -2828.035    -2876.060       48.025   982.9
3.1750        -2828.210    -2876.713       48.504   992.7
3.1800        -2828.364    -2877.424       49.061  1004.1
3.1850        -2828.505    -2876.963       48.459   991.8
3.1900        -2828.630    -2877.039       48.409   990.8
3.1950        -2828.737    -2877.042       48.305   988.6
3.2000        -2828.821    -2876.365       47.544   973.1
3.2050        -2828.878    -2875.976       47.098   963.9
3.2100        -2828.893    -2875.110       46.217   945.9
3.2150        -2828.864    -2875.683       46.819   958.2
3.2200        -2828.799    -2877.431       48.631   995.3
3.2250        -2828.725    -2877.865       49.139  1005.7
3.2300        -2828.660    -2878.230       49.570  1014.5
3.2350        -2828.609    -2878.723       50.115  1025.7
3.2400        -2828.584    -2878.980       50.396  1031.4
3.2450        -2828.591    -2878.573       49.982  1023.0
3.2500        -2828.612    -2876.301       47.689   976.0
3.2550        -2828.617    -2875.831       47.214   966.3
3.2600        -2828.595    -2877.186       48.591   994.5
3.2650        -2828.554    -2876.475       47.920   980.8
3.2700        -2828.502    -2876.638       48.136   985.2
3.2750        -2828.429    -2876.913       48.484   992.3
3.2800        -2828.330    -2874.272       45.941   940.3
3.2850        -2828.168    -2872.324       44.156   903.7
3.2900        -2827.892    -2874.095       46.204   945.6
3.2950        -2827.482    -2875.342       47.860   979.5
3.3000        -2826.948    -2875.388       48.440   991.4
3.3050        -2826.290    -2874.690       48.400   990.6
3.3100        -2825.517    -2874.530       49.012  1003.1
3.3150        -2824.656    -2874.735       50.079  1024.9
3.3200        -2823.783    -2874.953       51.170  1047.3
3.3250        -2822.983    -2875.492       52.509  1074.7
3.3300        -2822.328    -2874.994       52.666  1077.9
3.3350        -2821.842    -2873.172       51.331  1050.6
3.3400        -2821.491    -2873.253       51.762  1059.4
3.3450        -2821.257    -2875.610       54.353  1112.4
3.3500        -2821.159    -2875.431       54.273  1110.8
3.3550        -2821.183    -2874.215       53.032  1085.4
3.3600        -2821.292    -2874.210       52.918  1083.1
3.3650        -2821.468    -2873.750       52.283  1070.0
3.3700        -2821.687    -2872.530       50.842  1040.6
3.3750        -2821.922    -2871.763       49.840  1020.1
3.3800        -2822.152    -2871.665       49.512  1013.3
3.3850        -2822.382    -2872.082       49.701  1017.2
3.3900        -2822.607    -2871.995       49.388  1010.8
3.3950        -2822.830    -2872.369       49.539  1013.9
3.4000        -2823.054    -2873.034       49.980  1022.9
3.4050        -2823.297    -2874.472       51.175  1047.4
3.4100        -2823.577    -2875.023       51.445  1052.9
3.4150        -2823.902    -2875.337       51.435  1052.7
3.4200        -2824.260    -2875.002       50.743  1038.5
3.4250        -2824.640    -2875.396       50.756  1038.8
3.4300        -2825.036    -2874.996       49.960  1022.5
3.4350        -2825.417    -2873.789       48.373   990.0
3.4400        -2825.761    -2873.541       47.780   977.9
3.4450        -2826.055    -2873.254       47.198   966.0
3.4500        -2826.295    -2873.311       47.016   962.3
3.4550        -2826.491    -2874.531       48.040   983.2
3.4600        -2826.660    -2875.578       48.919  1001.2
3.4650        -2826.819    -2876.261       49.442  1011.9
3.4700        -2826.980    -2876.216       49.236  1007.7
3.4750        -2827.136    -2875.656       48.520   993.0
3.4800        -2827.281    -2876.314       49.033  1003.5
3.4850        -2827.421    -2875.832       48.412   990.8
3.4900        -2827.538    -2874.756       47.218   966.4
3.4950        -2827.628    -2875.496       47.868   979.7
3.5000        -2827.690    -2875.694       48.003   982.5
3.5050        -2827.742    -2877.242       49.500  1013.1
3.5100        -2827.809    -2878.729       50.920  1042.2
3.5150        -2827.908    -2877.326       49.418  1011.4
3.5200        -2828.012    -2875.196       47.184   965.7
3.5250        -2828.089    -2875.052       46.963   961.2
3.5300        -2828.128    -2875.340       47.212   966.3
3.5350        -2828.140    -2875.937       47.798   978.3
3.5400        -2828.122    -2875.080       46.958   961.1
3.5450        -2828.071    -2874.851       46.780   957.4
3.5500        -2827.973    -2874.893       46.920   960.3
3.5550        -2827.824    -2875.186       47.362   969.3
3.5600        -2827.617    -2875.245       47.628   974.8
3.5650        -2827.343    -2875.605       48.262   987.8
3.5700        -2826.988    -2876.699       49.710  1017.4
3.5750        -2826.550    -2877.841       51.291  1049.7
3.5800        -2826.047    -2877.987       51.940  1063.0
3.5850        -2825.493    -2875.488       49.995  1023.2
3.5900        -2824.876    -2875.337       50.460  1032.7
3.5950        -2824.173    -2877.411       53.239  1089.6
3.6000        -2823.460    -2875.872       52.412  1072.7
3.6050        -2822.804    -2873.787       50.983  1043.4
3.6100        -2822.189    -2874.750       52.561  1075.7
3.6150        -2821.637    -2873.534       51.897  1062.2
3.6200        -2821.175    -2871.545       50.370  1030.9
3.6250        -2820.775    -2874.170       53.395  1092.8
3.6300        -2820.466    -2876.607       56.141  1149.0
3.6350        -2820.318    -2875.983       55.664  1139.3
3.6400        -2820.329    -2874.154       53.824  1101.6
3.6450        -2820.446    -2872.841       52.395  1072.4
3.6500        -2820.641    -2873.184       52.543  1075.4
3.6550        -2820.903    -2872.561       51.658  1057.3
3.6600        -2821.216    -2872.832       51.617  1056.4
3.6650        -2821.593    -2874.810       53.218  1089.2
3.6700        -2822.056    -2875.020       52.964  1084.0
3.6750        -2822.563    -2872.778       50.216  1027.7
3.6800        -2823.050    -2871.800       48.750   997.8
3.6850        -2823.492    -2872.499       49.007  1003.0
3.6900        -2823.902    -2873.983       50.081  1025.0
3.6950        -2824.282    -2873.865       49.583  1014.8
3.7000        -2824.618    -2873.001       48.382   990.2
3.7050        -2824.891    -2873.140       48.250   987.5
3.7100        -2825.117    -2874.351       49.233  1007.6
3.7150        -2825.312    -2874.037       48.725   997.2
3.7200        -2825.468    -2873.428       47.960   981.6
3.7250        -2825.589    -2873.941       48.352   989.6
3.7300        -2825.686    -2875.028       49.343  1009.9
3.7350        -2825.780    -2876.083       50.303  1029.5
3.7400        -2825.896    -2877.816       51.920  1062.6
3.7450        -2826.066    -2878.484       52.418  1072.8
3.7500        -2826.276    -2875.861       49.585  1014.8
3.7550        -2826.471    -2873.928       47.457   971.3
3.7600        -2826.631    -2874.984       48.353   989.6
3.7650        -2826.777    -2876.674       49.897  1021.2
3.7700        -2826.926    -2875.545       48.619   995.1
3.7750        -2827.058    -2874.389       47.330   968.7
3.7800        -2827.163    -2875.219       48.056   983.5
3.7850        -2827.247    -2876.143       48.896  1000.7
3.7900        -2827.334    -2877.075       49.742  1018.0
3.7950        -2827.433    -2876.798       49.365  1010.3
3.8000        -2827.536    -2875.401       47.865   979.6
3.8050        -2827.624    -2876.176       48.552   993.7
3.8100        -2827.716    -2878.260       50.544  1034.5
3.8150        -2827.842    -2878.967       51.125  1046.4
3.8200        -2828.016    -2878.102       50.086  1025.1
3.8250        -2828.214    -2876.861       48.647   995.6
3.8300        -2828.432    -2879.087       50.655  1036.7
3.8350        -2828.701    -2879.962       51.261  1049.1
3.8400        -2829.026    -2878.122       49.096  1004.8
3.8450        -2829.372    -2877.326       47.954   981.5
3.8500        -2829.720    -2877.115       47.395   970.0
3.8550        -2830.065    -2877.516       47.451   971.2
3.8600        -2830.406    -2877.590       47.184   965.7
3.8650        -2830.731    -2876.605       45.875   938.9
3.8700        -2831.030    -2877.853       46.822   958.3
3.8750        -2831.332    -2879.816       48.484   992.3
3.8800        -2831.653    -2880.079       48.426   991.1
3.8850        -2832.010    -2880.853       48.843   999.6
3.8900        -2832.409    -2880.599       48.190   986.3
3.8950        -2832.835    -2879.469       46.634   954.4
3.9000        -2833.254    -2878.184       44.931   919.6
3.9050        -2833.649    -2878.642       44.993   920.8
3.9100        -2834.022    -2879.724       45.702   935.4
3.9150        -2834.399    -2881.780       47.381   969.7
3.9200        -2834.802    -2882.725       47.923   980.8
3.9250        -2835.227    -2881.334       46.107   943.6
3.9300        -2835.635    -2880.374       44.739   915.7
3.9350        -2836.014    -2881.077       45.063   922.3
3.9400        -2836.372    -2882.068       45.696   935.2
3.9450        -2836.702    -2881.657       44.956   920.1
3.9500        -2836.994    -2881.150       44.156   903.7
3.9550        -2837.228    -2881.489       44.261   905.9
3.9600        -2837.412    -2883.084       45.673   934.8
3.9650        -2837.567    -2884.742       47.175   965.5
3.9700        -2837.707    -2885.162       47.455   971.2
3.9750        -2837.847    -2885.001       47.155   965.1
3.9800        -2837.961    -2882.261       44.300   906.7
3.9850        -2838.004    -2880.762       42.757   875.1
3.9900        -2837.951    -2882.772       44.821   917.3
3.9950        -2837.790    -2882.422       44.632   913.5
4.0000        -2837.524    -2881.746       44.222   905.1
4.0050        -2837.123    -2881.312       44.189   904.4
4.0100        -2836.583    -2880.178       43.596   892.3
4.0150        -2835.902    -2880.411       44.509   910.9
4.0200        -2835.110    -2881.133       46.023   941.9
4.0250        -2834.296    -2879.693       45.397   929.1
4.0300        -2833.536    -2877.338       43.802   896.5
4.0350        -2832.837    -2877.083       44.247   905.6
4.0400        -2832.186    -2877.111       44.925   919.5
4.0450        -2831.599    -2876.884       45.285   926.8
4.0500        -2831.066    -2877.858       46.792   957.7
4.0550        -2830.576    -2877.399       46.823   958.3
4.0600        -2830.132    -2878.227       48.095   984.3
4.0650        -2829.716    -2877.608       47.892   980.2
4.0700        -2829.334    -2877.127       47.793   978.2
4.0750        -2828.960    -2878.078       49.117  1005.3
4.0800        -2828.608    -2879.466       50.858  1040.9
4.0850        -2828.306    -2880.688       52.382  1072.1
4.0900        -2828.078    -2879.680       51.602  1056.1
4.0950        -2827.920    -2879.264       51.344  1050.8
4.1000        -2827.822    -2879.997       52.175  1067.8
4.1050        -2827.784    -2878.129       50.345  1030.4
4.1100        -2827.777    -2875.948       48.171   985.9
4.1150        -2827.768    -2876.568       48.800   998.8
4.1200        -2827.750    -2876.313       48.564   993.9
4.1250        -2827.724    -2875.745       48.020   982.8
4.1300        -2827.691    -2876.696       49.005  1003.0
4.1350        -2827.650    -2875.412       47.762   977.5
4.1400        -2827.582    -2872.774       45.192   924.9
4.1450        -2827.456    -2873.252       45.797   937.3
4.1500        -2827.263    -2876.327       49.064  1004.2
4.1550        -2827.050    -2877.754       50.704  1037.7
4.1600        -2826.859    -2877.141       50.282  1029.1
4.1650        -2826.695    -2875.678       48.983  1002.5
4.1700        -2826.529    -2874.004       47.475   971.7
4.1750        -2826.339    -2874.834       48.495   992.5
4.1800        -2826.128    -2875.852       49.725  1017.7
4.1850        -2825.917    -2874.689       48.771   998.2
4.1900        -2825.704    -2873.916       48.212   986.7
4.1950        -2825.473    -2874.236       48.764   998.0
4.2000        -2825.228    -2874.363       49.135  1005.6
4.2050        -2824.972    -2873.113       48.142   985.3
4.2100        -2824.701    -2874.496       49.795  1019.1
4.2150        -2824.426    -2875.902       51.476  1053.5
4.2200        -2824.188    -2875.721       51.533  1054.7
4.2250        -2824.003    -2876.152       52.150  1067.3
4.2300        -2823.873    -2874.608       50.736  1038.4
4.2350        -2823.781    -2873.677       49.896  1021.2
4.2400        -2823.717    -2875.844       52.127  1066.9
4.2450        -2823.712    -2876.547       52.836  1081.4
4.2500        -2823.786    -2874.768       50.982  1043.4
4.2550        -2823.911    -2873.596       49.686  1016.9
4.2600        -2824.075    -2875.038       50.963  1043.0
4.2650        -2824.305    -2875.775       51.470  1053.4
4.2700        -2824.598    -2874.049       49.451  1012.1
4.2750        -2824.933    -2873.526       48.593   994.5
4.2800        -2825.291    -2873.673       48.382   990.2
4.2850        -2825.678    -2874.357       48.679   996.3
4.2900        -2826.086    -2874.222       48.136   985.2
4.2950        -2826.512    -2875.359       48.847   999.7
4.3000        -2826.980    -2877.832       50.852  1040.8
4.3050        -2827.533    -2879.724       52.191  1068.2
4.3100        -2828.156    -2878.770       50.614  1035.9
4.3150        -2828.786    -2877.971       49.185  1006.6
4.3200        -2829.405    -2879.351       49.946  1022.2
4.3250        -2829.985    -2878.890       48.905  1000.9
4.3300        -2830.496    -2878.611       48.115   984.7
4.3350        -2830.913    -2877.813       46.900   959.9
4.3400        -2831.229    -2877.952       46.723   956.3
4.3450        -2831.465    -2879.006       47.541   973.0
4.3500        -2831.638    -2878.956       47.318   968.4
4.3550        -2831.762    -2879.532       47.771   977.7
4.3600        -2831.854    -2880.761       48.907  1000.9
4.3650        -2831.932    -2880.178       48.246   987.4
4.3700        -2831.983    -2878.947       46.964   961.2
4.3750        -2832.008    -2881.186       49.177  1006.5
4.3800        -2832.032    -2881.394       49.362  1010.3
4.3850        -2832.049    -2878.206       46.158   944.7
4.3900        -2832.028    -2877.476       45.449   930.2
4.3950        -2831.941    -2877.080       45.139   923.8
4.4000        -2831.795    -2877.465       45.670   934.7
4.4050        -2831.589    -2876.584       44.995   920.9
4.4100        -2831.323    -2876.266       44.943   919.8
4.4150        -2830.991    -2878.165       47.174   965.5
4.4200        -2830.620    -2878.692       48.071   983.9
4.4250        -2830.246    -2876.799       46.553   952.8
4.4300        -2829.857    -2874.946       45.089   922.8
4.4350        -2829.433    -2876.420       46.987   961.7
4.4400        -2828.981    -2877.721       48.740   997.5
4.4450        -2828.555    -2878.621       50.067  1024.7
4.4500        -2828.188    -2878.472       50.284  1029.1
4.4550        -2827.889    -2877.298       49.409  1011.2
4.4600        -2827.645    -2877.662       50.017  1023.7
4.4650        -2827.447    -2878.113       50.665  1036.9
4.4700        -2827.305    -2876.498       49.193  1006.8
4.4750        -2827.183    -2873.561       46.378   949.2
4.4800        -2827.043    -2874.392       47.350   969.1
4.4850        -2826.889    -2877.167       50.278  1029.0
4.4900        -2826.758    -2876.157       49.399  1011.0
4.4950        -2826.657    -2876.388       49.732  1017.8
4.5000        -2826.589    -2878.457       51.868  1061.6
4.5050        -2826.573    -2877.052       50.479  1033.1
4.5100        -2826.589    -2875.653       49.064  1004.2
4.5150        -2826.621    -2877.447       50.826  1040.2
4.5200        -2826.686    -2877.898       51.212  1048.1
4.5250        -2826.791    -2877.201       50.410  1031.7
4.5300        -2826.927    -2877.622       50.696  1037.6
4.5350        -2827.093    -2876.771       49.678  1016.7
4.5400        -2827.260    -2874.746       47.486   971.9
4.5450        -2827.402    -2875.393       47.991   982.2
4.5500        -2827.526    -2877.047       49.520  1013.5
4.5550        -2827.666    -2876.944       49.278  1008.6
4.5600        -2827.794    -2873.916       46.122   943.9
4.5650        -2827.875    -2873.273       45.398   929.1
4.5700        -2827.901    -2876.124       48.223   987.0
4.5750        -2827.909    -2876.599       48.689   996.5
4.5800        -2827.905    -2874.640       46.736   956.5
4.5850        -2827.872    -2875.649       47.777   977.8
4.5900        -2827.807    -2875.831       48.024   982.9
4.5950        -2827.713    -2874.437       46.724   956.3
4.6000        -2827.574    -2875.823       48.249   987.5
4.6050        -2827.388    -2875.948       48.560   993.9
4.6100        -2827.153    -2873.748       46.595   953.6
4.6150        -2826.832    -2873.915       47.083   963.6
4.6200        -2826.378    -2875.779       49.401  1011.1
4.6250        -2825.801    -2875.331       49.530  1013.7
4.6300        -2825.124    -2874.715       49.590  1014.9
4.6350        -2824.355    -2875.318       50.963  1043.0
4.6400        -2823.544    -2874.680       51.136  1046.6
4.6450        -2822.771    -2872.704       49.933  1022.0
4.6500        -2822.054    -2874.503       52.449  1073.4
4.6550        -2821.432    -2874.595       53.163  1088.1
4.6600        -2820.961    -2872.876       51.915  1062.5
4.6650        -2820.618    -2873.726       53.107  1086.9
4.6700        -2820.389    -2873.496       53.107  1086.9
4.6750        -2820.272    -2873.624       53.352  1091.9
4.6800        -2820.271    -2876.151       55.881  1143.7
4.6850        -2820.409    -2875.513       55.105  1127.8
4.6900        -2820.657    -2872.919       52.262  1069.6
4.6950        -2820.961    -2873.049       52.088  1066.1
4.7000        -2821.317    -2873.748       52.431  1073.1
4.7050        -2821.704    -2872.811       51.107  1046.0
4.7100        -2822.116    -2873.743       51.627  1056.6
4.7150        -2822.543    -2873.603       51.060  1045.0
4.7200        -2822.966    -2872.872       49.905  1021.4
4.7250        -2823.362    -2872.814       49.453  1012.1
4.7300        -2823.737    -2874.836       51.099  1045.8
4.7350        -2824.126    -2876.664       52.537  1075.3
4.7400        -2824.544    -2876.516       51.972  1063.7
4.7450        -2824.957    -2875.201       50.244  1028.3
4.7500        -2825.344    -2875.604       50.260  1028.7
4.7550        -2825.713    -2876.512       50.798  1039.7
4.7600        -2826.064    -2875.528       49.464  1012.4
4.7650        -2826.374    -2875.052       48.678   996.3
4.7700        -2826.648    -2875.978       49.330  1009.6
4.7750        -2826.904    -2876.822       49.918  1021.6
4.7800        -2827.149    -2876.128       48.979  1002.4
4.7850        -2827.364    -2875.300       47.936   981.1
4.7900        -2827.556    -2876.810       49.253  1008.0
4.7950        -2827.737    -2877.233       49.496  1013.0
4.8000        -2827.918    -2877.631       49.713  1017.4
4.8050        -2828.119    -2879.071       50.952  1042.8
4.8100        -2828.337    -2877.331       48.994  1002.7
4.8150        -2828.540    -2875.333       46.793   957.7
4.8200        -2828.697    -2875.886       47.190   965.8
4.8250        -2828.833    -2878.649       49.816  1019.6
4.8300        -2828.974    -2878.416       49.442  1011.9
4.8350        -2829.131    -2878.648       49.518  1013.5
4.8400        -2829.298    -2878.564       49.266  1008.3
4.8450        -2829.467    -2877.140       47.673   975.7
4.8500        -2829.605    -2875.103       45.498   931.2
4.8550        -2829.684    -2874.873       45.189   924.9
4.8600        -2829.701    -2876.475       46.774   957.3
4.8650        -2829.675    -2877.684       48.009   982.6
4.8700        -2829.630    -2878.406       48.776   998.3
4.8750        -2829.578    -2878.316       48.738   997.5
4.8800        -2829.517    -2877.586       48.069   983.8
4.8850        -2829.437    -2877.542       48.105   984.5
4.8900        -2829.335    -2878.432       49.097  1004.8
4.8950        -2829.214    -2877.497       48.283   988.2
4.9000        -2829.066    -2876.329       47.263   967.3
4.9050        -2828.865    -2877.214       48.349   989.5
4.9100        -2828.608    -2878.017       49.410  1011.2
4.9150        -2828.303    -2877.033       48.730   997.3
4.9200        -2827.942    -2876.042       48.099   984.4
4.9250        -2827.500    -2878.110       50.610  1035.8
4.9300        -2826.998    -2880.788       53.789  1100.9
4.9350        -2826.512    -2879.706       53.194  1088.7
4.9400        -2826.082    -2877.881       51.799  1060.2
4.9450        -2825.690    -2877.596       51.906  1062.3
4.9500        -2825.329    -2877.079       51.750  1059.1
4.9550        -2825.006    -2875.875       50.869  1041.1
4.9600        -2824.714    -2875.344       50.631  1036.2
4.9650        -2824.436    -2874.076       49.640  1016.0
4.9700        -2824.164    -2873.661       49.496  1013.0
4.9750        -2823.891    -2875.989       52.098  1066.3
4.9800        -2823.656    -2877.329       53.673  1098.5
4.9850        -2823.499    -2875.147       51.648  1057.1
4.9900        -2823.405    -2874.161       50.756  1038.8
4.9950        -2823.347    -2873.875       50.528  1034.1
5.0000        -2823.314    -2872.857       49.543  1014.0
Time[ps]      Etot[eV]     Epot[eV]     Ekin[eV]    T[K]
0.0000        -2881.682    -2932.275       50.593  1035.5
0.0050        -2881.672    -2923.714       42.043   860.5
0.0100        -2881.567    -2911.323       29.757   609.0
0.0150        -2881.291    -2906.564       25.273   517.2
0.0200        -2880.813    -2904.145       23.332   477.5
0.0250        -2880.193    -2902.727       22.534   461.2
0.0300        -2879.539    -2902.515       22.976   470.2
0.0350        -2878.927    -2903.414       24.487   501.2
0.0400        -2878.341    -2903.841       25.500   521.9
0.0450        -2877.737    -2903.649       25.912   530.3
0.0500        -2877.074    -2903.230       26.156   535.3
0.0550        -2876.343    -2902.647       26.304   538.4
0.0600        -2875.559    -2901.723       26.164   535.5
0.0650        -2874.734    -2901.694       26.960   551.8
0.0700        -2873.858    -2902.214       28.356   580.3
0.0750        -2872.948    -2901.664       28.717   587.7
0.0800        -2872.037    -2900.419       28.382   580.9
0.0850        -2871.120    -2899.570       28.450   582.3
0.0900        -2870.180    -2898.964       28.784   589.1
0.0950        -2869.222    -2898.041       28.820   589.8
0.1000        -2868.247    -2897.579       29.331   600.3
0.1050        -2867.246    -2897.236       29.990   613.8
0.1100        -2866.225    -2896.661       30.437   622.9
0.1150        -2865.186    -2895.952       30.766   629.7
0.1200        -2864.137    -2895.261       31.124   637.0
0.1250        -2863.060    -2895.452       32.391   662.9
0.1300        -2861.950    -2895.205       33.256   680.6
0.1350        -2860.836    -2894.068       33.232   680.1
0.1400        -2859.727    -2893.040       33.313   681.8
0.1450        -2858.606    -2892.589       33.983   695.5
0.1500        -2857.461    -2892.117       34.656   709.3
0.1550        -2856.312    -2890.999       34.688   709.9
0.1600        -2855.158    -2890.443       35.284   722.1
0.1650        -2853.983    -2890.445       36.462   746.2
0.1700        -2852.770    -2891.470       38.699   792.0
0.1750        -2851.533    -2891.559       40.025   819.2
0.1800        -2850.315    -2890.440       40.125   821.2
0.1850        -2849.127    -2888.963       39.836   815.3
0.1900        -2847.958    -2887.725       39.768   813.9
0.1950        -2846.811    -2884.826       38.015   778.0
0.2000        -2845.690    -2883.323       37.633   770.2
0.2050        -2844.515    -2884.597       40.082   820.3
0.2100        -2843.292    -2884.647       41.355   846.4
0.2150        -2842.086    -2883.457       41.372   846.7
0.2200        -2840.902    -2882.486       41.585   851.1
0.2250        -2839.717    -2882.674       42.956   879.2
0.2300        -2838.521    -2883.066       44.546   911.7
0.2350        -2837.348    -2881.949       44.600   912.8
0.2400        -2836.208    -2881.705       45.497   931.2
0.2450        -2835.082    -2881.755       46.672   955.2
0.2500        -2833.985    -2881.462       47.477   971.7
0.2550        -2832.933    -2880.681       47.748   977.2
0.2600        -2831.924    -2879.552       47.627   974.8
0.2650        -2830.959    -2879.059       48.100   984.4
0.2700        -2830.025    -2877.536       47.510   972.4
0.2750        -2829.133    -2875.632       46.499   951.7
0.2800        -2828.247    -2875.770       47.523   972.6
0.2850        -2827.346    -2877.960       50.614  1035.9
0.2900        -2826.467    -2879.598       53.131  1087.4
0.2950        -2825.682    -2879.661       53.979  1104.8
0.3000        -2825.028    -2879.156       54.129  1107.8
0.3050        -2824.498    -2876.153       51.655  1057.2
0.3100        -2824.063    -2874.922       50.859  1040.9
0.3150        -2823.672    -2875.219       51.547  1055.0
0.3200        -2823.336    -2875.658       52.322  1070.8
0.3250        -2823.070    -2874.407       51.337  1050.7
0.3300        -2822.858    -2873.209       50.351  1030.5
0.3350        -2822.688    -2873.780       51.092  1045.7
0.3400        -2822.546    -2870.813       48.267   987.8
0.3450        -2822.409    -2870.041       47.632   974.9
0.3500        -2822.253    -2872.488       50.235  1028.1
0.3550        -2822.116    -2874.855       52.739  1079.4
0.3600        -2822.045    -2873.758       51.713  1058.4
0.3650        -2822.039    -2872.462       50.424  1032.0
0.3700        -2822.071    -2872.909       50.838  1040.5
0.3750        -2822.141    -2872.783       50.642  1036.5
0.3800        -2822.245    -2872.844       50.598  1035.6
0.3850        -2822.397    -2874.095       51.698  1058.1
0.3900        -2822.605    -2874.328       51.723  1058.6
0.3950        -2822.872    -2873.811       50.939  1042.5
0.4000        -2823.177    -2873.446       50.269  1028.8
0.4050        -2823.514    -2873.999       50.485  1033.3
0.4100        -2823.881    -2873.591       49.710  1017.4
0.4150        -2824.248    -2872.486       48.238   987.3
0.4200        -2824.607    -2873.531       48.924  1001.3
0.4250        -2824.974    -2874.734       49.761  1018.4
0.4300        -2825.353    -2874.945       49.592  1015.0
0.4350        -2825.754    -2876.330       50.576  1035.1
0.4400        -2826.200    -2877.745       51.545  1054.9
0.4450        -2826.685    -2876.378       49.693  1017.0
0.4500        -2827.163    -2875.514       48.351   989.6
0.4550        -2827.638    -2877.298       49.660  1016.4
0.4600        -2828.125    -2877.455       49.330  1009.6
0.4650        -2828.593    -2875.384       46.790   957.6
0.4700        -2828.997    -2873.917       44.920   919.4
0.4750        -2829.323    -2874.676       45.353   928.2
0.4800        -2829.593    -2876.852       47.259   967.2
0.4850        -2829.841    -2877.887       48.046   983.3
0.4900        -2830.060    -2876.331       46.271   947.0
0.4950        -2830.233    -2876.092       45.859   938.6
0.5000        -2830.342    -2875.504       45.161   924.3
0.5050        -2830.388    -2876.634       46.246   946.5
0.5100        -2830.395    -2879.699       49.304  1009.1
0.5150        -2830.400    -2879.902       49.502  1013.1
0.5200        -2830.411    -2877.456       47.045   962.8
0.5250        -2830.393    -2876.478       46.085   943.2
0.5300        -2830.329    -2878.297       47.968   981.7
0.5350        -2830.236    -2878.172       47.935   981.1
0.5400        -2830.127    -2877.615       47.488   971.9
0.5450        -2829.992    -2877.634       47.641   975.1
0.5500        -2829.831    -2877.361       47.530   972.8
0.5550        -2829.645    -2878.054       48.409   990.8
0.5600        -2829.444    -2877.965       48.520   993.0
0.5650        -2829.236    -2877.037       47.802   978.3
0.5700        -2829.009    -2876.371       47.362   969.3
0.5750        -2828.756    -2877.502       48.746   997.7
0.5800        -2828.491    -2877.909       49.418  1011.4
0.5850        -2828.230    -2876.802       48.572   994.1
0.5900        -2827.971    -2877.514       49.543  1014.0
0.5950        -2827.721    -2877.869       50.148  1026.4
0.6000        -2827.490    -2875.381       47.891   980.2
0.6050        -2827.255    -2875.755       48.500   992.6
0.6100        -2827.009    -2879.206       52.197  1068.3
0.6150        -2826.811    -2879.414       52.604  1076.6
0.6200        -2826.687    -2876.745       50.058  1024.5
0.6250        -2826.599    -2875.816       49.217  1007.3
0.6300        -2826.522    -2875.414       48.893  1000.7
0.6350        -2826.434    -2872.569       46.135   944.2
0.6400        -2826.308    -2872.489       46.181   945.2
0.6450        -2826.131    -2875.494       49.363  1010.3
0.6500        -2825.950    -2877.408       51.458  1053.2
0.6550        -2825.805    -2875.189       49.384  1010.7
0.6600        -2825.682    -2873.042       47.360   969.3
0.6650        -2825.536    -2871.844       46.308   947.8
0.6700        -2825.342    -2871.277       45.935   940.1
0.6750        -2825.096    -2873.475       48.379   990.2
0.6800        -2824.823    -2876.220       51.397  1051.9
0.6850        -2824.585    -2875.933       51.348  1050.9
0.6900        -2824.399    -2874.439       50.040  1024.1
0.6950        -2824.245    -2875.153       50.908  1041.9
0.7000        -2824.133    -2876.356       52.224  1068.8
0.7050        -2824.080    -2875.014       50.934  1042.4
0.7100        -2824.072    -2874.065       49.993  1023.2
0.7150        -2824.097    -2875.683       51.586  1055.8
0.7200        -2824.177    -2875.704       51.527  1054.6
0.7250        -2824.301    -2873.359       49.058  1004.1
0.7300        -2824.433    -2872.496       48.063   983.7
0.7350        -2824.549    -2872.648       48.100   984.4
0.7400        -2824.655    -2874.414       49.759  1018.4
0.7450        -2824.790    -2876.634       51.844  1061.1
0.7500        -2824.984    -2876.944       51.960  1063.4
0.7550        -2825.244    -2876.514       51.270  1049.3
0.7600        -2825.549    -2875.562       50.013  1023.6
0.7650        -2825.870    -2874.404       48.534   993.3
0.7700        -2826.176    -2873.567       47.391   969.9
0.7750        -2826.452    -2873.750       47.298   968.0
0.7800        -2826.697    -2873.761       47.064   963.2
0.7850        -2826.906    -2874.068       47.162   965.2
0.7900        -2827.091    -2875.498       48.407   990.7
0.7950        -2827.267    -2875.849       48.582   994.3
0.8000        -2827.440    -2875.991       48.552   993.7
0.8050        -2827.606    -2875.735       48.129   985.0
0.8100        -2827.749    -2873.686       45.937   940.2
0.8150        -2827.834    -2872.856       45.022   921.4
0.8200        -2827.858    -2875.114       47.257   967.2
0.8250        -2827.853    -2877.562       49.709  1017.4
0.8300        -2827.855    -2876.921       49.066  1004.2
0.8350        -2827.859    -2875.443       47.583   973.9
0.8400        -2827.843    -2874.739       46.896   959.8
0.8450        -2827.789    -2874.917       47.128   964.5
0.8500        -2827.703    -2875.714       48.011   982.6
0.8550        -2827.591    -2873.886       46.296   947.5
0.8600        -2827.437    -2873.231       45.793   937.2
0.8650        -2827.227    -2874.225       46.998   961.9
0.8700        -2826.969    -2873.694       46.725   956.3
0.8750        -2826.674    -2874.597       47.923   980.8
0.8800        -2826.348    -2874.232       47.885   980.0
0.8850        -2826.006    -2873.530       47.524   972.7
0.8900        -2825.643    -2874.829       49.186  1006.7
0.8950        -2825.272    -2874.772       49.500  1013.1
0.9000        -2824.917    -2874.464       49.547  1014.1
0.9050        -2824.578    -2875.551       50.973  1043.2
0.9100        -2824.277    -2876.464       52.188  1068.1
0.9150        -2824.040    -2876.157       52.118  1066.7
0.9200        -2823.872    -2875.885       52.013  1064.5
0.9250        -2823.778    -2878.041       54.263  1110.6
0.9300        -2823.796    -2878.922       55.126  1128.2
0.9350        -2823.946    -2877.366       53.420  1093.3
0.9400        -2824.193    -2875.785       51.592  1055.9
0.9450        -2824.493    -2874.384       49.892  1021.1
0.9500        -2824.806    -2873.307       48.501   992.6
0.9550        -2825.109    -2872.863       47.755   977.4
0.9600        -2825.385    -2872.650       47.265   967.4
0.9650        -2825.634    -2873.557       47.923   980.8
0.9700        -2825.871    -2874.135       48.263   987.8
0.9750        -2826.082    -2872.468       46.386   949.4
0.9800        -2826.253    -2873.235       46.983   961.6
0.9850        -2826.398    -2875.397       48.998  1002.8
0.9900        -2826.541    -2875.102       48.561   993.9
0.9950        -2826.678    -2874.648       47.970   981.8
1.0000        -2826.802    -2874.403       47.601   974.2
1.0050        -2826.897    -2873.881       46.983   961.6
1.0100        -2826.963    -2874.892       47.929   980.9
1.0150        -2827.019    -2876.425       49.406  1011.2
1.0200        -2827.078    -2875.676       48.598   994.6
1.0250        -2827.132    -2874.949       47.817   978.6
1.0300        -2827.171    -2875.435       48.264   987.8
1.0350        -2827.196    -2875.575       48.378   990.1
1.0400        -2827.216    -2876.616       49.400  1011.1
1.0450        -2827.248    -2877.475       50.227  1028.0
1.0500        -2827.303    -2876.448       49.145  1005.8
1.0550        -2827.366    -2876.210       48.844   999.7
1.0600        -2827.438    -2877.055       49.616  1015.5
1.0650        -2827.518    -2875.917       48.398   990.5
1.0700        -2827.596    -2875.854       48.258   987.7
1.0750        -2827.667    -2875.912       48.245   987.4
1.0800        -2827.715    -2874.202       46.487   951.4
1.0850        -2827.731    -2874.596       46.865   959.2
1.0900        -2827.703    -2875.156       47.452   971.2
1.0950        -2827.649    -2876.617       48.968  1002.2
1.1000        -2827.592    -2877.490       49.898  1021.2
1.1050        -2827.549    -2876.744       49.195  1006.8
1.1100        -2827.511    -2875.261       47.750   977.3
1.1150        -2827.453    -2875.115       47.661   975.5
1.1200        -2827.373    -2876.378       49.006  1003.0
1.1250        -2827.287    -2877.008       49.722  1017.6
1.1300        -2827.211    -2876.306       49.095  1004.8
1.1350        -2827.139    -2875.478       48.339   989.3
1.1400        -2827.052    -2875.119       48.067   983.8
1.1450        -2826.952    -2876.977       50.025  1023.8
1.1500        -2826.859    -2877.429       50.569  1035.0
1.1550        -2826.796    -2876.810       50.014  1023.6
1.1600        -2826.754    -2875.673       48.919  1001.2
1.1650        -2826.709    -2874.417       47.708   976.4
1.1700        -2826.650    -2875.799       49.149  1005.9
1.1750        -2826.583    -2875.920       49.338  1009.8
1.1800        -2826.522    -2875.333       48.811   999.0
1.1850        -2826.459    -2875.241       48.783   998.4
1.1900        -2826.386    -2874.310       47.925   980.8
1.1950        -2826.289    -2874.021       47.732   976.9
1.2000        -2826.168    -2875.889       49.721  1017.6
1.2050        -2826.041    -2875.765       49.724  1017.7
1.2100        -2825.926    -2875.568       49.642  1016.0
1.2150        -2825.819    -2876.267       50.448  1032.5
1.2200        -2825.734    -2875.717       49.983  1023.0
1.2250        -2825.658    -2873.571       47.913   980.6
1.2300        -2825.567    -2874.772       49.205  1007.1
1.2350        -2825.475    -2877.843       52.368  1071.8
1.2400        -2825.436    -2878.060       52.624  1077.0
1.2450        -2825.473    -2876.358       50.885  1041.4
1.2500        -2825.564    -2875.712       50.148  1026.4
1.2550        -2825.691    -2875.654       49.963  1022.6
1.2600        -2825.859    -2875.986       50.127  1025.9
1.2650        -2826.073    -2876.077       50.004  1023.4
1.2700        -2826.332    -2875.224       48.892  1000.7
1.2750        -2826.606    -2873.989       47.383   969.8
1.2800        -2826.880    -2874.219       47.339   968.9
1.2850        -2827.145    -2873.752       46.607   953.9
1.2900        -2827.381    -2873.880       46.500   951.7
1.2950        -2827.606    -2875.765       48.159   985.7
1.3000        -2827.823    -2874.940       47.117   964.3
1.3050        -2828.022    -2874.329       46.307   947.7
1.3100        -2828.186    -2874.553       46.366   949.0
1.3150        -2828.322    -2875.647       47.325   968.6
1.3200        -2828.436    -2875.912       47.476   971.7
1.3250        -2828.531    -2875.980       47.449   971.1
1.3300        -2828.611    -2877.161       48.550   993.7
1.3350        -2828.696    -2878.418       49.722  1017.6
1.3400        -2828.806    -2878.527       49.721  1017.6
1.3450        -2828.946    -2878.003       49.057  1004.0
1.3500        -2829.100    -2876.740       47.640   975.0
1.3550        -2829.243    -2876.044       46.801   957.8
1.3600        -2829.373    -2877.894       48.521   993.1
1.3650        -2829.512    -2878.265       48.753   997.8
1.3700        -2829.649    -2875.900       46.251   946.6
1.3750        -2829.755    -2875.142       45.387   928.9
1.3800        -2829.808    -2876.221       46.412   949.9
1.3850        -2829.822    -2877.621       47.799   978.3
1.3900        -2829.810    -2877.381       47.571   973.6
1.3950        -2829.769    -2877.440       47.671   975.7
1.4000        -2829.707    -2879.675       49.968  1022.7
1.4050        -2829.652    -2880.839       51.187  1047.6
1.4100        -2829.635    -2879.717       50.082  1025.0
1.4150        -2829.644    -2878.678       49.035  1003.6
1.4200        -2829.660    -2878.311       48.652   995.7
1.4250        -2829.672    -2877.940       48.268   987.9
1.4300        -2829.672    -2876.910       47.238   966.8
1.4350        -2829.637    -2875.762       46.125   944.0
1.4400        -2829.554    -2877.043       47.489   971.9
1.4450        -2829.425    -2878.074       48.649   995.7
1.4500        -2829.274    -2877.782       48.508   992.8
1.4550        -2829.102    -2877.058       47.957   981.5
1.4600        -2828.896    -2876.781       47.885   980.0
1.4650        -2828.654    -2877.109       48.455   991.7
1.4700        -2828.377    -2876.369       47.992   982.2
1.4750        -2828.065    -2875.500       47.435   970.8
1.4800        -2827.709    -2876.224       48.515   992.9
1.4850        -2827.314    -2876.481       49.167  1006.3
1.4900        -2826.905    -2875.386       48.481   992.2
1.4950        -2826.487    -2874.983       48.497   992.6
1.5000        -2826.051    -2875.705       49.654  1016.2
1.5050        -2825.620    -2876.826       51.206  1048.0
1.5100        -2825.228    -2877.155       51.927  1062.8
1.5150        -2824.902    -2876.320       51.418  1052.4
1.5200        -2824.637    -2875.601       50.963  1043.0
1.5250        -2824.424    -2875.853       51.429  1052.6
1.5300        -2824.263    -2875.107       50.845  1040.6
1.5350        -2824.139    -2872.704       48.565   994.0
1.5400        -2824.022    -2872.570       48.548   993.6
1.5450        -2823.894    -2872.587       48.693   996.6
1.5500        -2823.760    -2872.407       48.647   995.6
1.5550        -2823.617    -2872.929       49.312  1009.2
1.5600        -2823.474    -2872.447       48.973  1002.3
1.5650        -2823.327    -2871.702       48.375   990.1
1.5700        -2823.162    -2872.388       49.226  1007.5
1.5750        -2822.991    -2873.620       50.629  1036.2
1.5800        -2822.831    -2872.738       49.907  1021.4
1.5850        -2822.681    -2872.172       49.491  1012.9
1.5900        -2822.528    -2873.341       50.813  1040.0
1.5950        -2822.396    -2875.188       52.792  1080.5
1.6000        -2822.321    -2874.561       52.240  1069.2
1.6050        -2822.309    -2873.287       50.978  1043.4
1.6100        -2822.361    -2875.671       53.311  1091.1
1.6150        -2822.532    -2877.885       55.354  1132.9
1.6200        -2822.882    -2876.127       53.245  1089.7
1.6250        -2823.386    -2874.118       50.731  1038.3
1.6300        -2824.012    -2874.877       50.865  1041.0
1.6350        -2824.765    -2875.991       51.226  1048.4
1.6400        -2825.573    -2874.048       48.474   992.1
1.6450        -2826.323    -2872.756       46.434   950.3
1.6500        -2826.980    -2874.547       47.567   973.5
1.6550        -2827.560    -2876.012       48.451   991.6
1.6600        -2828.054    -2876.034       47.981   982.0
1.6650        -2828.475    -2877.137       48.662   995.9
1.6700        -2828.834    -2876.735       47.902   980.4
1.6750        -2829.115    -2875.288       46.173   945.0
1.6800        -2829.323    -2876.940       47.616   974.5
1.6850        -2829.500    -2878.946       49.447  1012.0
1.6900        -2829.659    -2877.366       47.707   976.4
1.6950        -2829.782    -2875.757       45.975   941.0
1.7000        -2829.852    -2876.686       46.834   958.5
1.7050        -2829.883    -2878.132       48.249   987.5
1.7100        -2829.896    -2878.277       48.381   990.2
1.7150        -2829.902    -2878.047       48.145   985.4
1.7200        -2829.890    -2877.633       47.743   977.1
1.7250        -2829.862    -2878.674       48.813   999.0
1.7300        -2829.830    -2879.507       49.677  1016.7
1.7350        -2829.811    -2879.250       49.440  1011.9
1.7400        -2829.802    -2878.846       49.044  1003.8
1.7450        -2829.800    -2878.849       49.049  1003.9
1.7500        -2829.799    -2878.229       48.430   991.2
1.7550        -2829.787    -2877.158       47.371   969.5
1.7600        -2829.749    -2877.196       47.447   971.1
1.7650        -2829.682    -2878.950       49.268  1008.3
1.7700        -2829.611    -2879.587       49.976  1022.8
1.7750        -2829.549    -2877.804       48.255   987.6
1.7800        -2829.475    -2877.307       47.832   979.0
1.7850        -2829.374    -2878.534       49.160  1006.1
1.7900        -2829.258    -2878.924       49.666  1016.5
1.7950        -2829.141    -2878.502       49.361  1010.3
1.8000        -2829.021    -2878.217       49.196  1006.9
1.8050        -2828.883    -2877.175       48.292   988.4
1.8100        -2828.721    -2878.188       49.468  1012.4
1.8150        -2828.537    -2879.779       51.242  1048.7
1.8200        -2828.373    -2880.397       52.024  1064.8
1.8250        -2828.247    -2879.653       51.406  1052.1
1.8300        -2828.165    -2878.656       50.491  1033.4
1.8350        -2828.109    -2877.754       49.645  1016.1
1.8400        -2828.063    -2877.099       49.036  1003.6
1.8450        -2828.015    -2876.695       48.680   996.3
1.8500        -2827.958    -2877.617       49.659  1016.3
1.8550        -2827.918    -2880.133       52.215  1068.7
1.8600        -2827.935    -2880.090       52.156  1067.4
1.8650        -2828.028    -2879.102       51.074  1045.3
1.8700        -2828.175    -2878.016       49.840  1020.1
1.8750        -2828.360    -2878.468       50.109  1025.6
1.8800        -2828.598    -2880.146       51.547  1055.0
1.8850        -2828.915    -2879.760       50.845  1040.6
1.8900        -2829.279    -2877.055       47.776   977.8
1.8950        -2829.617    -2875.410       45.793   937.2
1.9000        -2829.934    -2878.279       48.345   989.5
1.9050        -2830.263    -2880.607       50.343  1030.3
1.9100        -2830.643    -2881.638       50.995  1043.7
1.9150        -2831.073    -2881.346       50.272  1028.9
1.9200        -2831.530    -2880.475       48.945  1001.7
1.9250        -2831.971    -2878.844       46.873   959.3
1.9300        -2832.348    -2877.397       45.049   922.0
1.9350        -2832.651    -2878.750       46.099   943.5
1.9400        -2832.902    -2880.298       47.396   970.0
1.9450        -2833.126    -2881.438       48.311   988.8
1.9500        -2833.332    -2881.156       47.824   978.8
1.9550        -2833.515    -2881.524       48.009   982.6
1.9600        -2833.693    -2883.366       49.673  1016.6
1.9650        -2833.872    -2881.692       47.820   978.7
1.9700        -2834.025    -2879.739       45.714   935.6
1.9750        -2834.128    -2880.607       46.479   951.3
1.9800        -2834.187    -2882.112       47.925   980.9
1.9850        -2834.232    -2883.229       48.997  1002.8
1.9900        -2834.275    -2882.285       48.009   982.6
1.9950        -2834.303    -2881.490       47.186   965.7
2.0000        -2834.307    -2882.149       47.842   979.2
2.0050        -2834.283    -2881.199       46.915   960.2
2.0100        -2834.219    -2880.234       46.015   941.8
2.0150        -2834.093    -2881.248       47.154   965.1
2.0200        -2833.909    -2883.369       49.460  1012.3
2.0250        -2833.695    -2884.696       51.001  1043.8
2.0300        -2833.482    -2883.190       49.709  1017.4
2.0350        -2833.253    -2881.118       47.865   979.6
2.0400        -2832.972    -2881.143       48.171   985.9
2.0450        -2832.616    -2881.273       48.657   995.8
2.0500        -2832.186    -2881.119       48.933  1001.5
2.0550        -2831.687    -2882.107       50.420  1031.9
2.0600        -2831.140    -2882.766       51.625  1056.6
2.0650        -2830.592    -2882.929       52.337  1071.2
2.0700        -2830.082    -2881.713       51.631  1056.7
2.0750        -2829.615    -2880.972       51.357  1051.1
2.0800        -2829.193    -2882.087       52.894  1082.6
2.0850        -2828.837    -2882.693       53.856  1102.2
2.0900        -2828.578    -2880.754       52.177  1067.9
2.0950        -2828.398    -2879.942       51.544  1054.9
2.1000        -2828.272    -2879.398       51.126  1046.4
2.1050        -2828.190    -2877.811       49.621  1015.6
2.1100        -2828.121    -2876.620       48.498   992.6
2.1150        -2828.051    -2878.301       50.250  1028.5
2.1200        -2828.002    -2880.532       52.529  1075.1
2.1250        -2828.025    -2880.554       52.529  1075.1
2.1300        -2828.131    -2879.529       51.398  1051.9
2.1350        -2828.293    -2877.450       49.157  1006.1
2.1400        -2828.482    -2877.940       49.458  1012.2
2.1450        -2828.729    -2881.164       52.435  1073.2
2.1500        -2829.075    -2880.276       51.201  1047.9
2.1550        -2829.493    -2877.803       48.311   988.7
2.1600        -2829.947    -2878.007       48.060   983.6
2.1650        -2830.431    -2878.257       47.826   978.8
2.1700        -2830.922    -2877.848       46.926   960.4
2.1750        -2831.419    -2879.658       48.239   987.3
2.1800        -2831.937    -2880.663       48.726   997.2
2.1850        -2832.445    -2879.529       47.084   963.6
2.1900        -2832.925    -2880.803       47.878   979.9
2.1950        -2833.389    -2882.277       48.888  1000.6
2.2000        -2833.827    -2881.432       47.605   974.3
2.2050        -2834.212    -2881.302       47.089   963.8
2.2100        -2834.551    -2883.153       48.602   994.7
2.2150        -2834.867    -2884.170       49.302  1009.0
2.2200        -2835.155    -2882.724       47.569   973.6
2.2250        -2835.391    -2882.075       46.684   955.5
2.2300        -2835.562    -2881.733       46.171   945.0
2.2350        -2835.665    -2880.841       45.176   924.6
2.2400        -2835.696    -2881.138       45.442   930.0
2.2450        -2835.663    -2882.803       47.139   964.8
2.2500        -2835.602    -2883.989       48.388   990.3
2.2550        -2835.529    -2883.056       47.527   972.7
2.2600        -2835.445    -2883.006       47.561   973.4
2.2650        -2835.346    -2882.911       47.565   973.5
2.2700        -2835.227    -2881.168       45.941   940.2
2.2750        -2835.074    -2880.819       45.745   936.2
2.2800        -2834.884    -2881.930       47.046   962.9
2.2850        -2834.673    -2881.193       46.520   952.1
2.2900        -2834.442    -2879.776       45.333   927.8
2.2950        -2834.187    -2882.151       47.964   981.7
2.3000        -2833.930    -2884.626       50.696  1037.6
2.3050        -2833.729    -2884.250       50.521  1034.0
2.3100        -2833.583    -2881.592       48.009   982.6
2.3150        -2833.453    -2880.588       47.135   964.7
2.3200        -2833.309    -2880.768       47.458   971.3
2.3250        -2833.159    -2881.455       48.297   988.5
2.3300        -2833.016    -2881.915       48.898  1000.8
2.3350        -2832.883    -2881.195       48.312   988.8
2.3400        -2832.763    -2882.374       49.611  1015.4
2.3450        -2832.665    -2882.228       49.563  1014.4
2.3500        -2832.584    -2879.392       46.808   958.0
2.3550        -2832.482    -2878.511       46.029   942.1
2.3600        -2832.341    -2879.898       47.557   973.3
2.3650        -2832.177    -2880.178       48.001   982.4
2.3700        -2832.009    -2880.187       48.178   986.0
2.3750        -2831.841    -2881.432       49.591  1014.9
2.3800        -2831.692    -2881.438       49.746  1018.1
2.3850        -2831.565    -2879.938       48.373   990.0
2.3900        -2831.443    -2880.128       48.685   996.4
2.3950        -2831.321    -2881.449       50.129  1026.0
2.4000        -2831.225    -2881.912       50.687  1037.4
2.4050        -2831.168    -2882.251       51.082  1045.5
2.4100        -2831.160    -2882.781       51.621  1056.5
2.4150        -2831.206    -2882.057       50.851  1040.7
2.4200        -2831.288    -2880.892       49.604  1015.2
2.4250        -2831.395    -2881.989       50.594  1035.5
2.4300        -2831.543    -2883.545       52.002  1064.3
2.4350        -2831.755    -2882.836       51.081  1045.4
2.4400        -2832.008    -2881.059       49.051  1003.9
2.4450        -2832.279    -2881.293       49.014  1003.1
2.4500        -2832.563    -2881.351       48.788   998.5
2.4550        -2832.852    -2880.527       47.675   975.7
2.4600        -2833.139    -2881.197       48.058   983.6
2.4650        -2833.436    -2881.996       48.560   993.9
2.4700        -2833.746    -2882.039       48.293   988.4
2.4750        -2834.083    -2882.749       48.666   996.0
2.4800        -2834.451    -2882.453       48.002   982.4
2.4850        -2834.833    -2880.550       45.717   935.7
2.4900        -2835.198    -2880.076       44.878   918.5
2.4950        -2835.551    -2881.283       45.732   936.0
2.5000        -2835.903    -2881.529       45.626   933.8
2.5050        -2836.257    -2881.795       45.538   932.0
2.5100        -2836.622    -2882.755       46.132   944.2
2.5150        -2837.008    -2882.859       45.852   938.4
2.5200        -2837.422    -2884.245       46.824   958.3
2.5250        -2837.891    -2885.759       47.868   979.7
2.5300        -2838.422    -2885.951       47.529   972.8
2.5350        -2839.001    -2885.751       46.750   956.8
2.5400        -2839.575    -2884.817       45.242   925.9
2.5450        -2840.119    -2885.553       45.435   929.9
2.5500        -2840.613    -2886.038       45.425   929.7
2.5550        -2841.050    -2886.595       45.545   932.1
2.5600        -2841.425    -2886.985       45.560   932.5
2.5650        -2841.723    -2886.166       44.443   909.6
2.5700        -2841.931    -2885.795       43.865   897.8
2.5750        -2842.051    -2886.711       44.660   914.0
2.5800        -2842.092    -2886.523       44.431   909.3
2.5850        -2842.046    -2885.272       43.226   884.7
2.5900        -2841.909    -2886.525       44.616   913.1
2.5950        -2841.682    -2887.235       45.553   932.3
2.6000        -2841.384    -2886.192       44.807   917.1
2.6050        -2841.012    -2886.517       45.505   931.3
2.6100        -2840.561    -2888.161       47.600   974.2
2.6150        -2840.067    -2888.327       48.260   987.7
2.6200        -2839.570    -2887.220       47.650   975.2
2.6250        -2839.083    -2886.656       47.573   973.7
2.6300        -2838.607    -2886.919       48.312   988.8
2.6350        -2838.160    -2886.550       48.390   990.4
2.6400        -2837.762    -2886.613       48.851   999.8
2.6450        -2837.418    -2884.742       47.324   968.6
2.6500        -2837.116    -2882.703       45.587   933.0
2.6550        -2836.821    -2882.674       45.853   938.5
2.6600        -2836.526    -2883.764       47.239   966.8
2.6650        -2836.254    -2885.135       48.881  1000.4
2.6700        -2836.023    -2884.054       48.031   983.0
2.6750        -2835.823    -2882.916       47.093   963.8
2.6800        -2835.629    -2884.076       48.446   991.5
2.6850        -2835.447    -2885.332       49.884  1021.0
2.6900        -2835.305    -2885.597       50.292  1029.3
2.6950        -2835.197    -2883.590       48.393   990.4
2.7000        -2835.099    -2883.020       47.922   980.8
2.7050        -2834.991    -2883.890       48.899  1000.8
2.7100        -2834.886    -2884.141       49.255  1008.1
2.7150        -2834.794    -2884.787       49.993  1023.2
2.7200        -2834.722    -2884.804       50.081  1025.0
2.7250        -2834.679    -2884.778       50.099  1025.4
2.7300        -2834.659    -2884.081       49.422  1011.5
2.7350        -2834.647    -2882.007       47.360   969.3
2.7400        -2834.608    -2880.425       45.817   937.7
2.7450        -2834.517    -2881.554       47.037   962.7
2.7500        -2834.383    -2883.524       49.141  1005.8
2.7550        -2834.240    -2884.004       49.763  1018.5
2.7600        -2834.109    -2883.377       49.268  1008.3
2.7650        -2833.982    -2883.162       49.180  1006.5
2.7700        -2833.854    -2883.900       50.045  1024.3
2.7750        -2833.743    -2884.793       51.051  1044.8
2.7800        -2833.660    -2883.286       49.626  1015.7
2.7850        -2833.592    -2882.175       48.583   994.3
2.7900        -2833.516    -2882.525       49.009  1003.1
2.7950        -2833.431    -2882.857       49.426  1011.6
2.8000        -2833.349    -2883.062       49.713  1017.5
2.8050        -2833.268    -2881.691       48.423   991.0
2.8100        -2833.174    -2881.912       48.738   997.5
2.8150        -2833.065    -2882.899       49.835  1019.9
2.8200        -2832.948    -2882.288       49.340  1009.8
2.8250        -2832.831    -2883.018       50.187  1027.2
2.8300        -2832.717    -2882.640       49.923  1021.8
2.8350        -2832.610    -2881.507       48.897  1000.7
2.8400        -2832.487    -2879.954       47.467   971.5
2.8450        -2832.323    -2878.505       46.182   945.2
2.8500        -2832.088    -2878.573       46.485   951.4
2.8550        -2831.764    -2879.501       47.737   977.0
2.8600        -2831.373    -2879.647       48.274   988.0
2.8650        -2830.928    -2878.951       48.024   982.9
2.8700        -2830.437    -2878.718       48.282   988.2
2.8750        -2829.908    -2879.692       49.784  1018.9
2.8800        -2829.372    -2880.957       51.586  1055.8
2.8850        -2828.880    -2880.086       51.205  1048.0
2.8900        -2828.453    -2877.015       48.562   993.9
2.8950        -2828.055    -2876.944       48.888  1000.6
2.9000        -2827.665    -2878.871       51.206  1048.0
2.9050        -2827.321    -2878.512       51.191  1047.7
2.9100        -2827.038    -2877.503       50.464  1032.8
2.9150        -2826.809    -2880.093       53.284  1090.5
2.9200        -2826.667    -2881.529       54.861  1122.8
2.9250        -2826.651    -2879.227       52.576  1076.0
2.9300        -2826.711    -2876.229       49.518  1013.5
2.9350        -2826.792    -2876.700       49.908  1021.4
2.9400        -2826.908    -2879.859       52.950  1083.7
2.9450        -2827.111    -2880.785       53.674  1098.5
2.9500        -2827.414    -2879.926       52.512  1074.7
2.9550        -2827.801    -2879.848       52.047  1065.2
2.9600        -2828.258    -2879.683       51.425  1052.5
2.9650        -2828.756    -2878.206       49.450  1012.1
2.9700        -2829.231    -2876.210       46.979   961.5
2.9750        -2829.649    -2876.746       47.097   963.9
2.9800        -2830.029    -2879.211       49.182  1006.6
2.9850        -2830.396    -2879.773       49.377  1010.6
2.9900        -2830.738    -2879.117       48.379   990.2
2.9950        -2831.040    -2879.032       47.992   982.2
3.0000        -2831.294    -2878.752       47.458   971.3
3.0050        -2831.492    -2878.746       47.254   967.1
3.0100        -2831.644    -2879.526       47.882   980.0
3.0150        -2831.762    -2879.858       48.096   984.4
3.0200        -2831.850    -2880.021       48.172   985.9
3.0250        -2831.915    -2879.848       47.933   981.0
3.0300        -2831.951    -2879.600       47.649   975.2
3.0350        -2831.966    -2880.739       48.773   998.2
3.0400        -2831.976    -2881.672       49.696  1017.1
3.0450        -2832.000    -2881.718       49.719  1017.6
3.0500        -2832.041    -2883.143       51.102  1045.9
3.0550        -2832.124    -2884.236       52.111  1066.5
3.0600        -2832.255    -2883.450       51.195  1047.8
3.0650        -2832.423    -2883.428       51.004  1043.9
3.0700        -2832.609    -2882.508       49.899  1021.3
3.0750        -2832.792    -2881.828       49.036  1003.6
3.0800        -2832.959    -2881.104       48.144   985.4
3.0850        -2833.084    -2879.033       45.949   940.4
3.0900        -2833.150    -2878.693       45.543   932.1
3.0950        -2833.148    -2878.779       45.631   933.9
3.1000        -2833.094    -2880.567       47.473   971.6
3.1050        -2833.013    -2882.057       49.044  1003.8
3.1100        -2832.938    -2883.190       50.251  1028.5
3.1150        -2832.896    -2883.973       51.077  1045.4
3.1200        -2832.897    -2883.000       50.103  1025.4
3.1250        -2832.920    -2881.703       48.783   998.4
3.1300        -2832.941    -2880.681       47.740   977.1
3.1350        -2832.942    -2880.622       47.680   975.8
3.1400        -2832.925    -2881.121       48.197   986.4
3.1450        -2832.886    -2879.641       46.755   956.9
3.1500        -2832.814    -2878.940       46.126   944.0
3.1550        -2832.693    -2879.107       46.414   949.9
3.1600        -2832.525    -2880.138       47.613   974.5
3.1650        -2832.327    -2880.825       48.498   992.6
3.1700        -2832.117    -2880.676       48.559   993.8
3.1750        -2831.900    -2880.341       48.442   991.4
3.1800        -2831.668    -2878.740       47.072   963.4
3.1850        -2831.405    -2879.223       47.818   978.7
3.1900        -2831.106    -2880.121       49.015  1003.2
3.1950        -2830.790    -2879.760       48.969  1002.2
3.2000        -2830.467    -2880.138       49.671  1016.6
3.2050        -2830.135    -2880.891       50.756  1038.8
3.2100        -2829.816    -2881.447       51.631  1056.7
3.2150        -2829.527    -2881.564       52.036  1065.0
3.2200        -2829.280    -2881.103       51.823  1060.6
3.2250        -2829.073    -2881.395       52.322  1070.9
3.2300        -2828.903    -2879.946       51.043  1044.7
3.2350        -2828.754    -2878.723       49.969  1022.7
3.2400        -2828.598    -2879.006       50.408  1031.7
3.2450        -2828.426    -2879.921       51.495  1053.9
3.2500        -2828.251    -2879.904       51.653  1057.2
3.2550        -2828.085    -2879.484       51.400  1052.0
3.2600        -2827.924    -2877.763       49.839  1020.0
3.2650        -2827.751    -2876.788       49.037  1003.6
3.2700        -2827.551    -2877.357       49.806  1019.4
3.2750        -2827.328    -2876.779       49.451  1012.1
3.2800        -2827.091    -2876.821       49.730  1017.8
3.2850        -2826.847    -2879.004       52.158  1067.5
3.2900        -2826.643    -2880.706       54.064  1106.5
3.2950        -2826.534    -2880.924       54.389  1113.2
3.3000        -2826.545    -2881.287       54.742  1120.4
3.3050        -2826.700    -2881.961       55.261  1131.0
3.3100        -2826.986    -2879.233       52.247  1069.3
3.3150        -2827.343    -2877.243       49.900  1021.3
3.3200        -2827.737    -2878.157       50.420  1031.9
3.3250        -2828.167    -2878.621       50.454  1032.6
3.3300        -2828.623    -2877.818       49.195  1006.9
3.3350        -2829.068    -2877.522       48.454   991.7
3.3400        -2829.509    -2879.318       49.809  1019.4
3.3450        -2829.966    -2881.222       51.256  1049.0
3.3500        -2830.476    -2883.720       53.243  1089.7
3.3550        -2831.064    -2884.268       53.204  1088.9
3.3600        -2831.690    -2883.600       51.910  1062.4
3.3650        -2832.327    -2884.100       51.773  1059.6
3.3700        -2832.957    -2884.173       51.217  1048.2
3.3750        -2833.549    -2883.043       49.494  1013.0
3.3800        -2834.060    -2881.600       47.540   973.0
3.3850        -2834.480    -2881.728       47.248   967.0
3.3900        -2834.827    -2882.611       47.784   978.0
3.3950        -2835.113    -2882.184       47.071   963.4
3.4000        -2835.344    -2882.697       47.353   969.2
3.4050        -2835.538    -2883.638       48.101   984.5
3.4100        -2835.695    -2882.582       46.887   959.6
3.4150        -2835.810    -2881.741       45.931   940.0
3.4200        -2835.866    -2881.268       45.402   929.2
3.4250        -2835.854    -2880.665       44.811   917.1
3.4300        -2835.773    -2881.488       45.716   935.6
3.4350        -2835.628    -2883.271       47.643   975.1
3.4400        -2835.454    -2884.654       49.200  1007.0
3.4450        -2835.274    -2883.652       48.377   990.1
3.4500        -2835.087    -2882.797       47.710   976.5
3.4550        -2834.878    -2883.429       48.551   993.7
3.4600        -2834.650    -2883.652       49.003  1002.9
3.4650        -2834.418    -2883.519       49.101  1004.9
3.4700        -2834.180    -2882.778       48.597   994.6
3.4750        -2833.934    -2881.171       47.237   966.8
3.4800        -2833.654    -2879.732       46.079   943.1
3.4850        -2833.317    -2881.637       48.320   988.9
3.4900        -2832.940    -2883.152       50.212  1027.7
3.4950        -2832.573    -2880.874       48.302   988.6
3.5000        -2832.205    -2879.099       46.894   959.8
3.5050        -2831.803    -2880.069       48.265   987.8
3.5100        -2831.376    -2881.112       49.737  1017.9
3.5150        -2830.959    -2880.806       49.847  1020.2
3.5200        -2830.575    -2881.972       51.397  1051.9
3.5250        -2830.242    -2881.921       51.679  1057.7
3.5300        -2829.976    -2879.457       49.481  1012.7
3.5350        -2829.749    -2879.509       49.760  1018.4
3.5400        -2829.548    -2880.169       50.621  1036.0
3.5450        -2829.372    -2877.690       48.317   988.9
3.5500        -2829.211    -2878.160       48.949  1001.8
3.5550        -2829.048    -2879.262       50.214  1027.7
3.5600        -2828.914    -2880.944       52.031  1064.9
3.5650        -2828.847    -2882.925       54.078  1106.8
3.5700        -2828.888    -2883.102       54.214  1109.6
3.5750        -2829.045    -2882.128       53.083  1086.4
3.5800        -2829.290    -2880.635       51.345  1050.8
3.5850        -2829.581    -2879.030       49.449  1012.0
3.5900        -2829.888    -2878.568       48.680   996.3
3.5950        -2830.198    -2879.115       48.917  1001.2
3.6000        -2830.525    -2879.988       49.463  1012.3
3.6050        -2830.868    -2879.674       48.806   998.9
3.6100        -2831.223    -2879.750       48.526   993.2
3.6150        -2831.587    -2880.270       48.683   996.4
3.6200        -2831.977    -2882.707       50.730  1038.3
3.6250        -2832.449    -2884.962       52.513  1074.8
3.6300        -2833.014    -2884.146       51.132  1046.5
3.6350        -2833.620    -2882.317       48.697   996.7
3.6400        -2834.213    -2882.175       47.962   981.6
3.6450        -2834.775    -2882.601       47.826   978.8
3.6500        -2835.269    -2881.886       46.617   954.1
3.6550        -2835.663    -2881.641       45.979   941.0
3.6600        -2835.953    -2882.581       46.628   954.3
3.6650        -2836.149    -2882.806       46.657   954.9
3.6700        -2836.264    -2882.478       46.214   945.8
3.6750        -2836.305    -2882.063       45.758   936.5
3.6800        -2836.286    -2882.369       46.083   943.2
3.6850        -2836.230    -2883.696       47.466   971.5
3.6900        -2836.161    -2884.193       48.032   983.0
3.6950        -2836.085    -2883.145       47.059   963.1
3.7000        -2835.997    -2883.316       47.319   968.5
3.7050        -2835.895    -2883.930       48.035   983.1
3.7100        -2835.780    -2882.568       46.788   957.6
3.7150        -2835.640    -2881.751       46.111   943.7
3.7200        -2835.461    -2882.672       47.211   966.3
3.7250        -2835.250    -2883.461       48.211   986.7
3.7300        -2835.028    -2883.171       48.142   985.3
3.7350        -2834.799    -2883.474       48.675   996.2
3.7400        -2834.566    -2884.322       49.756  1018.3
3.7450        -2834.348    -2884.541       50.193  1027.3
3.7500        -2834.152    -2884.026       49.873  1020.7
3.7550        -2833.984    -2885.588       51.603  1056.1
3.7600        -2833.863    -2885.496       51.632  1056.7
3.7650        -2833.793    -2882.679       48.886  1000.5
3.7700        -2833.730    -2880.343       46.613   954.0
3.7750        -2833.629    -2880.068       46.439   950.5
3.7800        -2833.477    -2880.980       47.503   972.2
3.7850        -2833.289    -2882.142       48.853   999.9
3.7900        -2833.085    -2882.377       49.292  1008.8
3.7950        -2832.879    -2881.738       48.859  1000.0
3.8000        -2832.666    -2880.941       48.275   988.0
3.8050        -2832.436    -2881.335       48.899  1000.8
3.8100        -2832.191    -2882.297       50.107  1025.5
3.8150        -2831.953    -2881.875       49.922  1021.7
3.8200        -2831.727    -2881.311       49.583  1014.8
3.8250        -2831.504    -2881.007       49.503  1013.1
3.8300        -2831.285    -2881.477       50.193  1027.3
3.8350        -2831.074    -2881.030       49.955  1022.4
3.8400        -2830.877    -2880.390       49.513  1013.3
3.8450        -2830.684    -2880.530       49.846  1020.2
3.8500        -2830.492    -2879.542       49.051  1003.9
3.8550        -2830.292    -2878.313       48.021   982.8
3.8600        -2830.062    -2877.119       47.057   963.1
3.8650        -2829.777    -2877.089       47.313   968.3
3.8700        -2829.434    -2879.029       49.596  1015.1
3.8750        -2829.052    -2879.456       50.404  1031.6
3.8800        -2828.667    -2879.196       50.529  1034.1
3.8850        -2828.287    -2880.393       52.106  1066.4
3.8900        -2827.934    -2880.088       52.153  1067.4
3.8950        -2827.630    -2878.609       50.979  1043.4
3.9000        -2827.356    -2878.919       51.563  1055.3
3.9050        -2827.119    -2881.265       54.146  1108.2
3.9100        -2826.963    -2881.147       54.184  1109.0
3.9150        -2826.910    -2879.585       52.674  1078.1
3.9200        -2826.952    -2880.702       53.750  1100.1
3.9250        -2827.120    -2882.353       55.233  1130.4
3.9300        -2827.456    -2881.556       54.101  1107.3
3.9350        -2827.954    -2880.627       52.673  1078.0
3.9400        -2828.606    -2881.056       52.450  1073.5
3.9450        -2829.391    -2880.661       51.270  1049.3
3.9500        -2830.229    -2879.402       49.173  1006.4
3.9550        -2831.032    -2879.759       48.727   997.3
3.9600        -2831.768    -2881.029       49.262  1008.2
3.9650        -2832.404    -2880.551       48.147   985.4
3.9700        -2832.889    -2878.453       45.564   932.5
3.9750        -2833.223    -2878.806       45.583   932.9
3.9800        -2833.447    -2880.205       46.759   957.0
3.9850        -2833.593    -2880.390       46.797   957.8
3.9900        -2833.681    -2880.051       46.370   949.0
3.9950        -2833.715    -2881.046       47.332   968.7
4.0000        -2833.724    -2883.441       49.716  1017.5
4.0050        -2833.744    -2883.573       49.829  1019.8
4.0100        -2833.776    -2882.276       48.500   992.6
4.0150        -2833.808    -2883.294       49.486  1012.8
4.0200        -2833.851    -2884.301       50.450  1032.5
4.0250        -2833.919    -2883.663       49.744  1018.1
4.0300        -2834.008    -2883.613       49.605  1015.3
4.0350        -2834.107    -2882.705       48.598   994.6
4.0400        -2834.199    -2882.004       47.805   978.4
4.0450        -2834.281    -2883.022       48.741   997.6
4.0500        -2834.352    -2883.060       48.708   996.9
4.0550        -2834.434    -2884.208       49.774  1018.7
4.0600        -2834.525    -2882.945       48.420   991.0
4.0650        -2834.613    -2881.937       47.324   968.6
4.0700        -2834.682    -2883.034       48.351   989.6
4.0750        -2834.743    -2883.550       48.808   998.9
4.0800        -2834.803    -2883.152       48.350   989.6
4.0850        -2834.862    -2883.490       48.629   995.3
4.0900        -2834.919    -2883.570       48.652   995.7
4.0950        -2834.980    -2883.941       48.961  1002.1
4.1000        -2835.051    -2883.536       48.485   992.3
4.1050        -2835.113    -2881.176       46.063   942.7
4.1100        -2835.129    -2879.357       44.227   905.2
4.1150        -2835.060    -2878.231       43.171   883.6
4.1200        -2834.874    -2878.294       43.420   888.6
4.1250        -2834.555    -2879.827       45.273   926.6
4.1300        -2834.100    -2880.010       45.910   939.6
4.1350        -2833.530    -2881.000       47.470   971.5
4.1400        -2832.863    -2882.597       49.734  1017.9
4.1450        -2832.170    -2883.449       51.279  1049.5
4.1500        -2831.522    -2882.834       51.312  1050.2
4.1550        -2830.960    -2882.554       51.594  1055.9
4.1600        -2830.491    -2882.241       51.751  1059.2
4.1650        -2830.114    -2879.624       49.510  1013.3
4.1700        -2829.803    -2879.869       50.066  1024.7
4.1750        -2829.537    -2881.905       52.368  1071.8
4.1800        -2829.351    -2881.558       52.207  1068.5
4.1850        -2829.250    -2881.330       52.080  1065.9
4.1900        -2829.230    -2882.974       53.744  1099.9
4.1950        -2829.307    -2882.763       53.456  1094.1
4.2000        -2829.472    -2881.251       51.779  1059.7
4.2050        -2829.686    -2879.833       50.147  1026.3
4.2100        -2829.913    -2879.031       49.118  1005.3
4.2150        -2830.131    -2878.666       48.535   993.3
4.2200        -2830.341    -2879.882       49.541  1013.9
4.2250        -2830.562    -2881.204       50.642  1036.5
4.2300        -2830.810    -2880.943       50.133  1026.0
4.2350        -2831.069    -2880.302       49.233  1007.6
4.2400        -2831.338    -2881.479       50.141  1026.2
4.2450        -2831.616    -2880.938       49.323  1009.5
4.2500        -2831.886    -2880.513       48.626   995.2
4.2550        -2832.158    -2882.320       50.162  1026.6
4.2600        -2832.440    -2882.428       49.987  1023.1
4.2650        -2832.733    -2882.078       49.344  1009.9
4.2700        -2833.020    -2882.471       49.450  1012.1
4.2750        -2833.312    -2883.695       50.382  1031.2
4.2800        -2833.616    -2883.617       50.002  1023.4
4.2850        -2833.912    -2882.477       48.565   994.0
4.2900        -2834.176    -2882.207       48.032   983.0
4.2950        -2834.398    -2881.995       47.597   974.1
4.3000        -2834.573    -2881.668       47.095   963.9
4.3050        -2834.693    -2881.209       46.516   952.0
4.3100        -2834.755    -2881.477       46.722   956.2
4.3150        -2834.783    -2884.419       49.636  1015.9
4.3200        -2834.824    -2886.624       51.800  1060.2
4.3250        -2834.900    -2884.990       50.089  1025.2
4.3300        -2834.989    -2883.125       48.137   985.2
4.3350        -2835.049    -2881.796       46.747   956.7
4.3400        -2835.061    -2880.128       45.067   922.4
4.3450        -2835.003    -2878.445       43.442   889.1
4.3500        -2834.874    -2880.416       45.542   932.1
4.3550        -2834.701    -2883.790       49.089  1004.7
4.3600        -2834.542    -2884.389       49.847  1020.2
4.3650        -2834.422    -2883.831       49.409  1011.2
4.3700        -2834.332    -2883.784       49.452  1012.1
4.3750        -2834.260    -2882.629       48.370   990.0
4.3800        -2834.186    -2881.826       47.640   975.0
4.3850        -2834.102    -2883.556       49.453  1012.1
4.3900        -2834.039    -2886.228       52.189  1068.1
4.3950        -2834.035    -2885.494       51.459  1053.2
4.4000        -2834.078    -2884.110       50.032  1024.0
4.4050        -2834.163    -2886.375       52.212  1068.6
4.4100        -2834.308    -2886.502       52.194  1068.2
4.4150        -2834.505    -2883.801       49.296  1008.9
4.4200        -2834.696    -2881.541       46.844   958.7
4.4250        -2834.852    -2882.129       47.277   967.6
4.4300        -2834.977    -2882.881       47.904   980.4
4.4350        -2835.079    -2883.087       48.008   982.6
4.4400        -2835.176    -2884.539       49.363  1010.3
4.4450        -2835.276    -2884.218       48.942  1001.7
4.4500        -2835.380    -2882.924       47.544   973.1
4.4550        -2835.453    -2880.478       45.026   921.5
4.4600        -2835.459    -2879.733       44.273   906.1
4.4650        -2835.388    -2881.509       46.121   943.9
4.4700        -2835.247    -2882.596       47.349   969.1
4.4750        -2835.055    -2882.509       47.455   971.2
4.4800        -2834.813    -2882.804       47.991   982.2
4.4850        -2834.514    -2883.355       48.841   999.6
4.4900        -2834.167    -2883.603       49.436  1011.8
4.4950        -2833.775    -2882.308       48.533   993.3
4.5000        -2833.328    -2881.041       47.713   976.5
4.5050        -2832.799    -2880.266       47.467   971.5
4.5100        -2832.176    -2880.908       48.731   997.4
4.5150        -2831.477    -2881.351       49.874  1020.7
4.5200        -2830.761    -2880.405       49.644  1016.0
4.5250        -2830.067    -2880.878       50.811  1039.9
4.5300        -2829.432    -2881.897       52.465  1073.8
4.5350        -2828.912    -2880.837       51.925  1062.7
4.5400        -2828.518    -2879.708       51.189  1047.7
4.5450        -2828.225    -2878.458       50.233  1028.1
4.5500        -2827.999    -2877.153       49.154  1006.0
4.5550        -2827.815    -2877.127       49.313  1009.3
4.5600        -2827.665    -2878.107       50.443  1032.4
4.5650        -2827.561    -2878.658       51.097  1045.8
4.5700        -2827.509    -2878.008       50.499  1033.5
4.5750        -2827.497    -2877.352       49.855  1020.4
4.5800        -2827.506    -2877.570       50.064  1024.6
4.5850        -2827.542    -2879.094       51.552  1055.1
4.5900        -2827.629    -2879.968       52.339  1071.2
4.5950        -2827.777    -2879.766       51.989  1064.0
4.6000        -2827.979    -2879.523       51.544  1054.9
4.6050        -2828.216    -2878.890       50.674  1037.1
4.6100        -2828.466    -2877.487       49.021  1003.3
4.6150        -2828.696    -2877.463       48.767   998.1
4.6200        -2828.925    -2879.317       50.392  1031.3
4.6250        -2829.160    -2878.887       49.726  1017.7
4.6300        -2829.401    -2879.218       49.817  1019.6
4.6350        -2829.647    -2879.505       49.858  1020.4
4.6400        -2829.893    -2878.815       48.922  1001.3
4.6450        -2830.125    -2879.005       48.880  1000.4
4.6500        -2830.347    -2879.070       48.723   997.2
4.6550        -2830.539    -2877.686       47.147   964.9
4.6600        -2830.701    -2879.977       49.276  1008.5
4.6650        -2830.873    -2882.698       51.825  1060.7
4.6700        -2831.083    -2881.284       50.201  1027.4
4.6750        -2831.304    -2880.239       48.935  1001.5
4.6800        -2831.521    -2881.556       50.035  1024.0
4.6850        -2831.759    -2882.896       51.137  1046.6
4.6900        -2832.017    -2881.653       49.636  1015.9
4.6950        -2832.271    -2881.187       48.916  1001.1
4.7000        -2832.512    -2881.646       49.134  1005.6
4.7050        -2832.734    -2880.987       48.252   987.6
4.7100        -2832.927    -2881.078       48.151   985.5
4.7150        -2833.103    -2883.884       50.782  1039.3
4.7200        -2833.316    -2886.646       53.330  1091.5
4.7250        -2833.582    -2884.727       51.145  1046.8
4.7300        -2833.850    -2881.931       48.080   984.0
4.7350        -2834.068    -2881.513       47.445   971.0
4.7400        -2834.240    -2883.031       48.791   998.6
4.7450        -2834.384    -2883.407       49.023  1003.3
4.7500        -2834.511    -2883.529       49.019  1003.2
4.7550        -2834.622    -2884.018       49.396  1011.0
4.7600        -2834.724    -2883.711       48.987  1002.6
4.7650        -2834.806    -2882.608       47.802   978.3
4.7700        -2834.860    -2882.938       48.077   984.0
4.7750        -2834.896    -2883.810       48.915  1001.1
4.7800        -2834.922    -2882.810       47.888   980.1
4.7850        -2834.923    -2880.907       45.985   941.1
4.7900        -2834.877    -2880.741       45.864   938.7
4.7950        -2834.785    -2881.749       46.965   961.2
4.8000        -2834.665    -2882.837       48.172   985.9
4.8050        -2834.537    -2882.940       48.403   990.6
4.8100        -2834.411    -2882.026       47.616   974.5
4.8150        -2834.271    -2880.798       46.527   952.2
4.8200        -2834.099    -2880.233       46.135   944.2
4.8250        -2833.887    -2881.200       47.314   968.3
4.8300        -2833.650    -2882.391       48.741   997.6
4.8350        -2833.412    -2882.324       48.912  1001.1
4.8400        -2833.189    -2882.811       49.622  1015.6
4.8450        -2832.984    -2882.365       49.382  1010.7
4.8500        -2832.796    -2881.801       49.005  1003.0
4.8550        -2832.622    -2881.493       48.871  1000.2
4.8600        -2832.444    -2879.456       47.012   962.2
4.8650        -2832.250    -2880.707       48.457   991.7
4.8700        -2832.043    -2882.679       50.636  1036.3
4.8750        -2831.860    -2881.973       50.113  1025.6
4.8800        -2831.709    -2880.663       48.954  1001.9
4.8850        -2831.562    -2879.269       47.706   976.4
4.8900        -2831.397    -2879.448       48.051   983.4
4.8950        -2831.212    -2881.477       50.265  1028.7
4.9000        -2831.042    -2882.457       51.415  1052.3
4.9050        -2830.910    -2880.867       49.957  1022.4
4.9100        -2830.802    -2879.499       48.697   996.7
4.9150        -2830.686    -2879.469       48.783   998.4
4.9200        -2830.557    -2879.781       49.224  1007.4
4.9250        -2830.421    -2880.660       50.239  1028.2
4.9300        -2830.290    -2881.564       51.274  1049.4
4.9350        -2830.187    -2881.398       51.211  1048.1
4.9400        -2830.114    -2880.676       50.562  1034.8
4.9450        -2830.067    -2880.786       50.719  1038.0
4.9500        -2830.049    -2880.676       50.627  1036.2
4.9550        -2830.063    -2879.174       49.111  1005.1
4.9600        -2830.082    -2876.555       46.474   951.2
4.9650        -2830.065    -2875.875       45.810   937.6
4.9700        -2829.974    -2875.040       45.066   922.3
4.9750        -2829.798    -2876.449       46.650   954.8
4.9800        -2829.536    -2878.550       49.014  1003.1
4.9850        -2829.227    -2879.688       50.461  1032.8
4.9900        -2828.916    -2880.630       51.714  1058.4
4.9950        -2828.636    -2879.879       51.242  1048.8
5.0000        -2828.392    -2877.599       49.208  1007.1
Time[ps]      Etot[eV]     Epot[eV]     Ekin[eV]    T[K]
0.0000        -4688.647    -4759.425       70.777  1014.0
0.0050        -4688.621    -4747.084       58.462   837.6
0.0100        -4688.446    -4727.406       38.961   558.2
0.0150        -4688.040    -4719.736       31.696   454.1
0.0200        -4687.366    -4718.008       30.642   439.0
0.0250        -4686.533    -4718.248       31.715   454.4
0.0300        -4685.706    -4720.504       34.798   498.5
0.0350        -4684.934    -4720.374       35.440   507.7
0.0400        -4684.173    -4719.273       35.100   502.9
0.0450        -4683.328    -4719.201       35.873   513.9
0.0500        -4682.378    -4718.612       36.234   519.1
0.0550        -4681.347    -4718.127       36.780   526.9
0.0600        -4680.254    -4718.563       38.309   548.8
0.0650        -4679.107    -4718.168       39.060   559.6
0.0700        -4677.938    -4717.387       39.449   565.2
0.0750        -4676.735    -4717.011       40.276   577.0
0.0800        -4675.501    -4716.266       40.766   584.0
0.0850        -4674.226    -4716.923       42.697   611.7
0.0900        -4672.887    -4717.294       44.407   636.2
0.0950        -4671.528    -4716.346       44.818   642.1
0.1000        -4670.151    -4716.166       46.015   659.2
0.1050        -4668.737    -4715.696       46.959   672.8
0.1100        -4667.313    -4714.515       47.202   676.2
0.1150        -4665.879    -4713.549       47.670   682.9
0.1200        -4664.444    -4711.347       46.903   672.0
0.1250        -4663.004    -4710.606       47.602   682.0
0.1300        -4661.517    -4711.194       49.676   711.7
0.1350        -4660.003    -4709.759       49.755   712.8
0.1400        -4658.501    -4708.765       50.263   720.1
0.1450        -4656.962    -4709.652       52.690   754.9
0.1500        -4655.395    -4708.623       53.227   762.6
0.1550        -4653.839    -4708.362       54.522   781.1
0.1600        -4652.269    -4707.174       54.904   786.6
0.1650        -4650.733    -4704.581       53.848   771.5
0.1700        -4649.194    -4705.021       55.828   799.8
0.1750        -4647.594    -4706.489       58.895   843.8
0.1800        -4645.995    -4705.048       59.053   846.0
0.1850        -4644.448    -4702.921       58.473   837.7
0.1900        -4642.906    -4703.296       60.390   865.2
0.1950        -4641.340    -4704.033       62.693   898.2
0.2000        -4639.792    -4703.323       63.532   910.2
0.2050        -4638.281    -4703.307       65.026   931.6
0.2100        -4636.809    -4702.070       65.261   935.0
0.2150        -4635.403    -4699.318       63.915   915.7
0.2200        -4634.043    -4696.267       62.223   891.4
0.2250        -4632.687    -4695.444       62.757   899.1
0.2300        -4631.280    -4698.031       66.751   956.3
0.2350        -4629.856    -4699.310       69.454   995.0
0.2400        -4628.510    -4697.153       68.643   983.4
0.2450        -4627.253    -4695.364       68.111   975.8
0.2500        -4626.032    -4696.161       70.129  1004.7
0.2550        -4624.842    -4698.314       73.471  1052.6
0.2600        -4623.738    -4698.554       74.816  1071.9
0.2650        -4622.777    -4697.512       74.736  1070.7
0.2700        -4621.944    -4696.012       74.068  1061.1
0.2750        -4621.231    -4694.891       73.660  1055.3
0.2800        -4620.612    -4693.605       72.993  1045.7
0.2850        -4620.071    -4693.603       73.532  1053.5
0.2900        -4619.604    -4694.486       74.882  1072.8
0.2950        -4619.238    -4693.701       74.464  1066.8
0.3000        -4618.974    -4693.844       74.870  1072.6
0.3050        -4618.820    -4694.973       76.153  1091.0
0.3100        -4618.803    -4695.259       76.456  1095.4
0.3150        -4618.933    -4696.305       77.372  1108.5
0.3200        -4619.230    -4695.810       76.580  1097.1
0.3250        -4619.669    -4694.832       75.163  1076.8
0.3300        -4620.210    -4693.091       72.882  1044.1
0.3350        -4620.776    -4690.422       69.645   997.8
0.3400        -4621.344    -4692.701       71.356  1022.3
0.3450        -4621.976    -4697.455       75.479  1081.3
0.3500        -4622.733    -4699.253       76.519  1096.3
0.3550        -4623.623    -4699.344       75.721  1084.8
0.3600        -4624.603    -4698.852       74.249  1063.7
0.3650        -4625.626    -4698.375       72.749  1042.2
0.3700        -4626.656    -4698.853       72.196  1034.3
0.3750        -4627.700    -4700.469       72.769  1042.5
0.3800        -4628.757    -4700.990       72.233  1034.9
0.3850        -4629.820    -4702.172       72.352  1036.6
0.3900        -4630.902    -4703.761       72.859  1043.8
0.3950        -4631.984    -4703.407       71.423  1023.2
0.4000        -4633.020    -4702.381       69.361   993.7
0.4050        -4633.980    -4702.263       68.283   978.3
0.4100        -4634.879    -4703.377       68.498   981.3
0.4150        -4635.714    -4703.644       67.930   973.2
0.4200        -4636.483    -4703.800       67.317   964.4
0.4250        -4637.180    -4704.495       67.315   964.4
0.4300        -4637.824    -4705.889       68.065   975.1
0.4350        -4638.424    -4706.596       68.172   976.7
0.4400        -4638.987    -4706.370       67.383   965.4
0.4450        -4639.483    -4705.376       65.894   944.0
0.4500        -4639.888    -4704.130       64.242   920.4
0.4550        -4640.188    -4704.258       64.069   917.9
0.4600        -4640.394    -4706.222       65.829   943.1
0.4650        -4640.525    -4707.093       66.568   953.7
0.4700        -4640.586    -4705.834       65.247   934.8
0.4750        -4640.565    -4704.769       64.204   919.8
0.4800        -4640.438    -4703.240       62.802   899.7
0.4850        -4640.193    -4704.331       64.138   918.9
0.4900        -4639.837    -4707.058       67.221   963.1
0.4950        -4639.409    -4706.988       67.580   968.2
0.5000        -4638.943    -4705.372       66.429   951.7
0.5050        -4638.426    -4704.361       65.934   944.6
0.5100        -4637.840    -4703.602       65.761   942.1
0.5150        -4637.186    -4704.852       67.666   969.4
0.5200        -4636.477    -4705.985       69.508   995.8
0.5250        -4635.768    -4704.761       68.993   988.4
0.5300        -4635.064    -4703.711       68.647   983.5
0.5350        -4634.357    -4702.482       68.125   976.0
0.5400        -4633.637    -4700.569       66.932   958.9
0.5450        -4632.891    -4701.297       68.406   980.0
0.5500        -4632.111    -4702.986       70.875  1015.4
0.5550        -4631.351    -4703.239       71.888  1029.9
0.5600        -4630.644    -4702.803       72.159  1033.8
0.5650        -4630.001    -4702.366       72.365  1036.7
0.5700        -4629.416    -4702.200       72.784  1042.7
0.5750        -4628.899    -4701.800       72.901  1044.4
0.5800        -4628.454    -4701.606       73.152  1048.0
0.5850        -4628.077    -4702.082       74.005  1060.2
0.5900        -4627.785    -4701.803       74.018  1060.4
0.5950        -4627.579    -4700.396       72.817  1043.2
0.6000        -4627.439    -4699.898       72.459  1038.1
0.6050        -4627.360    -4700.457       73.097  1047.2
0.6100        -4627.343    -4700.064       72.722  1041.9
0.6150        -4627.381    -4698.841       71.460  1023.8
0.6200        -4627.460    -4698.833       71.373  1022.5
0.6250        -4627.581    -4700.148       72.567  1039.6
0.6300        -4627.755    -4700.973       73.218  1049.0
0.6350        -4628.006    -4701.464       73.457  1052.4
0.6400        -4628.322    -4700.396       72.074  1032.6
0.6450        -4628.693    -4701.826       73.133  1047.7
0.6500        -4629.145    -4703.119       73.974  1059.8
0.6550        -4629.658    -4700.736       71.078  1018.3
0.6600        -4630.184    -4700.517       70.334  1007.6
0.6650        -4630.731    -4702.672       71.941  1030.7
0.6700        -4631.317    -4703.322       72.005  1031.6
0.6750        -4631.946    -4704.259       72.313  1036.0
0.6800        -4632.608    -4704.099       71.491  1024.2
0.6850        -4633.294    -4705.149       71.855  1029.4
0.6900        -4634.019    -4707.195       73.176  1048.4
0.6950        -4634.793    -4707.039       72.246  1035.0
0.7000        -4635.570    -4706.043       70.473  1009.6
0.7050        -4636.345    -4707.336       70.992  1017.1
0.7100        -4637.109    -4706.626       69.517   995.9
0.7150        -4637.816    -4705.392       67.575   968.1
0.7200        -4638.473    -4708.257       69.784   999.8
0.7250        -4639.136    -4709.488       70.352  1007.9
0.7300        -4639.749    -4705.287       65.538   938.9
0.7350        -4640.251    -4704.404       64.153   919.1
0.7400        -4640.655    -4706.363       65.708   941.4
0.7450        -4640.966    -4706.274       65.308   935.6
0.7500        -4641.205    -4708.293       67.088   961.1
0.7550        -4641.394    -4709.047       67.653   969.2
0.7600        -4641.538    -4707.977       66.439   951.8
0.7650        -4641.621    -4708.811       67.190   962.6
0.7700        -4641.656    -4709.536       67.879   972.5
0.7750        -4641.653    -4709.403       67.750   970.6
0.7800        -4641.610    -4708.875       67.264   963.7
0.7850        -4641.513    -4706.262       64.749   927.6
0.7900        -4641.332    -4706.829       65.497   938.3
0.7950        -4641.073    -4710.238       69.165   990.9
0.8000        -4640.774    -4710.808       70.034  1003.4
0.8050        -4640.480    -4710.015       69.535   996.2
0.8100        -4640.180    -4710.439       70.259  1006.6
0.8150        -4639.885    -4709.828       69.943  1002.0
0.8200        -4639.587    -4707.532       67.946   973.4
0.8250        -4639.268    -4706.809       67.541   967.6
0.8300        -4638.904    -4706.660       67.755   970.7
0.8350        -4638.499    -4704.726       66.227   948.8
0.8400        -4638.038    -4705.067       67.029   960.3
0.8450        -4637.521    -4706.750       69.229   991.8
0.8500        -4636.978    -4706.494       69.516   995.9
0.8550        -4636.440    -4707.464       71.024  1017.5
0.8600        -4635.921    -4708.278       72.357  1036.6
0.8650        -4635.454    -4707.276       71.822  1029.0
0.8700        -4635.038    -4704.528       69.490   995.6
0.8750        -4634.636    -4702.277       67.641   969.1
0.8800        -4634.204    -4702.044       67.840   971.9
0.8850        -4633.731    -4702.829       69.098   989.9
0.8900        -4633.245    -4704.034       70.790  1014.2
0.8950        -4632.766    -4703.102       70.336  1007.7
0.9000        -4632.308    -4703.018       70.710  1013.0
0.9050        -4631.872    -4703.261       71.389  1022.8
0.9100        -4631.465    -4701.837       70.372  1008.2
0.9150        -4631.087    -4703.201       72.113  1033.1
0.9200        -4630.744    -4703.798       73.054  1046.6
0.9250        -4630.457    -4703.075       72.618  1040.4
0.9300        -4630.233    -4704.016       73.783  1057.1
0.9350        -4630.091    -4704.163       74.072  1061.2
0.9400        -4630.034    -4703.581       73.546  1053.7
0.9450        -4630.064    -4703.781       73.717  1056.1
0.9500        -4630.177    -4703.568       73.391  1051.4
0.9550        -4630.351    -4701.871       71.520  1024.6
0.9600        -4630.574    -4702.373       71.799  1028.6
0.9650        -4630.851    -4704.604       73.753  1056.6
0.9700        -4631.217    -4705.895       74.678  1069.9
0.9750        -4631.688    -4706.561       74.873  1072.7
0.9800        -4632.261    -4706.373       74.112  1061.8
0.9850        -4632.906    -4705.594       72.688  1041.4
0.9900        -4633.589    -4705.432       71.843  1029.3
0.9950        -4634.284    -4705.346       71.062  1018.1
1.0000        -4634.978    -4706.413       71.435  1023.4
1.0050        -4635.673    -4706.759       71.085  1018.4
1.0100        -4636.356    -4706.690       70.335  1007.7
1.0150        -4637.020    -4707.820       70.800  1014.3
1.0200        -4637.677    -4708.101       70.424  1008.9
1.0250        -4638.304    -4707.590       69.286   992.6
1.0300        -4638.889    -4707.908       69.019   988.8
1.0350        -4639.435    -4708.348       68.913   987.3
1.0400        -4639.943    -4708.745       68.802   985.7
1.0450        -4640.421    -4709.515       69.095   989.9
1.0500        -4640.873    -4709.994       69.120   990.3
1.0550        -4641.297    -4709.967       68.670   983.8
1.0600        -4641.693    -4710.839       69.146   990.6
1.0650        -4642.085    -4712.485       70.400  1008.6
1.0700        -4642.476    -4711.142       68.666   983.7
1.0750        -4642.829    -4709.168       66.339   950.4
1.0800        -4643.109    -4708.320       65.211   934.2
1.0850        -4643.292    -4707.449       64.157   919.2
1.0900        -4643.381    -4709.175       65.794   942.6
1.0950        -4643.398    -4712.023       68.625   983.2
1.1000        -4643.388    -4712.433       69.045   989.2
1.1050        -4643.358    -4710.322       66.965   959.4
1.1100        -4643.273    -4707.244       63.971   916.5
1.1150        -4643.083    -4705.335       62.252   891.9
1.1200        -4642.763    -4708.604       65.840   943.3
1.1250        -4642.344    -4712.097       69.752   999.3
1.1300        -4641.889    -4710.342       68.454   980.7
1.1350        -4641.426    -4708.310       66.884   958.2
1.1400        -4640.920    -4707.910       66.991   959.7
1.1450        -4640.368    -4706.466       66.098   947.0
1.1500        -4639.769    -4707.610       67.841   971.9
1.1550        -4639.139    -4708.740       69.601   997.1
1.1600        -4638.523    -4707.103       68.580   982.5
1.1650        -4637.930    -4707.771       69.841  1000.6
1.1700        -4637.356    -4709.656       72.300  1035.8
1.1750        -4636.849    -4708.935       72.086  1032.7
1.1800        -4636.415    -4707.690       71.276  1021.1
1.1850        -4636.036    -4707.066       71.029  1017.6
1.1900        -4635.696    -4707.011       71.316  1021.7
1.1950        -4635.391    -4707.213       71.821  1029.0
1.2000        -4635.135    -4708.194       73.058  1046.7
1.2050        -4634.946    -4708.189       73.243  1049.3
1.2100        -4634.825    -4706.962       72.138  1033.5
1.2150        -4634.754    -4705.731       70.977  1016.9
1.2200        -4634.705    -4703.823       69.118   990.2
1.2250        -4634.648    -4704.360       69.712   998.7
1.2300        -4634.590    -4706.086       71.496  1024.3
1.2350        -4634.564    -4707.102       72.539  1039.2
1.2400        -4634.591    -4707.558       72.967  1045.4
1.2450        -4634.684    -4707.236       72.551  1039.4
1.2500        -4634.837    -4706.974       72.137  1033.5
1.2550        -4635.054    -4708.252       73.198  1048.7
1.2600        -4635.352    -4708.400       73.048  1046.5
1.2650        -4635.733    -4708.634       72.901  1044.4
1.2700        -4636.198    -4710.194       73.996  1060.1
1.2750        -4636.764    -4710.079       73.315  1050.4
1.2800        -4637.389    -4707.521       70.132  1004.7
1.2850        -4637.984    -4705.333       67.348   964.9
1.2900        -4638.513    -4705.871       67.358   965.0
1.2950        -4638.974    -4706.144       67.169   962.3
1.3000        -4639.349    -4704.515       65.166   933.6
1.3050        -4639.624    -4705.194       65.570   939.4
1.3100        -4639.823    -4707.920       68.098   975.6
1.3150        -4639.982    -4708.308       68.327   978.9
1.3200        -4640.104    -4707.818       67.714   970.1
1.3250        -4640.193    -4709.844       69.651   997.9
1.3300        -4640.272    -4709.228       68.957   987.9
1.3350        -4640.325    -4707.402       67.077   961.0
1.3400        -4640.334    -4708.084       67.749   970.6
1.3450        -4640.311    -4710.229       69.918  1001.7
1.3500        -4640.281    -4710.741       70.460  1009.5
1.3550        -4640.256    -4708.777       68.521   981.7
1.3600        -4640.201    -4706.416       66.215   948.6
1.3650        -4640.092    -4708.912       68.820   986.0
1.3700        -4639.938    -4709.666       69.728   999.0
1.3750        -4639.758    -4707.180       67.422   965.9
1.3800        -4639.526    -4708.140       68.614   983.0
1.3850        -4639.230    -4709.164       69.933  1001.9
1.3900        -4638.888    -4708.731       69.843  1000.6
1.3950        -4638.497    -4708.413       69.916  1001.7
1.4000        -4638.052    -4709.108       71.056  1018.0
1.4050        -4637.557    -4707.960       70.403  1008.6
1.4100        -4637.017    -4706.884       69.868  1001.0
1.4150        -4636.410    -4706.544       70.135  1004.8
1.4200        -4635.743    -4706.179       70.436  1009.1
1.4250        -4635.034    -4706.626       71.592  1025.7
1.4300        -4634.321    -4706.313       71.992  1031.4
1.4350        -4633.634    -4705.791       72.157  1033.8
1.4400        -4633.003    -4706.434       73.431  1052.0
1.4450        -4632.456    -4707.420       74.963  1074.0
1.4500        -4632.031    -4706.594       74.563  1068.2
1.4550        -4631.727    -4704.901       73.173  1048.3
1.4600        -4631.518    -4706.444       74.926  1073.4
1.4650        -4631.430    -4709.493       78.062  1118.4
1.4700        -4631.502    -4707.448       75.946  1088.0
1.4750        -4631.697    -4704.630       72.933  1044.9
1.4800        -4631.958    -4705.030       73.072  1046.9
1.4850        -4632.280    -4705.639       73.359  1051.0
1.4900        -4632.660    -4705.166       72.506  1038.8
1.4950        -4633.070    -4704.578       71.508  1024.5
1.5000        -4633.492    -4705.016       71.524  1024.7
1.5050        -4633.929    -4706.074       72.145  1033.6
1.5100        -4634.380    -4705.786       71.407  1023.0
1.5150        -4634.795    -4702.952       68.157   976.5
1.5200        -4635.138    -4703.971       68.833   986.1
1.5250        -4635.435    -4707.164       71.729  1027.6
1.5300        -4635.719    -4706.818       71.100  1018.6
1.5350        -4635.984    -4705.927       69.943  1002.0
1.5400        -4636.205    -4705.670       69.464   995.2
1.5450        -4636.376    -4704.602       68.226   977.4
1.5500        -4636.490    -4705.720       69.230   991.8
1.5550        -4636.586    -4708.343       71.757  1028.0
1.5600        -4636.699    -4709.599       72.901  1044.4
1.5650        -4636.855    -4710.763       73.908  1058.8
1.5700        -4637.071    -4710.813       73.742  1056.5
1.5750        -4637.326    -4709.812       72.486  1038.5
1.5800        -4637.612    -4709.997       72.385  1037.0
1.5850        -4637.902    -4708.721       70.819  1014.6
1.5900        -4638.182    -4707.757       69.576   996.8
1.5950        -4638.432    -4707.751       69.320   993.1
1.6000        -4638.654    -4708.137       69.483   995.5
1.6050        -4638.853    -4707.411       68.558   982.2
1.6100        -4639.009    -4706.213       67.203   962.8
1.6150        -4639.113    -4706.771       67.658   969.3
1.6200        -4639.179    -4709.246       70.067  1003.8
1.6250        -4639.249    -4709.990       70.741  1013.5
1.6300        -4639.325    -4707.896       68.572   982.4
1.6350        -4639.377    -4706.702       67.325   964.5
1.6400        -4639.388    -4708.093       68.706   984.3
1.6450        -4639.376    -4709.406       70.030  1003.3
1.6500        -4639.365    -4708.345       68.980   988.3
1.6550        -4639.337    -4707.296       67.959   973.6
1.6600        -4639.273    -4706.096       66.824   957.4
1.6650        -4639.147    -4704.907       65.760   942.1
1.6700        -4638.931    -4704.956       66.025   945.9
1.6750        -4638.632    -4708.593       69.961  1002.3
1.6800        -4638.282    -4711.338       73.056  1046.6
1.6850        -4637.958    -4712.164       74.206  1063.1
1.6900        -4637.697    -4710.324       72.627  1040.5
1.6950        -4637.476    -4708.545       71.069  1018.2
1.7000        -4637.264    -4708.813       71.549  1025.1
1.7050        -4637.056    -4707.629       70.573  1011.1
1.7100        -4636.834    -4706.514       69.680   998.3
1.7150        -4636.584    -4708.227       71.643  1026.4
1.7200        -4636.318    -4709.122       72.804  1043.0
1.7250        -4636.060    -4706.775       70.715  1013.1
1.7300        -4635.788    -4705.546       69.758   999.4
1.7350        -4635.477    -4708.988       73.511  1053.2
1.7400        -4635.173    -4710.383       75.210  1077.5
1.7450        -4634.931    -4709.123       74.192  1062.9
1.7500        -4634.762    -4708.640       73.877  1058.4
1.7550        -4634.664    -4709.629       74.965  1074.0
1.7600        -4634.660    -4709.241       74.581  1068.5
1.7650        -4634.751    -4705.925       71.175  1019.7
1.7700        -4634.885    -4704.041       69.156   990.8
1.7750        -4635.041    -4706.576       71.535  1024.9
1.7800        -4635.247    -4708.070       72.822  1043.3
1.7850        -4635.542    -4707.888       72.346  1036.5
1.7900        -4635.923    -4707.990       72.067  1032.5
1.7950        -4636.382    -4708.371       71.988  1031.3
1.8000        -4636.920    -4708.381       71.461  1023.8
1.8050        -4637.495    -4705.469       67.974   973.8
1.8100        -4638.011    -4702.596       64.585   925.3
1.8150        -4638.443    -4704.220       65.776   942.4
1.8200        -4638.812    -4706.475       67.663   969.4
1.8250        -4639.137    -4707.290       68.153   976.4
1.8300        -4639.442    -4709.685       70.243  1006.3
1.8350        -4639.770    -4712.308       72.538  1039.2
1.8400        -4640.144    -4711.196       71.052  1017.9
1.8450        -4640.529    -4709.317       68.789   985.5
1.8500        -4640.898    -4709.413       68.515   981.6
1.8550        -4641.230    -4709.182       67.952   973.5
1.8600        -4641.532    -4710.460       68.928   987.5
1.8650        -4641.828    -4712.162       70.334  1007.6
1.8700        -4642.121    -4709.890       67.769   970.9
1.8750        -4642.360    -4706.649       64.289   921.0
1.8800        -4642.506    -4707.255       64.749   927.6
1.8850        -4642.561    -4709.788       67.227   963.1
1.8900        -4642.569    -4711.755       69.186   991.2
1.8950        -4642.557    -4711.528       68.971   988.1
1.9000        -4642.530    -4709.841       67.311   964.3
1.9050        -4642.455    -4709.000       66.546   953.4
1.9100        -4642.311    -4708.795       66.484   952.5
1.9150        -4642.084    -4707.939       65.855   943.5
1.9200        -4641.752    -4708.445       66.693   955.5
1.9250        -4641.310    -4710.485       69.175   991.0
1.9300        -4640.776    -4710.064       69.288   992.7
1.9350        -4640.175    -4707.766       67.591   968.3
1.9400        -4639.479    -4707.213       67.734   970.4
1.9450        -4638.681    -4708.375       69.694   998.5
1.9500        -4637.833    -4708.041       70.208  1005.8
1.9550        -4637.004    -4707.730       70.726  1013.3
1.9600        -4636.237    -4708.077       71.840  1029.2
1.9650        -4635.580    -4707.546       71.966  1031.0
1.9700        -4635.058    -4707.608       72.549  1039.4
1.9750        -4634.663    -4707.883       73.220  1049.0
1.9800        -4634.395    -4706.124       71.729  1027.6
1.9850        -4634.212    -4704.459       70.247  1006.4
1.9900        -4634.076    -4705.486       71.410  1023.1
1.9950        -4633.985    -4706.444       72.459  1038.1
2.0000        -4633.954    -4705.332       71.377  1022.6
2.0050        -4633.955    -4703.995       70.040  1003.4
2.0100        -4633.967    -4705.259       71.292  1021.4
2.0150        -4634.014    -4707.295       73.280  1049.9
2.0200        -4634.109    -4705.028       70.919  1016.0
2.0250        -4634.227    -4703.891       69.664   998.1
2.0300        -4634.330    -4702.968       68.639   983.4
2.0350        -4634.406    -4702.908       68.503   981.4
2.0400        -4634.458    -4704.361       69.903  1001.5
2.0450        -4634.517    -4707.565       73.049  1046.5
2.0500        -4634.639    -4709.143       74.504  1067.4
2.0550        -4634.863    -4710.234       75.372  1079.8
2.0600        -4635.206    -4710.313       75.107  1076.0
2.0650        -4635.642    -4708.091       72.449  1037.9
2.0700        -4636.125    -4707.806       71.681  1026.9
2.0750        -4636.633    -4707.129       70.495  1010.0
2.0800        -4637.130    -4705.946       68.816   985.9
2.0850        -4637.584    -4706.223       68.639   983.4
2.0900        -4638.003    -4708.355       70.352  1007.9
2.0950        -4638.422    -4710.899       72.476  1038.3
2.1000        -4638.863    -4710.563       71.700  1027.2
2.1050        -4639.299    -4709.356       70.058  1003.7
2.1100        -4639.706    -4710.045       70.339  1007.7
2.1150        -4640.091    -4711.456       71.365  1022.4
2.1200        -4640.471    -4712.293       71.822  1029.0
2.1250        -4640.838    -4711.471       70.633  1011.9
2.1300        -4641.167    -4709.740       68.573   982.4
2.1350        -4641.430    -4708.979       67.549   967.7
2.1400        -4641.612    -4707.573       65.961   945.0
2.1450        -4641.690    -4704.081       62.392   893.9
2.1500        -4641.635    -4703.691       62.055   889.0
2.1550        -4641.468    -4707.004       65.535   938.9
2.1600        -4641.227    -4708.615       67.388   965.4
2.1650        -4640.971    -4710.320       69.349   993.5
2.1700        -4640.728    -4711.369       70.640  1012.0
2.1750        -4640.524    -4710.035       69.511   995.9
2.1800        -4640.335    -4708.313       67.979   973.9
2.1850        -4640.139    -4709.070       68.931   987.5
2.1900        -4639.942    -4710.288       70.346  1007.8
2.1950        -4639.767    -4710.484       70.717  1013.1
2.2000        -4639.625    -4710.495       70.870  1015.3
2.2050        -4639.513    -4709.755       70.243  1006.3
2.2100        -4639.413    -4709.502       70.089  1004.1
2.2150        -4639.336    -4710.127       70.791  1014.2
2.2200        -4639.274    -4709.587       70.313  1007.3
2.2250        -4639.224    -4708.080       68.856   986.5
2.2300        -4639.156    -4707.710       68.554   982.1
2.2350        -4639.076    -4709.119       70.043  1003.5
2.2400        -4638.994    -4708.538       69.544   996.3
2.2450        -4638.904    -4706.926       68.022   974.5
2.2500        -4638.788    -4706.805       68.017   974.5
2.2550        -4638.630    -4706.527       67.897   972.7
2.2600        -4638.434    -4707.817       69.383   994.0
2.2650        -4638.221    -4710.540       72.319  1036.1
2.2700        -4638.033    -4710.063       72.029  1031.9
2.2750        -4637.884    -4707.570       69.686   998.4
2.2800        -4637.730    -4705.722       67.991   974.1
2.2850        -4637.533    -4704.573       67.039   960.4
2.2900        -4637.256    -4704.556       67.299   964.2
2.2950        -4636.889    -4705.164       68.275   978.1
2.3000        -4636.425    -4705.361       68.936   987.6
2.3050        -4635.862    -4707.058       71.196  1020.0
2.3100        -4635.217    -4707.770       72.553  1039.4
2.3150        -4634.524    -4707.097       72.573  1039.7
2.3200        -4633.808    -4705.543       71.734  1027.7
2.3250        -4633.062    -4703.360       70.298  1007.1
2.3300        -4632.287    -4703.515       71.228  1020.5
2.3350        -4631.489    -4702.920       71.431  1023.4
2.3400        -4630.726    -4702.550       71.824  1029.0
2.3450        -4630.026    -4701.860       71.834  1029.1
2.3500        -4629.414    -4700.044       70.630  1011.9
2.3550        -4628.887    -4697.828       68.941   987.7
2.3600        -4628.414    -4699.769       71.355  1022.3
2.3650        -4628.016    -4703.180       75.163  1076.8
2.3700        -4627.773    -4704.788       77.015  1103.4
2.3750        -4627.697    -4703.068       75.371  1079.8
2.3800        -4627.742    -4701.214       73.472  1052.6
2.3850        -4627.862    -4702.067       74.205  1063.1
2.3900        -4628.057    -4703.109       75.051  1075.2
2.3950        -4628.319    -4701.984       73.664  1055.4
2.4000        -4628.614    -4701.883       73.270  1049.7
2.4050        -4628.956    -4704.352       75.396  1080.2
2.4100        -4629.361    -4704.245       74.884  1072.8
2.4150        -4629.805    -4702.742       72.936  1044.9
2.4200        -4630.261    -4703.659       73.397  1051.5
2.4250        -4630.735    -4704.062       73.327  1050.5
2.4300        -4631.208    -4703.339       72.131  1033.4
2.4350        -4631.665    -4702.698       71.033  1017.7
2.4400        -4632.088    -4702.430       70.342  1007.8
2.4450        -4632.472    -4702.531       70.058  1003.7
2.4500        -4632.822    -4703.476       70.654  1012.2
2.4550        -4633.170    -4705.904       72.734  1042.0
2.4600        -4633.546    -4707.211       73.665  1055.4
2.4650        -4633.970    -4708.469       74.498  1067.3
2.4700        -4634.464    -4709.421       74.957  1073.9
2.4750        -4635.004    -4706.855       71.851  1029.4
2.4800        -4635.508    -4703.305       67.796   971.3
2.4850        -4635.926    -4702.905       66.980   959.6
2.4900        -4636.255    -4703.724       67.469   966.6
2.4950        -4636.513    -4704.831       68.318   978.8
2.5000        -4636.732    -4707.531       70.799  1014.3
2.5050        -4636.971    -4709.667       72.697  1041.5
2.5100        -4637.238    -4707.897       70.659  1012.3
2.5150        -4637.501    -4706.328       68.827   986.1
2.5200        -4637.748    -4707.248       69.500   995.7
2.5250        -4637.969    -4706.010       68.041   974.8
2.5300        -4638.142    -4705.022       66.880   958.2
2.5350        -4638.271    -4707.815       69.544   996.3
2.5400        -4638.387    -4708.346       69.958  1002.3
2.5450        -4638.500    -4707.122       68.622   983.1
2.5500        -4638.596    -4707.443       68.847   986.3
2.5550        -4638.675    -4708.434       69.759   999.4
2.5600        -4638.758    -4709.258       70.500  1010.0
2.5650        -4638.853    -4708.865       70.012  1003.0
2.5700        -4638.952    -4708.636       69.684   998.3
2.5750        -4639.065    -4710.039       70.973  1016.8
2.5800        -4639.208    -4709.920       70.711  1013.1
2.5850        -4639.373    -4707.406       68.032   974.7
2.5900        -4639.521    -4706.496       66.976   959.5
2.5950        -4639.635    -4707.758       68.123   976.0
2.6000        -4639.722    -4706.998       67.275   963.8
2.6050        -4639.771    -4705.825       66.054   946.3
2.6100        -4639.749    -4704.949       65.201   934.1
2.6150        -4639.631    -4706.355       66.723   955.9
2.6200        -4639.425    -4709.253       69.829  1000.4
2.6250        -4639.154    -4708.936       69.782   999.7
2.6300        -4638.829    -4707.079       68.250   977.8
2.6350        -4638.422    -4708.511       70.089  1004.1
2.6400        -4637.932    -4708.954       71.022  1017.5
2.6450        -4637.393    -4709.550       72.157  1033.8
2.6500        -4636.838    -4711.750       74.911  1073.2
2.6550        -4636.327    -4707.838       71.511  1024.5
2.6600        -4635.854    -4703.599       67.745   970.5
2.6650        -4635.334    -4704.507       69.173   991.0
2.6700        -4634.763    -4706.262       71.499  1024.3
2.6750        -4634.208    -4706.657       72.448  1037.9
2.6800        -4633.704    -4705.182       71.477  1024.0
2.6850        -4633.248    -4702.339       69.091   989.8
2.6900        -4632.801    -4702.469       69.668   998.1
2.6950        -4632.356    -4703.694       71.338  1022.0
2.7000        -4631.940    -4702.401       70.461  1009.5
2.7050        -4631.558    -4702.412       70.854  1015.1
2.7100        -4631.209    -4704.952       73.744  1056.5
2.7150        -4630.932    -4704.801       73.869  1058.3
2.7200        -4630.750    -4703.959       73.209  1048.8
2.7250        -4630.648    -4704.077       73.429  1052.0
2.7300        -4630.617    -4702.818       72.201  1034.4
2.7350        -4630.648    -4704.761       74.113  1061.8
2.7400        -4630.771    -4707.174       76.403  1094.6
2.7450        -4631.029    -4706.336       75.307  1078.9
2.7500        -4631.408    -4704.257       72.849  1043.7
2.7550        -4631.849    -4702.879       71.030  1017.6
2.7600        -4632.320    -4703.209       70.889  1015.6
2.7650        -4632.841    -4705.829       72.987  1045.7
2.7700        -4633.433    -4706.838       73.405  1051.6
2.7750        -4634.085    -4706.056       71.970  1031.1
2.7800        -4634.734    -4704.418       69.684   998.3
2.7850        -4635.331    -4703.935       68.604   982.9
2.7900        -4635.846    -4704.127       68.282   978.2
2.7950        -4636.284    -4706.873       70.589  1011.3
2.8000        -4636.688    -4709.025       72.337  1036.3
2.8050        -4637.081    -4709.595       72.514  1038.9
2.8100        -4637.465    -4709.500       72.036  1032.0
2.8150        -4637.801    -4707.136       69.335   993.3
2.8200        -4638.064    -4705.373       67.309   964.3
2.8250        -4638.233    -4705.146       66.913   958.6
2.8300        -4638.319    -4705.471       67.153   962.1
2.8350        -4638.347    -4706.373       68.025   974.6
2.8400        -4638.343    -4707.578       69.234   991.9
2.8450        -4638.325    -4707.811       69.486   995.5
2.8500        -4638.298    -4708.075       69.777   999.7
2.8550        -4638.278    -4708.731       70.453  1009.4
2.8600        -4638.272    -4708.493       70.221  1006.0
2.8650        -4638.269    -4707.267       68.998   988.5
2.8700        -4638.261    -4707.603       69.342   993.4
2.8750        -4638.242    -4708.083       69.841  1000.6
2.8800        -4638.217    -4707.846       69.630   997.6
2.8850        -4638.193    -4708.073       69.880  1001.1
2.8900        -4638.171    -4708.339       70.168  1005.3
2.8950        -4638.156    -4708.356       70.200  1005.7
2.9000        -4638.151    -4708.367       70.216  1006.0
2.9050        -4638.148    -4706.258       68.111   975.8
2.9100        -4638.109    -4704.083       65.974   945.2
2.9150        -4638.003    -4704.707       66.704   955.6
2.9200        -4637.826    -4706.291       68.465   980.9
2.9250        -4637.601    -4707.330       69.729   999.0
2.9300        -4637.355    -4707.690       70.335  1007.7
2.9350        -4637.100    -4708.231       71.130  1019.1
2.9400        -4636.843    -4708.482       71.639  1026.3
2.9450        -4636.593    -4707.533       70.941  1016.3
2.9500        -4636.348    -4708.578       72.230  1034.8
2.9550        -4636.115    -4708.776       72.661  1041.0
2.9600        -4635.913    -4707.628       71.715  1027.4
2.9650        -4635.732    -4708.133       72.401  1037.3
2.9700        -4635.570    -4707.177       71.607  1025.9
2.9750        -4635.432    -4707.378       71.947  1030.7
2.9800        -4635.327    -4710.057       74.730  1070.6
2.9850        -4635.297    -4709.654       74.356  1065.3
2.9900        -4635.357    -4706.155       70.798  1014.3
2.9950        -4635.457    -4705.114       69.657   997.9
3.0000        -4635.573    -4705.465       69.892  1001.3
3.0050        -4635.706    -4705.033       69.326   993.2
3.0100        -4635.859    -4705.528       69.669   998.1
3.0150        -4636.033    -4706.702       70.669  1012.4
3.0200        -4636.246    -4706.741       70.495  1010.0
3.0250        -4636.499    -4706.690       70.191  1005.6
3.0300        -4636.794    -4707.830       71.037  1017.7
3.0350        -4637.143    -4707.833       70.689  1012.7
3.0400        -4637.525    -4705.778       68.253   977.8
3.0450        -4637.897    -4704.823       66.926   958.8
3.0500        -4638.233    -4705.017       66.784   956.8
3.0550        -4638.519    -4704.371       65.852   943.4
3.0600        -4638.760    -4707.609       68.849   986.4
3.0650        -4639.013    -4711.501       72.488  1038.5
3.0700        -4639.317    -4709.716       70.399  1008.6
3.0750        -4639.634    -4707.826       68.192   977.0
3.0800        -4639.942    -4708.996       69.054   989.3
3.0850        -4640.245    -4708.526       68.281   978.2
3.0900        -4640.524    -4708.343       67.819   971.6
3.0950        -4640.782    -4710.111       69.329   993.2
3.1000        -4641.050    -4710.733       69.684   998.3
3.1050        -4641.313    -4709.292       67.979   973.9
3.1100        -4641.547    -4708.552       67.005   960.0
3.1150        -4641.757    -4711.626       69.869  1001.0
3.1200        -4641.977    -4712.363       70.386  1008.4
3.1250        -4642.215    -4711.649       69.435   994.8
3.1300        -4642.472    -4713.568       71.096  1018.6
3.1350        -4642.770    -4712.444       69.673   998.2
3.1400        -4643.062    -4708.377       65.315   935.7
3.1450        -4643.285    -4706.491       63.206   905.5
3.1500        -4643.406    -4707.865       64.459   923.5
3.1550        -4643.439    -4710.413       66.974   959.5
3.1600        -4643.416    -4711.776       68.360   979.4
3.1650        -4643.358    -4712.731       69.373   993.9
3.1700        -4643.278    -4712.633       69.354   993.6
3.1750        -4643.181    -4711.705       68.524   981.7
3.1800        -4643.045    -4711.533       68.488   981.2
3.1850        -4642.855    -4711.044       68.189   976.9
3.1900        -4642.602    -4709.936       67.334   964.7
3.1950        -4642.262    -4710.271       68.009   974.3
3.2000        -4641.823    -4709.538       67.715   970.1
3.2050        -4641.288    -4708.893       67.605   968.5
3.2100        -4640.647    -4710.298       69.651   997.9
3.2150        -4639.932    -4709.782       69.850  1000.7
3.2200        -4639.192    -4708.931       69.739   999.1
3.2250        -4638.450    -4710.257       71.807  1028.7
3.2300        -4637.750    -4710.927       73.177  1048.4
3.2350        -4637.148    -4707.529       70.382  1008.3
3.2400        -4636.630    -4704.940       68.310   978.6
3.2450        -4636.135    -4705.204       69.069   989.5
3.2500        -4635.664    -4704.587       68.923   987.4
3.2550        -4635.227    -4704.316       69.088   989.8
3.2600        -4634.819    -4705.972       71.153  1019.4
3.2650        -4634.463    -4706.367       71.904  1030.1
3.2700        -4634.184    -4707.592       73.408  1051.7
3.2750        -4633.995    -4706.906       72.911  1044.6
3.2800        -4633.884    -4703.405       69.521   996.0
3.2850        -4633.780    -4701.580       67.800   971.3
3.2900        -4633.654    -4702.721       69.067   989.5
3.2950        -4633.513    -4701.964       68.451   980.7
3.3000        -4633.356    -4702.491       69.135   990.5
3.3050        -4633.195    -4704.734       71.539  1024.9
3.3100        -4633.065    -4704.970       71.905  1030.1
3.3150        -4632.981    -4703.618       70.637  1012.0
3.3200        -4632.919    -4704.408       71.489  1024.2
3.3250        -4632.895    -4706.222       73.327  1050.5
3.3300        -4632.938    -4706.480       73.541  1053.6
3.3350        -4633.059    -4706.425       73.366  1051.1
3.3400        -4633.260    -4705.779       72.519  1038.9
3.3450        -4633.510    -4703.458       69.948  1002.1
3.3500        -4633.775    -4703.882       70.107  1004.4
3.3550        -4634.081    -4708.315       74.233  1063.5
3.3600        -4634.503    -4709.288       74.786  1071.4
3.3650        -4635.033    -4706.140       71.107  1018.7
3.3700        -4635.607    -4705.048       69.441   994.8
3.3750        -4636.196    -4705.177       68.980   988.3
3.3800        -4636.785    -4706.957       70.172  1005.3
3.3850        -4637.416    -4709.268       71.852  1029.4
3.3900        -4638.059    -4707.388       69.329   993.3
3.3950        -4638.658    -4707.904       69.247   992.1
3.4000        -4639.230    -4710.357       71.127  1019.0
3.4050        -4639.760    -4709.346       69.586   996.9
3.4100        -4640.214    -4708.825       68.611   983.0
3.4150        -4640.579    -4709.025       68.446   980.6
3.4200        -4640.851    -4708.651       67.800   971.3
3.4250        -4641.040    -4709.519       68.478   981.1
3.4300        -4641.176    -4709.935       68.759   985.1
3.4350        -4641.255    -4708.960       67.705   970.0
3.4400        -4641.291    -4710.258       68.967   988.1
3.4450        -4641.302    -4711.187       69.885  1001.2
3.4500        -4641.311    -4711.721       70.411  1008.7
3.4550        -4641.342    -4713.275       71.933  1030.6
3.4600        -4641.397    -4711.662       70.265  1006.7
3.4650        -4641.445    -4709.221       67.776   971.0
3.4700        -4641.463    -4709.252       67.789   971.2
3.4750        -4641.445    -4709.184       67.739   970.5
3.4800        -4641.378    -4707.945       66.567   953.7
3.4850        -4641.265    -4708.819       67.554   967.8
3.4900        -4641.107    -4709.872       68.765   985.2
3.4950        -4640.925    -4709.052       68.127   976.0
3.5000        -4640.720    -4708.552       67.832   971.8
3.5050        -4640.474    -4708.782       68.308   978.6
3.5100        -4640.200    -4709.468       69.269   992.4
3.5150        -4639.910    -4708.831       68.921   987.4
3.5200        -4639.599    -4707.043       67.444   966.2
3.5250        -4639.247    -4706.707       67.460   966.5
3.5300        -4638.850    -4709.016       70.166  1005.2
3.5350        -4638.440    -4711.595       73.155  1048.1
3.5400        -4638.084    -4710.826       72.742  1042.1
3.5450        -4637.790    -4708.716       70.926  1016.1
3.5500        -4637.527    -4707.564       70.037  1003.4
3.5550        -4637.270    -4707.176       69.906  1001.5
3.5600        -4637.011    -4708.127       71.116  1018.8
3.5650        -4636.773    -4708.584       71.810  1028.8
3.5700        -4636.563    -4707.318       70.755  1013.7
3.5750        -4636.374    -4707.007       70.633  1011.9
3.5800        -4636.194    -4709.051       72.857  1043.8
3.5850        -4636.061    -4710.035       73.974  1059.8
3.5900        -4636.002    -4707.749       71.747  1027.9
3.5950        -4635.979    -4704.321       68.343   979.1
3.6000        -4635.930    -4703.115       67.185   962.5
3.6050        -4635.825    -4703.966       68.141   976.2
3.6100        -4635.666    -4706.055       70.389  1008.4
3.6150        -4635.479    -4708.239       72.760  1042.4
3.6200        -4635.313    -4708.872       73.559  1053.9
3.6250        -4635.179    -4705.291       70.112  1004.5
3.6300        -4635.037    -4702.152       67.115   961.5
3.6350        -4634.813    -4702.011       67.198   962.7
3.6400        -4634.478    -4702.654       68.176   976.7
3.6450        -4634.037    -4703.881       69.844  1000.6
3.6500        -4633.507    -4704.872       71.365  1022.4
3.6550        -4632.928    -4706.430       73.502  1053.0
3.6600        -4632.364    -4709.037       76.673  1098.5
3.6650        -4631.889    -4707.339       75.450  1080.9
3.6700        -4631.532    -4705.643       74.112  1061.8
3.6750        -4631.258    -4706.603       75.345  1079.4
3.6800        -4631.087    -4707.917       76.830  1100.7
3.6850        -4631.064    -4707.479       76.415  1094.8
3.6900        -4631.192    -4707.443       76.251  1092.4
3.6950        -4631.463    -4706.450       74.987  1074.3
3.7000        -4631.842    -4704.240       72.398  1037.2
3.7050        -4632.301    -4704.854       72.553  1039.4
3.7100        -4632.840    -4705.544       72.704  1041.6
3.7150        -4633.430    -4704.261       70.831  1014.8
3.7200        -4634.040    -4704.110       70.070  1003.9
3.7250        -4634.646    -4704.977       70.330  1007.6
3.7300        -4635.245    -4706.359       71.114  1018.8
3.7350        -4635.842    -4707.661       71.819  1028.9
3.7400        -4636.445    -4708.113       71.668  1026.8
3.7450        -4637.013    -4705.937       68.924   987.4
3.7500        -4637.495    -4704.541       67.046   960.5
3.7550        -4637.882    -4705.963       68.081   975.4
3.7600        -4638.206    -4707.903       69.698   998.5
3.7650        -4638.495    -4707.885       69.390   994.1
3.7700        -4638.743    -4706.823       68.080   975.4
3.7750        -4638.935    -4706.523       67.588   968.3
3.7800        -4639.078    -4707.202       68.125   976.0
3.7850        -4639.177    -4707.235       68.057   975.0
3.7900        -4639.239    -4707.372       68.134   976.1
3.7950        -4639.267    -4708.593       69.325   993.2
3.8000        -4639.288    -4709.848       70.560  1010.9
3.8050        -4639.319    -4709.831       70.512  1010.2
3.8100        -4639.358    -4707.931       68.573   982.4
3.8150        -4639.368    -4706.683       67.315   964.4
3.8200        -4639.346    -4708.889       69.543   996.3
3.8250        -4639.307    -4708.746       69.439   994.8
3.8300        -4639.256    -4706.598       67.342   964.8
3.8350        -4639.170    -4707.419       68.249   977.8
3.8400        -4639.044    -4708.453       69.409   994.4
3.8450        -4638.894    -4706.974       68.080   975.3
3.8500        -4638.707    -4707.083       68.376   979.6
3.8550        -4638.474    -4707.990       69.517   995.9
3.8600        -4638.202    -4707.337       69.135   990.5
3.8650        -4637.890    -4707.542       69.653   997.9
3.8700        -4637.532    -4708.993       71.461  1023.8
3.8750        -4637.143    -4707.543       70.400  1008.6
3.8800        -4636.718    -4705.165       68.447   980.6
3.8850        -4636.214    -4706.608       70.394  1008.5
3.8900        -4635.622    -4707.899       72.278  1035.5
3.8950        -4634.993    -4706.370       71.377  1022.6
3.9000        -4634.332    -4705.474       71.141  1019.2
3.9050        -4633.631    -4706.495       72.864  1043.9
3.9100        -4632.924    -4708.635       75.712  1084.7
3.9150        -4632.289    -4709.203       76.914  1101.9
3.9200        -4631.784    -4707.763       75.979  1088.5
3.9250        -4631.410    -4705.458       74.048  1060.8
3.9300        -4631.127    -4703.721       72.594  1040.0
3.9350        -4630.903    -4704.168       73.265  1049.6
3.9400        -4630.740    -4703.911       73.171  1048.3
3.9450        -4630.637    -4702.615       71.977  1031.2
3.9500        -4630.579    -4702.049       71.470  1023.9
3.9550        -4630.552    -4702.042       71.490  1024.2
3.9600        -4630.561    -4703.022       72.462  1038.1
3.9650        -4630.626    -4702.549       71.923  1030.4
3.9700        -4630.739    -4699.996       69.257   992.2
3.9750        -4630.875    -4701.165       70.290  1007.0
3.9800        -4631.067    -4705.257       74.190  1062.9
3.9850        -4631.404    -4706.512       75.109  1076.1
3.9900        -4631.936    -4705.290       73.354  1050.9
3.9950        -4632.656    -4705.573       72.916  1044.6
4.0000        -4633.581    -4707.345       73.764  1056.8
4.0050        -4634.675    -4708.006       73.331  1050.6
4.0100        -4635.850    -4708.445       72.595  1040.0
4.0150        -4636.958    -4706.935       69.977  1002.5
4.0200        -4637.866    -4704.621       66.755   956.4
4.0250        -4638.520    -4703.016       64.496   924.0
4.0300        -4638.966    -4705.090       66.124   947.3
4.0350        -4639.287    -4708.892       69.605   997.2
4.0400        -4639.560    -4710.554       70.994  1017.1
4.0450        -4639.824    -4710.160       70.336  1007.7
4.0500        -4640.070    -4710.398       70.328  1007.6
4.0550        -4640.313    -4711.600       71.288  1021.3
4.0600        -4640.568    -4711.775       71.207  1020.2
4.0650        -4640.836    -4710.726       69.891  1001.3
4.0700        -4641.085    -4709.221       68.136   976.2
4.0750        -4641.306    -4710.472       69.166   990.9
4.0800        -4641.512    -4711.381       69.869  1001.0
4.0850        -4641.710    -4709.950       68.240   977.6
4.0900        -4641.881    -4710.053       68.173   976.7
4.0950        -4642.022    -4709.960       67.938   973.3
4.1000        -4642.115    -4707.574       65.459   937.8
4.1050        -4642.136    -4707.946       65.810   942.8
4.1100        -4642.090    -4710.670       68.581   982.5
4.1150        -4642.002    -4710.793       68.791   985.5
4.1200        -4641.895    -4710.775       68.880   986.8
4.1250        -4641.758    -4709.739       67.981   973.9
4.1300        -4641.578    -4708.076       66.498   952.7
4.1350        -4641.339    -4710.243       68.904   987.2
4.1400        -4641.052    -4711.461       70.409  1008.7
4.1450        -4640.749    -4709.145       68.396   979.9
4.1500        -4640.416    -4709.069       68.653   983.6
4.1550        -4640.039    -4710.504       70.465  1009.5
4.1600        -4639.640    -4708.133       68.493   981.3
4.1650        -4639.215    -4706.148       66.933   958.9
4.1700        -4638.723    -4706.589       67.867   972.3
4.1750        -4638.164    -4706.521       68.357   979.3
4.1800        -4637.569    -4708.735       71.165  1019.6
4.1850        -4636.980    -4711.106       74.127  1062.0
4.1900        -4636.475    -4708.469       71.993  1031.4
4.1950        -4636.047    -4705.656       69.609   997.3
4.2000        -4635.655    -4708.011       72.356  1036.6
4.2050        -4635.309    -4707.437       72.128  1033.3
4.2100        -4635.025    -4704.179       69.154   990.7
4.2150        -4634.758    -4703.507       68.749   984.9
4.2200        -4634.479    -4705.059       70.581  1011.2
4.2250        -4634.227    -4708.192       73.965  1059.7
4.2300        -4634.057    -4708.090       74.034  1060.7
4.2350        -4633.975    -4705.747       71.772  1028.2
4.2400        -4633.942    -4704.873       70.931  1016.2
4.2450        -4633.949    -4708.430       74.480  1067.0
4.2500        -4634.053    -4709.918       75.865  1086.9
4.2550        -4634.260    -4706.390       72.130  1033.4
4.2600        -4634.504    -4703.036       68.532   981.8
4.2650        -4634.720    -4702.958       68.238   977.6
4.2700        -4634.914    -4705.034       70.120  1004.6
4.2750        -4635.111    -4706.430       71.319  1021.8
4.2800        -4635.343    -4708.189       72.847  1043.6
4.2850        -4635.651    -4709.587       73.936  1059.3
4.2900        -4636.040    -4708.123       72.084  1032.7
4.2950        -4636.472    -4707.118       70.645  1012.1
4.3000        -4636.936    -4708.328       71.392  1022.8
4.3050        -4637.443    -4709.108       71.665  1026.7
4.3100        -4637.986    -4708.900       70.915  1016.0
4.3150        -4638.546    -4709.758       71.212  1020.2
4.3200        -4639.127    -4710.494       71.366  1022.4
4.3250        -4639.692    -4709.006       69.314   993.0
4.3300        -4640.191    -4708.519       68.328   978.9
4.3350        -4640.607    -4710.024       69.417   994.5
4.3400        -4640.943    -4710.127       69.184   991.2
4.3450        -4641.201    -4709.894       68.694   984.1
4.3500        -4641.380    -4710.271       68.892   987.0
4.3550        -4641.495    -4709.648       68.154   976.4
4.3600        -4641.543    -4707.612       66.069   946.5
4.3650        -4641.520    -4707.526       66.007   945.6
4.3700        -4641.448    -4710.260       68.812   985.8
4.3750        -4641.363    -4711.883       70.520  1010.3
4.3800        -4641.297    -4710.790       69.493   995.6
4.3850        -4641.237    -4708.735       67.498   967.0
4.3900        -4641.140    -4707.866       66.726   956.0
4.3950        -4640.997    -4708.297       67.300   964.2
4.4000        -4640.810    -4708.848       68.038   974.8
4.4050        -4640.594    -4709.338       68.744   984.9
4.4100        -4640.357    -4707.540       67.183   962.5
4.4150        -4640.076    -4705.996       65.920   944.4
4.4200        -4639.735    -4709.162       69.427   994.7
4.4250        -4639.364    -4711.270       71.907  1030.2
4.4300        -4639.024    -4709.042       70.018  1003.1
4.4350        -4638.704    -4707.469       68.765   985.2
4.4400        -4638.374    -4708.187       69.813  1000.2
4.4450        -4638.034    -4708.770       70.735  1013.4
4.4500        -4637.705    -4706.795       69.090   989.8
4.4550        -4637.371    -4706.831       69.461   995.1
4.4600        -4637.034    -4709.604       72.570  1039.7
4.4650        -4636.734    -4710.579       73.845  1057.9
4.4700        -4636.516    -4709.362       72.846  1043.6
4.4750        -4636.362    -4707.151       70.789  1014.2
4.4800        -4636.227    -4703.838       67.611   968.6
4.4850        -4636.058    -4703.545       67.487   966.9
4.4900        -4635.840    -4704.523       68.683   984.0
4.4950        -4635.580    -4702.649       67.069   960.9
4.5000        -4635.264    -4700.874       65.610   940.0
4.5050        -4634.863    -4702.325       67.463   966.5
4.5100        -4634.389    -4705.094       70.705  1013.0
4.5150        -4633.899    -4706.249       72.350  1036.5
4.5200        -4633.441    -4704.581       71.139  1019.2
4.5250        -4633.016    -4702.580       69.565   996.6
4.5300        -4632.592    -4703.017       70.425  1008.9
4.5350        -4632.172    -4704.692       72.520  1039.0
4.5400        -4631.796    -4703.867       72.072  1032.5
4.5450        -4631.472    -4702.975       71.504  1024.4
4.5500        -4631.192    -4704.310       73.118  1047.5
4.5550        -4630.968    -4705.100       74.131  1062.0
4.5600        -4630.837    -4704.746       73.910  1058.9
4.5650        -4630.786    -4704.038       73.253  1049.5
4.5700        -4630.811    -4704.674       73.863  1058.2
4.5750        -4630.927    -4704.983       74.055  1061.0
4.5800        -4631.137    -4704.458       73.321  1050.4
4.5850        -4631.452    -4706.155       74.704  1070.2
4.5900        -4631.909    -4706.093       74.184  1062.8
4.5950        -4632.486    -4704.094       71.609  1025.9
4.6000        -4633.160    -4704.129       70.970  1016.7
4.6050        -4633.908    -4704.528       70.620  1011.7
4.6100        -4634.729    -4705.948       71.219  1020.3
4.6150        -4635.604    -4706.694       71.090  1018.5
4.6200        -4636.465    -4706.395       69.930  1001.9
4.6250        -4637.261    -4707.783       70.523  1010.3
4.6300        -4637.972    -4709.677       71.706  1027.3
4.6350        -4638.601    -4711.332       72.730  1042.0
4.6400        -4639.140    -4711.208       72.068  1032.5
4.6450        -4639.572    -4709.340       69.768   999.5
4.6500        -4639.874    -4706.447       66.574   953.8
4.6550        -4640.063    -4708.390       68.327   978.9
4.6600        -4640.196    -4711.987       71.791  1028.5
4.6650        -4640.335    -4711.097       70.761  1013.8
4.6700        -4640.470    -4709.096       68.626   983.2
4.6750        -4640.570    -4708.801       68.232   977.5
4.6800        -4640.635    -4708.768       68.132   976.1
4.6850        -4640.657    -4707.864       67.207   962.8
4.6900        -4640.635    -4707.287       66.651   954.9
4.6950        -4640.553    -4706.710       66.156   947.8
4.7000        -4640.404    -4707.479       67.075   961.0
4.7050        -4640.197    -4707.431       67.233   963.2
4.7100        -4639.942    -4707.240       67.298   964.2
4.7150        -4639.639    -4707.814       68.174   976.7
4.7200        -4639.295    -4707.425       68.130   976.1
4.7250        -4638.914    -4707.096       68.183   976.8
4.7300        -4638.501    -4707.011       68.511   981.5
4.7350        -4638.060    -4706.454       68.395   979.9
4.7400        -4637.595    -4705.411       67.816   971.6
4.7450        -4637.102    -4706.241       69.139   990.5
4.7500        -4636.593    -4707.142       70.549  1010.7
4.7550        -4636.114    -4708.957       72.842  1043.6
4.7600        -4635.698    -4710.279       74.581  1068.5
4.7650        -4635.390    -4709.051       73.661  1055.3
4.7700        -4635.177    -4708.764       73.587  1054.2
4.7750        -4635.052    -4710.020       74.968  1074.0
4.7800        -4635.031    -4708.799       73.768  1056.8
4.7850        -4635.091    -4707.591       72.500  1038.7
4.7900        -4635.212    -4707.265       72.052  1032.3
4.7950        -4635.376    -4706.825       71.450  1023.6
4.8000        -4635.584    -4707.545       71.961  1031.0
4.8050        -4635.839    -4707.674       71.834  1029.1
4.8100        -4636.145    -4707.054       70.909  1015.9
4.8150        -4636.471    -4705.481       69.010   988.7
4.8200        -4636.793    -4705.271       68.478   981.1
4.8250        -4637.100    -4705.718       68.618   983.1
4.8300        -4637.402    -4706.820       69.418   994.5
4.8350        -4637.720    -4708.478       70.758  1013.7
4.8400        -4638.076    -4708.677       70.600  1011.5
4.8450        -4638.465    -4708.478       70.013  1003.0
4.8500        -4638.896    -4710.284       71.389  1022.8
4.8550        -4639.388    -4710.107       70.719  1013.2
4.8600        -4639.907    -4707.787       67.880   972.5
4.8650        -4640.413    -4708.023       67.610   968.6
4.8700        -4640.914    -4710.056       69.141   990.6
4.8750        -4641.433    -4711.746       70.313  1007.4
4.8800        -4641.981    -4711.800       69.819  1000.3
4.8850        -4642.526    -4709.949       67.422   965.9
4.8900        -4643.015    -4708.190       65.175   933.7
4.8950        -4643.412    -4707.916       64.504   924.1
4.9000        -4643.713    -4708.861       65.148   933.3
4.9050        -4643.929    -4709.186       65.257   934.9
4.9100        -4644.055    -4708.849       64.794   928.3
4.9150        -4644.091    -4709.636       65.545   939.0
4.9200        -4644.050    -4711.816       67.765   970.8
4.9250        -4643.969    -4713.745       69.776   999.7
4.9300        -4643.866    -4712.562       68.696   984.2
4.9350        -4643.736    -4711.156       67.420   965.9
4.9400        -4643.540    -4710.454       66.914   958.6
4.9450        -4643.253    -4710.345       67.091   961.2
4.9500        -4642.840    -4709.691       66.851   957.7
4.9550        -4642.251    -4708.188       65.936   944.6
4.9600        -4641.425    -4708.834       67.408   965.7
4.9650        -4640.315    -4711.007       70.691  1012.8
4.9700        -4639.034    -4709.816       70.782  1014.1
4.9750        -4637.782    -4707.081       69.299   992.8
4.9800        -4636.673    -4706.324       69.651   997.9
4.9850        -4635.761    -4706.435       70.674  1012.5
4.9900        -4635.068    -4708.378       73.311  1050.3
4.9950        -4634.586    -4708.953       74.367  1065.4
5.0000        -4634.295    -4709.371       75.076  1075.6
Time[ps]      Etot[eV]     Epot[eV]     Ekin[eV]    T[K]
0.0000        -4687.783    -4759.425       71.642  1026.4
0.0050        -4687.767    -4746.876       59.108   846.8
0.0100        -4687.600    -4726.368       38.768   555.4
0.0150        -4687.211    -4717.995       30.784   441.0
0.0200        -4686.551    -4716.824       30.273   433.7
0.0250        -4685.726    -4716.437       30.711   440.0
0.0300        -4684.933    -4717.364       32.431   464.6
0.0350        -4684.192    -4717.698       33.506   480.0
0.0400        -4683.438    -4717.878       34.440   493.4
0.0450        -4682.574    -4719.456       36.882   528.4
0.0500        -4681.585    -4719.025       37.440   536.4
0.0550        -4680.539    -4717.480       36.941   529.2
0.0600        -4679.443    -4717.813       38.370   549.7
0.0650        -4678.288    -4717.548       39.261   562.5
0.0700        -4677.113    -4716.392       39.279   562.7
0.0750        -4675.913    -4716.120       40.207   576.0
0.0800        -4674.669    -4716.039       41.369   592.7
0.0850        -4673.387    -4715.661       42.274   605.6
0.0900        -4672.069    -4715.655       43.586   624.4
0.0950        -4670.707    -4715.761       45.054   645.5
0.1000        -4669.314    -4715.340       46.026   659.4
0.1050        -4667.903    -4714.552       46.649   668.3
0.1100        -4666.485    -4713.059       46.574   667.3
0.1150        -4665.071    -4710.921       45.850   656.9
0.1200        -4663.647    -4710.465       46.818   670.7
0.1250        -4662.163    -4711.596       49.434   708.2
0.1300        -4660.634    -4711.508       50.874   728.8
0.1350        -4659.110    -4709.750       50.640   725.5
0.1400        -4657.607    -4708.342       50.735   726.9
0.1450        -4656.078    -4708.486       52.408   750.8
0.1500        -4654.501    -4709.639       55.138   789.9
0.1550        -4652.893    -4710.158       57.266   820.4
0.1600        -4651.316    -4707.533       56.217   805.4
0.1650        -4649.811    -4703.639       53.828   771.2
0.1700        -4648.311    -4703.256       54.945   787.2
0.1750        -4646.748    -4704.409       57.661   826.1
0.1800        -4645.161    -4703.736       58.575   839.2
0.1850        -4643.601    -4701.990       58.389   836.5
0.1900        -4642.061    -4701.171       59.110   846.8
0.1950        -4640.517    -4700.468       59.951   858.9
0.2000        -4638.972    -4701.043       62.071   889.3
0.2050        -4637.404    -4702.896       65.492   938.3
0.2100        -4635.870    -4701.560       65.691   941.1
0.2150        -4634.423    -4699.593       65.170   933.7
0.2200        -4633.018    -4699.405       66.387   951.1
0.2250        -4631.639    -4698.611       66.971   959.5
0.2300        -4630.307    -4697.329       67.022   960.2
0.2350        -4629.026    -4694.948       65.923   944.4
0.2400        -4627.767    -4695.338       67.572   968.1
0.2450        -4626.507    -4696.078       69.571   996.7
0.2500        -4625.299    -4693.074       67.775   971.0
0.2550        -4624.158    -4691.371       67.214   962.9
0.2600        -4623.016    -4692.201       69.186   991.2
0.2650        -4621.887    -4691.893       70.006  1002.9
0.2700        -4620.810    -4691.783       70.973  1016.8
0.2750        -4619.774    -4693.819       74.045  1060.8
0.2800        -4618.823    -4693.300       74.478  1067.0
0.2850        -4618.000    -4691.307       73.307  1050.2
0.2900        -4617.280    -4691.582       74.302  1064.5
0.2950        -4616.657    -4693.923       77.265  1106.9
0.3000        -4616.177    -4694.440       78.263  1121.2
0.3050        -4615.882    -4694.303       78.421  1123.5
0.3100        -4615.782    -4693.959       78.176  1120.0
0.3150        -4615.865    -4692.683       76.818  1100.5
0.3200        -4616.108    -4692.957       76.848  1101.0
0.3250        -4616.495    -4691.464       74.969  1074.0
0.3300        -4616.987    -4691.560       74.573  1068.4
0.3350        -4617.607    -4694.503       76.896  1101.7
0.3400        -4618.363    -4693.425       75.062  1075.4
0.3450        -4619.177    -4690.311       71.134  1019.1
0.3500        -4619.990    -4691.956       71.967  1031.0
0.3550        -4620.870    -4696.087       75.217  1077.6
0.3600        -4621.846    -4696.465       74.620  1069.0
0.3650        -4622.856    -4694.895       72.039  1032.1
0.3700        -4623.879    -4696.581       72.702  1041.6
0.3750        -4624.928    -4697.773       72.845  1043.6
0.3800        -4625.975    -4697.129       71.153  1019.4
0.3850        -4627.003    -4697.892       70.889  1015.6
0.3900        -4628.008    -4698.584       70.576  1011.1
0.3950        -4628.962    -4697.372       68.410   980.1
0.4000        -4629.839    -4697.490       67.651   969.2
0.4050        -4630.649    -4698.255       67.606   968.6
0.4100        -4631.376    -4697.305       65.928   944.5
0.4150        -4632.005    -4698.206       66.201   948.4
0.4200        -4632.590    -4701.938       69.348   993.5
0.4250        -4633.158    -4702.018       68.860   986.5
0.4300        -4633.690    -4701.990       68.300   978.5
0.4350        -4634.208    -4703.984       69.775   999.6
0.4400        -4634.707    -4702.482       67.775   971.0
0.4450        -4635.143    -4700.715       65.572   939.4
0.4500        -4635.512    -4703.451       67.939   973.3
0.4550        -4635.856    -4705.371       69.516   995.9
0.4600        -4636.175    -4703.232       67.057   960.7
0.4650        -4636.446    -4703.754       67.308   964.3
0.4700        -4636.681    -4705.678       68.997   988.5
0.4750        -4636.894    -4705.469       68.575   982.4
0.4800        -4637.079    -4704.002       66.923   958.8
0.4850        -4637.201    -4702.376       65.175   933.7
0.4900        -4637.236    -4701.042       63.806   914.1
0.4950        -4637.168    -4701.836       64.668   926.5
0.5000        -4637.004    -4705.023       68.019   974.5
0.5050        -4636.794    -4707.144       70.351  1007.9
0.5100        -4636.580    -4706.003       69.423   994.6
0.5150        -4636.368    -4706.262       69.894  1001.3
0.5200        -4636.154    -4706.630       70.476  1009.7
0.5250        -4635.944    -4704.123       68.180   976.8
0.5300        -4635.721    -4703.713       67.992   974.1
0.5350        -4635.460    -4705.431       69.970  1002.4
0.5400        -4635.192    -4706.053       70.860  1015.2
0.5450        -4634.940    -4704.704       69.764   999.5
0.5500        -4634.686    -4704.209       69.523   996.0
0.5550        -4634.435    -4704.767       70.332  1007.6
0.5600        -4634.185    -4703.601       69.416   994.5
0.5650        -4633.928    -4703.209       69.281   992.6
0.5700        -4633.667    -4704.784       71.117  1018.9
0.5750        -4633.424    -4703.993       70.569  1011.0
0.5800        -4633.190    -4700.655       67.465   966.5
0.5850        -4632.929    -4700.117       67.188   962.6
0.5900        -4632.615    -4702.140       69.525   996.1
0.5950        -4632.281    -4702.134       69.853  1000.8
0.6000        -4631.947    -4700.998       69.052   989.3
0.6050        -4631.610    -4701.381       69.771   999.6
0.6100        -4631.259    -4698.662       67.403   965.7
0.6150        -4630.877    -4696.948       66.071   946.6
0.6200        -4630.435    -4699.376       68.941   987.7
0.6250        -4629.958    -4699.922       69.964  1002.4
0.6300        -4629.477    -4697.942       68.465   980.9
0.6350        -4628.986    -4698.416       69.430   994.7
0.6400        -4628.481    -4699.004       70.523  1010.3
0.6450        -4627.990    -4697.182       69.193   991.3
0.6500        -4627.500    -4694.904       67.404   965.7
0.6550        -4626.988    -4695.754       68.766   985.2
0.6600        -4626.438    -4697.760       71.321  1021.8
0.6650        -4625.905    -4699.348       73.443  1052.2
0.6700        -4625.442    -4700.709       75.267  1078.3
0.6750        -4625.084    -4699.787       74.703  1070.2
0.6800        -4624.841    -4698.889       74.048  1060.8
0.6850        -4624.682    -4697.306       72.624  1040.5
0.6900        -4624.592    -4697.270       72.678  1041.2
0.6950        -4624.563    -4698.362       73.799  1057.3
0.7000        -4624.609    -4697.198       72.588  1039.9
0.7050        -4624.721    -4697.559       72.837  1043.5
0.7100        -4624.900    -4698.821       73.921  1059.0
0.7150        -4625.160    -4699.239       74.079  1061.3
0.7200        -4625.519    -4699.529       74.009  1060.3
0.7250        -4625.960    -4699.341       73.382  1051.3
0.7300        -4626.476    -4699.168       72.692  1041.4
0.7350        -4627.033    -4698.010       70.977  1016.9
0.7400        -4627.607    -4698.811       71.205  1020.1
0.7450        -4628.216    -4700.866       72.650  1040.8
0.7500        -4628.869    -4701.196       72.328  1036.2
0.7550        -4629.556    -4700.952       71.396  1022.9
0.7600        -4630.246    -4700.258       70.012  1003.0
0.7650        -4630.913    -4699.889       68.976   988.2
0.7700        -4631.540    -4700.105       68.565   982.3
0.7750        -4632.138    -4702.339       70.201  1005.7
0.7800        -4632.750    -4704.826       72.075  1032.6
0.7850        -4633.391    -4704.131       70.740  1013.5
0.7900        -4634.007    -4702.216       68.209   977.2
0.7950        -4634.592    -4703.833       69.240   992.0
0.8000        -4635.155    -4704.001       68.846   986.3
0.8050        -4635.660    -4701.493       65.833   943.2
0.8100        -4636.079    -4701.565       65.486   938.2
0.8150        -4636.423    -4702.935       66.512   952.9
0.8200        -4636.691    -4701.682       64.991   931.1
0.8250        -4636.871    -4701.731       64.860   929.2
0.8300        -4636.965    -4703.564       66.599   954.1
0.8350        -4636.993    -4704.442       67.448   966.3
0.8400        -4636.984    -4706.734       69.750   999.3
0.8450        -4636.974    -4708.326       71.352  1022.2
0.8500        -4636.980    -4705.789       68.809   985.8
0.8550        -4636.973    -4704.819       67.846   972.0
0.8600        -4636.942    -4707.391       70.450  1009.3
0.8650        -4636.905    -4705.980       69.076   989.6
0.8700        -4636.857    -4703.191       66.334   950.3
0.8750        -4636.750    -4702.398       65.648   940.5
0.8800        -4636.562    -4701.859       65.297   935.5
0.8850        -4636.287    -4702.202       65.916   944.3
0.8900        -4635.931    -4705.353       69.422   994.6
0.8950        -4635.556    -4710.576       75.020  1074.8
0.9000        -4635.254    -4709.772       74.518  1067.6
0.9050        -4635.054    -4705.585       70.531  1010.5
0.9100        -4634.884    -4703.027       68.143   976.3
0.9150        -4634.686    -4702.485       67.799   971.3
0.9200        -4634.450    -4704.864       70.413  1008.8
0.9250        -4634.220    -4707.351       73.131  1047.7
0.9300        -4634.040    -4705.217       71.177  1019.7
0.9350        -4633.893    -4703.902       70.009  1003.0
0.9400        -4633.753    -4704.021       70.268  1006.7
0.9450        -4633.615    -4702.105       68.490   981.2
0.9500        -4633.459    -4701.850       68.391   979.8
0.9550        -4633.274    -4702.014       68.740   984.8
0.9600        -4633.060    -4700.260       67.199   962.7
0.9650        -4632.804    -4701.421       68.617   983.0
0.9700        -4632.515    -4703.916       71.401  1022.9
0.9750        -4632.243    -4704.983       72.740  1042.1
0.9800        -4632.024    -4704.223       72.199  1034.4
0.9850        -4631.857    -4703.274       71.417  1023.2
0.9900        -4631.719    -4702.461       70.741  1013.5
0.9950        -4631.608    -4702.695       71.087  1018.4
1.0000        -4631.519    -4702.808       71.289  1021.3
1.0050        -4631.452    -4702.064       70.611  1011.6
1.0100        -4631.411    -4702.694       71.283  1021.2
1.0150        -4631.392    -4701.323       69.931  1001.9
1.0200        -4631.378    -4700.108       68.730   984.7
1.0250        -4631.349    -4701.712       70.364  1008.1
1.0300        -4631.329    -4704.239       72.910  1044.6
1.0350        -4631.378    -4705.946       74.569  1068.3
1.0400        -4631.518    -4704.575       73.057  1046.7
1.0450        -4631.723    -4702.449       70.726  1013.3
1.0500        -4631.950    -4701.570       69.620   997.4
1.0550        -4632.172    -4701.112       68.941   987.7
1.0600        -4632.382    -4701.627       69.245   992.0
1.0650        -4632.581    -4702.055       69.474   995.3
1.0700        -4632.785    -4704.058       71.273  1021.1
1.0750        -4633.025    -4704.858       71.834  1029.1
1.0800        -4633.296    -4704.185       70.889  1015.6
1.0850        -4633.620    -4706.993       73.373  1051.2
1.0900        -4634.005    -4705.301       71.295  1021.4
1.0950        -4634.396    -4701.826       67.430   966.0
1.1000        -4634.752    -4704.239       69.487   995.5
1.1050        -4635.130    -4708.627       73.497  1053.0
1.1100        -4635.575    -4708.391       72.815  1043.2
1.1150        -4636.069    -4706.750       70.680  1012.6
1.1200        -4636.559    -4704.891       68.332   979.0
1.1250        -4637.001    -4704.708       67.707   970.0
1.1300        -4637.416    -4707.022       69.606   997.2
1.1350        -4637.807    -4706.294       68.487   981.2
1.1400        -4638.153    -4704.118       65.965   945.0
1.1450        -4638.432    -4705.825       67.393   965.5
1.1500        -4638.668    -4707.756       69.088   989.8
1.1550        -4638.878    -4707.020       68.142   976.2
1.1600        -4639.068    -4708.433       69.365   993.8
1.1650        -4639.260    -4710.158       70.898  1015.7
1.1700        -4639.458    -4707.126       67.668   969.5
1.1750        -4639.611    -4703.584       63.973   916.5
1.1800        -4639.662    -4703.806       64.144   919.0
1.1850        -4639.611    -4704.296       64.685   926.7
1.1900        -4639.458    -4704.904       65.446   937.6
1.1950        -4639.214    -4706.321       67.107   961.4
1.2000        -4638.904    -4707.000       68.096   975.6
1.2050        -4638.548    -4706.034       67.486   966.8
1.2100        -4638.148    -4705.123       66.975   959.5
1.2150        -4637.690    -4704.785       67.095   961.2
1.2200        -4637.177    -4704.320       67.143   961.9
1.2250        -4636.616    -4703.681       67.065   960.8
1.2300        -4636.021    -4704.125       68.104   975.7
1.2350        -4635.403    -4706.128       70.725  1013.2
1.2400        -4634.819    -4706.861       72.041  1032.1
1.2450        -4634.312    -4704.659       70.347  1007.8
1.2500        -4633.860    -4702.291       68.431   980.4
1.2550        -4633.427    -4704.003       70.575  1011.1
1.2600        -4633.023    -4706.867       73.844  1057.9
1.2650        -4632.704    -4706.973       74.269  1064.0
1.2700        -4632.496    -4706.815       74.319  1064.7
1.2750        -4632.395    -4706.273       73.879  1058.4
1.2800        -4632.369    -4703.311       70.942  1016.4
1.2850        -4632.379    -4702.843       70.463  1009.5
1.2900        -4632.412    -4704.895       72.482  1038.4
1.2950        -4632.492    -4705.372       72.880  1044.1
1.3000        -4632.642    -4706.412       73.770  1056.9
1.3050        -4632.882    -4706.900       74.018  1060.4
1.3100        -4633.204    -4705.615       72.411  1037.4
1.3150        -4633.594    -4706.181       72.586  1039.9
1.3200        -4634.056    -4707.288       73.232  1049.2
1.3250        -4634.588    -4705.455       70.867  1015.3
1.3300        -4635.115    -4703.299       68.184   976.8
1.3350        -4635.605    -4703.837       68.232   977.5
1.3400        -4636.059    -4705.544       69.485   995.5
1.3450        -4636.503    -4706.255       69.752   999.3
1.3500        -4636.913    -4704.876       67.963   973.7
1.3550        -4637.274    -4705.263       67.989   974.1
1.3600        -4637.596    -4707.517       69.921  1001.7
1.3650        -4637.894    -4707.400       69.506   995.8
1.3700        -4638.179    -4707.889       69.711   998.7
1.3750        -4638.448    -4708.313       69.864  1000.9
1.3800        -4638.689    -4707.096       68.406   980.0
1.3850        -4638.898    -4707.621       68.722   984.6
1.3900        -4639.074    -4708.838       69.764   999.5
1.3950        -4639.239    -4709.057       69.818  1000.2
1.4000        -4639.394    -4708.438       69.043   989.2
1.4050        -4639.521    -4707.610       68.089   975.5
1.4100        -4639.609    -4706.910       67.300   964.2
1.4150        -4639.648    -4707.137       67.490   966.9
1.4200        -4639.643    -4708.172       68.529   981.8
1.4250        -4639.612    -4708.417       68.805   985.7
1.4300        -4639.564    -4707.780       68.215   977.3
1.4350        -4639.482    -4706.006       66.523   953.1
1.4400        -4639.352    -4705.052       65.700   941.3
1.4450        -4639.156    -4705.935       66.779   956.7
1.4500        -4638.911    -4706.553       67.642   969.1
1.4550        -4638.643    -4707.113       68.470   980.9
1.4600        -4638.368    -4707.848       69.480   995.4
1.4650        -4638.111    -4707.223       69.111   990.1
1.4700        -4637.872    -4706.505       68.633   983.3
1.4750        -4637.644    -4706.416       68.772   985.3
1.4800        -4637.437    -4707.899       70.462  1009.5
1.4850        -4637.268    -4707.399       70.131  1004.7
1.4900        -4637.140    -4705.509       68.369   979.5
1.4950        -4637.018    -4706.170       69.152   990.7
1.5000        -4636.911    -4707.677       70.766  1013.8
1.5050        -4636.833    -4706.194       69.360   993.7
1.5100        -4636.764    -4703.880       67.116   961.5
1.5150        -4636.668    -4705.396       68.728   984.6
1.5200        -4636.566    -4707.037       70.471  1009.6
1.5250        -4636.483    -4706.957       70.474  1009.6
1.5300        -4636.424    -4706.732       70.308  1007.3
1.5350        -4636.380    -4706.291       69.911  1001.6
1.5400        -4636.344    -4706.813       70.469  1009.6
1.5450        -4636.325    -4708.707       72.382  1037.0
1.5500        -4636.355    -4708.899       72.544  1039.3
1.5550        -4636.434    -4707.907       71.473  1024.0
1.5600        -4636.548    -4706.544       69.996  1002.8
1.5650        -4636.664    -4704.797       68.133   976.1
1.5700        -4636.739    -4702.974       66.235   948.9
1.5750        -4636.755    -4703.801       67.047   960.5
1.5800        -4636.718    -4706.564       69.846  1000.7
1.5850        -4636.679    -4708.250       71.571  1025.4
1.5900        -4636.664    -4707.502       70.838  1014.9
1.5950        -4636.676    -4707.788       71.112  1018.8
1.6000        -4636.726    -4709.811       73.085  1047.1
1.6050        -4636.844    -4709.389       72.546  1039.3
1.6100        -4637.011    -4706.675       69.664   998.0
1.6150        -4637.200    -4706.151       68.951   987.8
1.6200        -4637.389    -4706.733       69.344   993.5
1.6250        -4637.583    -4706.599       69.015   988.8
1.6300        -4637.780    -4705.688       67.908   972.9
1.6350        -4637.961    -4706.274       68.313   978.7
1.6400        -4638.148    -4708.446       70.298  1007.1
1.6450        -4638.358    -4707.725       69.367   993.8
1.6500        -4638.575    -4705.442       66.866   958.0
1.6550        -4638.770    -4705.592       66.822   957.3
1.6600        -4638.937    -4706.998       68.061   975.1
1.6650        -4639.083    -4707.639       68.556   982.2
1.6700        -4639.235    -4707.949       68.714   984.4
1.6750        -4639.384    -4707.636       68.253   977.8
1.6800        -4639.518    -4707.103       67.585   968.3
1.6850        -4639.630    -4707.339       67.708   970.0
1.6900        -4639.719    -4708.616       68.897   987.1
1.6950        -4639.804    -4709.605       69.800  1000.0
1.7000        -4639.894    -4708.983       69.089   989.8
1.7050        -4639.992    -4710.221       70.230  1006.2
1.7100        -4640.113    -4711.883       71.770  1028.2
1.7150        -4640.282    -4710.641       70.359  1008.0
1.7200        -4640.474    -4709.206       68.731   984.7
1.7250        -4640.678    -4710.270       69.593   997.0
1.7300        -4640.894    -4710.151       69.257   992.2
1.7350        -4641.106    -4707.173       66.067   946.5
1.7400        -4641.256    -4704.992       63.736   913.1
1.7450        -4641.314    -4707.459       66.145   947.6
1.7500        -4641.311    -4710.574       69.264   992.3
1.7550        -4641.285    -4710.343       69.058   989.4
1.7600        -4641.240    -4709.451       68.211   977.2
1.7650        -4641.162    -4709.090       67.928   973.2
1.7700        -4641.042    -4709.236       68.194   977.0
1.7750        -4640.875    -4709.850       68.975   988.2
1.7800        -4640.671    -4710.526       69.855  1000.8
1.7850        -4640.446    -4710.552       70.106  1004.4
1.7900        -4640.214    -4710.718       70.504  1010.1
1.7950        -4639.974    -4709.561       69.588   997.0
1.8000        -4639.710    -4706.524       66.814   957.2
1.8050        -4639.384    -4707.291       67.907   972.9
1.8100        -4638.987    -4708.875       69.889  1001.3
1.8150        -4638.555    -4707.022       68.467   980.9
1.8200        -4638.085    -4706.099       68.014   974.4
1.8250        -4637.561    -4707.263       69.702   998.6
1.8300        -4637.008    -4706.787       69.779   999.7
1.8350        -4636.447    -4707.257       70.810  1014.5
1.8400        -4635.909    -4709.214       73.305  1050.2
1.8450        -4635.426    -4706.736       71.311  1021.6
1.8500        -4635.006    -4706.413       71.407  1023.0
1.8550        -4634.633    -4708.259       73.626  1054.8
1.8600        -4634.334    -4707.811       73.476  1052.7
1.8650        -4634.130    -4708.474       74.344  1065.1
1.8700        -4634.015    -4707.782       73.766  1056.8
1.8750        -4633.981    -4705.841       71.859  1029.5
1.8800        -4634.003    -4705.992       71.989  1031.4
1.8850        -4634.069    -4706.571       72.503  1038.7
1.8900        -4634.185    -4705.342       71.158  1019.4
1.8950        -4634.340    -4706.818       72.478  1038.4
1.9000        -4634.566    -4707.999       73.433  1052.0
1.9050        -4634.854    -4704.805       69.952  1002.2
1.9100        -4635.161    -4703.688       68.528   981.8
1.9150        -4635.466    -4704.882       69.416   994.5
1.9200        -4635.780    -4704.406       68.626   983.2
1.9250        -4636.086    -4703.476       67.389   965.5
1.9300        -4636.382    -4704.613       68.231   977.5
1.9350        -4636.698    -4708.058       71.359  1022.3
1.9400        -4637.092    -4709.439       72.347  1036.5
1.9450        -4637.580    -4707.362       69.783   999.7
1.9500        -4638.134    -4706.954       68.821   986.0
1.9550        -4638.763    -4708.512       69.749   999.3
1.9600        -4639.455    -4706.865       67.410   965.8
1.9650        -4640.147    -4706.032       65.885   943.9
1.9700        -4640.852    -4710.047       69.195   991.3
1.9750        -4641.597    -4712.119       70.521  1010.3
1.9800        -4642.353    -4710.468       68.115   975.9
1.9850        -4643.041    -4709.399       66.358   950.7
1.9900        -4643.611    -4708.703       65.091   932.5
1.9950        -4644.052    -4710.161       66.109   947.1
2.0000        -4644.396    -4712.344       67.948   973.5
2.0050        -4644.660    -4711.750       67.090   961.2
2.0100        -4644.845    -4711.435       66.590   954.0
2.0150        -4644.955    -4712.932       67.977   973.9
2.0200        -4645.012    -4712.952       67.940   973.4
2.0250        -4645.021    -4711.525       66.503   952.8
2.0300        -4644.980    -4711.284       66.304   949.9
2.0350        -4644.883    -4711.639       66.756   956.4
2.0400        -4644.741    -4711.214       66.473   952.3
2.0450        -4644.557    -4710.398       65.842   943.3
2.0500        -4644.332    -4711.228       66.896   958.4
2.0550        -4644.079    -4711.558       67.480   966.8
2.0600        -4643.814    -4710.316       66.503   952.8
2.0650        -4643.526    -4709.469       65.943   944.7
2.0700        -4643.205    -4708.517       65.311   935.7
2.0750        -4642.844    -4709.047       66.202   948.5
2.0800        -4642.457    -4711.943       69.486   995.5
2.0850        -4642.093    -4711.889       69.796   999.9
2.0900        -4641.773    -4709.781       68.008   974.3
2.0950        -4641.465    -4708.322       66.857   957.8
2.1000        -4641.141    -4709.745       68.604   982.9
2.1050        -4640.818    -4711.668       70.849  1015.0
2.1100        -4640.536    -4710.288       69.751   999.3
2.1150        -4640.292    -4710.277       69.985  1002.6
2.1200        -4640.068    -4711.110       71.042  1017.8
2.1250        -4639.875    -4708.311       68.436   980.5
2.1300        -4639.677    -4705.519       65.841   943.3
2.1350        -4639.434    -4707.433       67.999   974.2
2.1400        -4639.158    -4709.642       70.484  1009.8
2.1450        -4638.896    -4709.372       70.477  1009.7
2.1500        -4638.663    -4708.946       70.283  1006.9
2.1550        -4638.444    -4706.771       68.327   978.9
2.1600        -4638.206    -4705.180       66.974   959.5
2.1650        -4637.939    -4708.527       70.588  1011.3
2.1700        -4637.676    -4711.322       73.646  1055.1
2.1750        -4637.483    -4709.587       72.103  1033.0
2.1800        -4637.345    -4706.640       69.296   992.8
2.1850        -4637.199    -4705.024       67.825   971.7
2.1900        -4637.031    -4706.803       69.772   999.6
2.1950        -4636.853    -4708.373       71.520  1024.6
2.2000        -4636.699    -4707.654       70.955  1016.5
2.2050        -4636.567    -4707.144       70.577  1011.1
2.2100        -4636.451    -4707.332       70.881  1015.5
2.2150        -4636.346    -4706.789       70.442  1009.2
2.2200        -4636.246    -4705.451       69.205   991.5
2.2250        -4636.132    -4705.252       69.120   990.3
2.2300        -4635.994    -4706.963       70.968  1016.7
2.2350        -4635.855    -4706.935       71.080  1018.3
2.2400        -4635.714    -4705.446       69.731   999.0
2.2450        -4635.554    -4705.302       69.748   999.2
2.2500        -4635.349    -4704.591       69.242   992.0
2.2550        -4635.089    -4705.337       70.248  1006.4
2.2600        -4634.766    -4705.529       70.763  1013.8
2.2650        -4634.385    -4707.192       72.807  1043.1
2.2700        -4633.965    -4709.183       75.219  1077.6
2.2750        -4633.576    -4708.823       75.247  1078.0
2.2800        -4633.243    -4706.397       73.154  1048.0
2.2850        -4632.950    -4704.686       71.736  1027.7
2.2900        -4632.667    -4704.440       71.773  1028.3
2.2950        -4632.390    -4703.951       71.561  1025.2
2.3000        -4632.127    -4703.616       71.490  1024.2
2.3050        -4631.872    -4703.664       71.791  1028.5
2.3100        -4631.645    -4704.108       72.463  1038.1
2.3150        -4631.448    -4704.188       72.740  1042.1
2.3200        -4631.305    -4705.073       73.768  1056.8
2.3250        -4631.243    -4706.131       74.888  1072.9
2.3300        -4631.269    -4704.194       72.926  1044.8
2.3350        -4631.376    -4704.579       73.203  1048.7
2.3400        -4631.571    -4705.499       73.928  1059.1
2.3450        -4631.843    -4702.289       70.446  1009.2
2.3500        -4632.151    -4702.508       70.357  1008.0
2.3550        -4632.513    -4706.036       73.523  1053.3
2.3600        -4632.966    -4706.441       73.475  1052.6
2.3650        -4633.515    -4706.195       72.680  1041.3
2.3700        -4634.125    -4705.012       70.887  1015.6
2.3750        -4634.749    -4704.040       69.291   992.7
2.3800        -4635.348    -4705.863       70.515  1010.2
2.3850        -4635.991    -4710.962       74.971  1074.1
2.3900        -4636.706    -4710.939       74.233  1063.5
2.3950        -4637.425    -4707.910       70.485  1009.8
2.4000        -4638.061    -4705.499       67.439   966.2
2.4050        -4638.563    -4705.392       66.828   957.4
2.4100        -4638.970    -4707.363       68.394   979.8
2.4150        -4639.295    -4707.488       68.193   977.0
2.4200        -4639.556    -4708.428       68.872   986.7
2.4250        -4639.789    -4710.928       71.139  1019.2
2.4300        -4640.010    -4709.190       69.180   991.1
2.4350        -4640.191    -4706.448       66.258   949.2
2.4400        -4640.302    -4707.805       67.503   967.1
2.4450        -4640.368    -4709.090       68.722   984.5
2.4500        -4640.401    -4708.244       67.844   972.0
2.4550        -4640.397    -4708.063       67.666   969.4
2.4600        -4640.354    -4708.528       68.174   976.7
2.4650        -4640.278    -4709.973       69.695   998.5
2.4700        -4640.210    -4712.716       72.507  1038.8
2.4750        -4640.186    -4711.685       71.499  1024.3
2.4800        -4640.186    -4707.676       67.490   966.9
2.4850        -4640.149    -4706.153       66.004   945.6
2.4900        -4640.041    -4706.303       66.262   949.3
2.4950        -4639.857    -4706.774       66.916   958.7
2.5000        -4639.605    -4707.487       67.881   972.5
2.5050        -4639.293    -4707.632       68.339   979.1
2.5100        -4638.928    -4706.736       67.808   971.5
2.5150        -4638.504    -4706.274       67.770   970.9
2.5200        -4638.006    -4706.788       68.783   985.4
2.5250        -4637.445    -4705.006       67.561   967.9
2.5300        -4636.829    -4703.830       67.002   959.9
2.5350        -4636.144    -4704.181       68.037   974.7
2.5400        -4635.411    -4705.308       69.897  1001.4
2.5450        -4634.692    -4705.454       70.762  1013.8
2.5500        -4634.041    -4705.726       71.685  1027.0
2.5550        -4633.490    -4706.382       72.892  1044.3
2.5600        -4633.064    -4705.911       72.848  1043.7
2.5650        -4632.762    -4705.995       73.234  1049.2
2.5700        -4632.574    -4706.725       74.151  1062.3
2.5750        -4632.499    -4706.880       74.381  1065.6
2.5800        -4632.516    -4705.613       73.097  1047.2
2.5850        -4632.602    -4706.505       73.903  1058.8
2.5900        -4632.767    -4708.787       76.020  1089.1
2.5950        -4633.026    -4708.260       75.234  1077.8
2.6000        -4633.351    -4706.329       72.978  1045.5
2.6050        -4633.685    -4704.235       70.550  1010.7
2.6100        -4633.986    -4702.625       68.639   983.4
2.6150        -4634.237    -4704.110       69.873  1001.0
2.6200        -4634.473    -4706.708       72.235  1034.9
2.6250        -4634.727    -4706.312       71.585  1025.6
2.6300        -4634.993    -4705.314       70.321  1007.5
2.6350        -4635.247    -4705.237       69.991  1002.7
2.6400        -4635.495    -4706.251       70.756  1013.7
2.6450        -4635.740    -4705.203       69.463   995.2
2.6500        -4635.954    -4703.058       67.104   961.4
2.6550        -4636.113    -4703.270       67.157   962.1
2.6600        -4636.215    -4703.338       67.123   961.6
2.6650        -4636.259    -4703.921       67.662   969.4
2.6700        -4636.277    -4707.888       71.611  1025.9
2.6750        -4636.316    -4708.134       71.818  1028.9
2.6800        -4636.388    -4704.976       68.587   982.6
2.6850        -4636.451    -4704.961       68.510   981.5
2.6900        -4636.485    -4706.396       69.911  1001.6
2.6950        -4636.519    -4707.373       70.854  1015.1
2.7000        -4636.589    -4710.156       73.567  1054.0
2.7050        -4636.737    -4709.997       73.260  1049.6
2.7100        -4636.950    -4706.811       69.860  1000.9
2.7150        -4637.204    -4709.109       71.905  1030.2
2.7200        -4637.541    -4711.943       74.401  1065.9
2.7250        -4637.986    -4708.612       70.626  1011.8
2.7300        -4638.479    -4706.337       67.858   972.2
2.7350        -4638.982    -4706.651       67.668   969.5
2.7400        -4639.497    -4707.769       68.271   978.1
2.7450        -4640.028    -4708.079       68.051   974.9
2.7500        -4640.565    -4708.269       67.703   970.0
2.7550        -4641.098    -4708.518       67.420   965.9
2.7600        -4641.627    -4709.720       68.093   975.5
2.7650        -4642.147    -4709.578       67.431   966.1
2.7700        -4642.627    -4708.242       65.615   940.0
2.7750        -4643.051    -4709.933       66.881   958.2
2.7800        -4643.454    -4711.751       68.297   978.5
2.7850        -4643.818    -4709.198       65.381   936.7
2.7900        -4644.104    -4708.080       63.976   916.6
2.7950        -4644.313    -4710.385       66.072   946.6
2.8000        -4644.457    -4711.056       66.600   954.1
2.8050        -4644.549    -4711.333       66.784   956.8
2.8100        -4644.594    -4711.813       67.219   963.0
2.8150        -4644.592    -4712.893       68.301   978.5
2.8200        -4644.556    -4712.840       68.285   978.3
2.8250        -4644.474    -4712.818       68.344   979.1
2.8300        -4644.343    -4712.972       68.629   983.2
2.8350        -4644.143    -4711.955       67.812   971.5
2.8400        -4643.850    -4711.487       67.637   969.0
2.8450        -4643.427    -4711.085       67.658   969.3
2.8500        -4642.860    -4710.376       67.516   967.3
2.8550        -4642.140    -4707.219       65.080   932.4
2.8600        -4641.277    -4705.004       63.727   913.0
2.8650        -4640.277    -4706.417       66.139   947.6
2.8700        -4639.215    -4707.289       68.074   975.3
2.8750        -4638.222    -4709.120       70.898  1015.7
2.8800        -4637.372    -4710.993       73.621  1054.7
2.8850        -4636.721    -4709.595       72.874  1044.0
2.8900        -4636.242    -4707.759       71.517  1024.6
2.8950        -4635.869    -4707.953       72.083  1032.7
2.9000        -4635.581    -4708.832       73.251  1049.4
2.9050        -4635.375    -4707.924       72.549  1039.4
2.9100        -4635.249    -4707.430       72.180  1034.1
2.9150        -4635.174    -4706.618       71.444  1023.5
2.9200        -4635.129    -4704.151       69.022   988.9
2.9250        -4635.075    -4702.946       67.871   972.4
2.9300        -4634.987    -4703.935       68.948   987.8
2.9350        -4634.875    -4704.665       69.791   999.9
2.9400        -4634.762    -4706.303       71.541  1024.9
2.9450        -4634.682    -4708.558       73.875  1058.4
2.9500        -4634.689    -4710.274       75.585  1082.9
2.9550        -4634.815    -4709.733       74.918  1073.3
2.9600        -4635.048    -4708.521       73.473  1052.6
2.9650        -4635.378    -4708.825       73.447  1052.2
2.9700        -4635.785    -4707.204       71.419  1023.2
2.9750        -4636.224    -4705.987       69.763   999.5
2.9800        -4636.663    -4705.573       68.910   987.2
2.9850        -4637.092    -4706.669       69.577   996.8
2.9900        -4637.543    -4710.160       72.617  1040.4
2.9950        -4638.044    -4709.891       71.847  1029.3
3.0000        -4638.567    -4708.041       69.474   995.3
3.0050        -4639.063    -4707.728       68.665   983.7
3.0100        -4639.514    -4706.251       66.737   956.1
3.0150        -4639.867    -4703.462       63.595   911.1
3.0200        -4640.103    -4704.675       64.571   925.1
3.0250        -4640.248    -4706.964       66.716   955.8
3.0300        -4640.313    -4705.302       64.989   931.1
3.0350        -4640.290    -4704.009       63.719   912.9
3.0400        -4640.166    -4706.519       66.353   950.6
3.0450        -4639.965    -4708.790       68.825   986.0
3.0500        -4639.735    -4709.806       70.070  1003.9
3.0550        -4639.502    -4709.148       69.647   997.8
3.0600        -4639.259    -4709.459       70.199  1005.7
3.0650        -4639.023    -4710.730       71.707  1027.3
3.0700        -4638.805    -4709.269       70.464  1009.5
3.0750        -4638.596    -4706.488       67.891   972.7
3.0800        -4638.349    -4707.117       68.768   985.2
3.0850        -4638.061    -4709.006       70.945  1016.4
3.0900        -4637.756    -4707.803       70.047  1003.5
3.0950        -4637.443    -4707.317       69.874  1001.1
3.1000        -4637.102    -4708.544       71.442  1023.5
3.1050        -4636.739    -4707.114       70.375  1008.2
3.1100        -4636.357    -4706.047       69.689   998.4
3.1150        -4635.928    -4704.756       68.828   986.1
3.1200        -4635.426    -4701.823       66.397   951.2
3.1250        -4634.811    -4700.413       65.602   939.8
3.1300        -4634.032    -4702.979       68.948   987.8
3.1350        -4633.128    -4706.340       73.211  1048.9
3.1400        -4632.223    -4706.860       74.637  1069.3
3.1450        -4631.439    -4706.686       75.247  1078.0
3.1500        -4630.813    -4704.987       74.175  1062.7
3.1550        -4630.341    -4703.433       73.093  1047.2
3.1600        -4629.993    -4704.538       74.545  1068.0
3.1650        -4629.770    -4705.628       75.857  1086.8
3.1700        -4629.692    -4705.028       75.336  1079.3
3.1750        -4629.735    -4704.697       74.963  1074.0
3.1800        -4629.876    -4703.187       73.311  1050.3
3.1850        -4630.065    -4702.194       72.129  1033.4
3.1900        -4630.281    -4703.538       73.256  1049.5
3.1950        -4630.537    -4704.137       73.600  1054.4
3.2000        -4630.826    -4702.678       71.853  1029.4
3.2050        -4631.118    -4702.470       71.352  1022.2
3.2100        -4631.405    -4703.584       72.178  1034.1
3.2150        -4631.702    -4704.995       73.293  1050.0
3.2200        -4632.046    -4708.180       76.134  1090.7
3.2250        -4632.479    -4709.000       76.520  1096.3
3.2300        -4632.969    -4705.428       72.460  1038.1
3.2350        -4633.424    -4703.060       69.635   997.6
3.2400        -4633.810    -4702.820       69.009   988.7
3.2450        -4634.125    -4703.278       69.153   990.7
3.2500        -4634.400    -4705.512       71.112  1018.8
3.2550        -4634.663    -4705.404       70.741  1013.5
3.2600        -4634.902    -4703.733       68.831   986.1
3.2650        -4635.112    -4705.787       70.675  1012.5
3.2700        -4635.330    -4708.490       73.160  1048.1
3.2750        -4635.588    -4708.035       72.447  1037.9
3.2800        -4635.880    -4707.276       71.395  1022.9
3.2850        -4636.198    -4708.714       72.516  1038.9
3.2900        -4636.553    -4709.550       72.997  1045.8
3.2950        -4636.940    -4707.834       70.894  1015.7
3.3000        -4637.324    -4707.040       69.716   998.8
3.3050        -4637.686    -4706.978       69.292   992.7
3.3100        -4638.012    -4706.662       68.650   983.5
3.3150        -4638.303    -4708.189       69.886  1001.2
3.3200        -4638.588    -4709.682       71.095  1018.5
3.3250        -4638.880    -4708.478       69.598   997.1
3.3300        -4639.147    -4707.168       68.022   974.5
3.3350        -4639.371    -4707.430       68.059   975.1
3.3400        -4639.557    -4708.170       68.613   983.0
3.3450        -4639.720    -4710.620       70.900  1015.8
3.3500        -4639.906    -4711.875       71.969  1031.1
3.3550        -4640.121    -4709.325       69.204   991.5
3.3600        -4640.308    -4706.058       65.750   942.0
3.3650        -4640.421    -4706.366       65.945   944.8
3.3700        -4640.470    -4708.936       68.466   980.9
3.3750        -4640.490    -4710.325       69.835  1000.5
3.3800        -4640.512    -4710.254       69.742   999.2
3.3850        -4640.525    -4709.032       68.507   981.5
3.3900        -4640.517    -4708.536       68.020   974.5
3.3950        -4640.473    -4708.329       67.855   972.1
3.4000        -4640.381    -4707.392       67.011   960.0
3.4050        -4640.228    -4708.274       68.046   974.9
3.4100        -4640.015    -4709.360       69.345   993.5
3.4150        -4639.738    -4707.897       68.159   976.5
3.4200        -4639.388    -4708.543       69.154   990.7
3.4250        -4638.930    -4709.441       70.511  1010.2
3.4300        -4638.371    -4708.878       70.507  1010.1
3.4350        -4637.719    -4708.898       71.179  1019.8
3.4400        -4636.970    -4708.738       71.768  1028.2
3.4450        -4636.163    -4707.523       71.360  1022.3
3.4500        -4635.325    -4706.572       71.246  1020.7
3.4550        -4634.486    -4706.587       72.101  1033.0
3.4600        -4633.690    -4707.082       73.392  1051.5
3.4650        -4632.995    -4705.664       72.669  1041.1
3.4700        -4632.418    -4703.670       71.252  1020.8
3.4750        -4631.929    -4701.812       69.883  1001.2
3.4800        -4631.493    -4700.920       69.427   994.6
3.4850        -4631.104    -4702.321       71.217  1020.3
3.4900        -4630.774    -4705.230       74.456  1066.7
3.4950        -4630.558    -4706.339       75.781  1085.7
3.5000        -4630.473    -4703.903       73.430  1052.0
3.5050        -4630.479    -4703.480       73.002  1045.9
3.5100        -4630.552    -4703.052       72.500  1038.7
3.5150        -4630.660    -4701.935       71.275  1021.1
3.5200        -4630.803    -4703.239       72.436  1037.8
3.5250        -4630.987    -4703.871       72.884  1044.2
3.5300        -4631.232    -4704.973       73.741  1056.5
3.5350        -4631.543    -4704.656       73.113  1047.5
3.5400        -4631.895    -4703.442       71.547  1025.0
3.5450        -4632.269    -4703.582       71.313  1021.7
3.5500        -4632.657    -4704.655       71.997  1031.5
3.5550        -4633.075    -4706.515       73.439  1052.1
3.5600        -4633.553    -4708.057       74.503  1067.4
3.5650        -4634.077    -4706.606       72.529  1039.1
3.5700        -4634.602    -4705.389       70.787  1014.1
3.5750        -4635.084    -4705.742       70.658  1012.3
3.5800        -4635.523    -4706.833       71.309  1021.6
3.5850        -4635.945    -4708.433       72.488  1038.5
3.5900        -4636.353    -4707.668       71.314  1021.7
3.5950        -4636.719    -4705.911       69.192   991.3
3.6000        -4637.007    -4704.352       67.346   964.8
3.6050        -4637.201    -4704.509       67.308   964.3
3.6100        -4637.341    -4708.174       70.833  1014.8
3.6150        -4637.474    -4709.374       71.900  1030.1
3.6200        -4637.625    -4708.532       70.907  1015.9
3.6250        -4637.789    -4709.318       71.529  1024.8
3.6300        -4637.965    -4709.514       71.549  1025.0
3.6350        -4638.160    -4708.155       69.995  1002.8
3.6400        -4638.331    -4705.613       67.283   963.9
3.6450        -4638.452    -4706.181       67.730   970.3
3.6500        -4638.527    -4707.855       69.327   993.2
3.6550        -4638.581    -4707.599       69.017   988.8
3.6600        -4638.625    -4707.606       68.981   988.3
3.6650        -4638.646    -4707.005       68.360   979.4
3.6700        -4638.638    -4706.663       68.024   974.6
3.6750        -4638.600    -4708.715       70.115  1004.5
3.6800        -4638.576    -4711.613       73.038  1046.4
3.6850        -4638.606    -4711.038       72.431  1037.7
3.6900        -4638.687    -4708.638       69.951  1002.2
3.6950        -4638.777    -4707.164       68.387   979.8
3.7000        -4638.840    -4706.438       67.598   968.4
3.7050        -4638.870    -4706.702       67.832   971.8
3.7100        -4638.861    -4707.185       68.325   978.9
3.7150        -4638.811    -4706.535       67.724   970.2
3.7200        -4638.720    -4707.890       69.170   991.0
3.7250        -4638.607    -4710.657       72.049  1032.2
3.7300        -4638.514    -4711.111       72.597  1040.1
3.7350        -4638.462    -4708.860       70.398  1008.6
3.7400        -4638.417    -4706.184       67.767   970.9
3.7450        -4638.328    -4704.921       66.594   954.1
3.7500        -4638.157    -4705.748       67.591   968.3
3.7550        -4637.898    -4708.024       70.126  1004.7
3.7600        -4637.584    -4710.710       73.126  1047.6
3.7650        -4637.263    -4710.137       72.875  1044.0
3.7700        -4636.962    -4707.464       70.502  1010.1
3.7750        -4636.639    -4706.807       70.168  1005.3
3.7800        -4636.285    -4708.541       72.256  1035.2
3.7850        -4635.924    -4709.734       73.810  1057.4
3.7900        -4635.609    -4709.921       74.311  1064.6
3.7950        -4635.365    -4710.126       74.760  1071.1
3.8000        -4635.208    -4708.808       73.600  1054.4
3.8050        -4635.121    -4705.618       70.497  1010.0
3.8100        -4635.049    -4703.901       68.853   986.4
3.8150        -4634.960    -4704.257       69.298   992.8
3.8200        -4634.846    -4704.264       69.418   994.5
3.8250        -4634.718    -4706.205       71.487  1024.2
3.8300        -4634.614    -4707.821       73.206  1048.8
3.8350        -4634.562    -4705.806       71.244  1020.7
3.8400        -4634.544    -4704.590       70.046  1003.5
3.8450        -4634.535    -4704.985       70.450  1009.3
3.8500        -4634.534    -4704.756       70.221  1006.0
3.8550        -4634.539    -4704.189       69.650   997.8
3.8600        -4634.548    -4705.076       70.528  1010.4
3.8650        -4634.571    -4705.891       71.319  1021.8
3.8700        -4634.623    -4704.577       69.955  1002.2
3.8750        -4634.683    -4703.595       68.912   987.3
3.8800        -4634.741    -4705.325       70.584  1011.2
3.8850        -4634.812    -4705.232       70.420  1008.9
3.8900        -4634.899    -4704.737       69.838  1000.5
3.8950        -4635.015    -4707.921       72.905  1044.5
3.9000        -4635.211    -4709.200       73.989  1060.0
3.9050        -4635.496    -4706.631       71.136  1019.1
3.9100        -4635.843    -4705.738       69.895  1001.4
3.9150        -4636.209    -4704.475       68.266   978.0
3.9200        -4636.578    -4705.954       69.377   993.9
3.9250        -4636.989    -4709.474       72.485  1038.5
3.9300        -4637.484    -4710.155       72.671  1041.1
3.9350        -4638.062    -4709.602       71.540  1024.9
3.9400        -4638.673    -4707.646       68.973   988.1
3.9450        -4639.246    -4705.306       66.060   946.4
3.9500        -4639.745    -4706.881       67.136   961.8
3.9550        -4640.203    -4709.609       69.406   994.3
3.9600        -4640.634    -4709.747       69.113   990.2
3.9650        -4641.043    -4711.210       70.167  1005.2
3.9700        -4641.458    -4712.911       71.453  1023.7
3.9750        -4641.876    -4711.547       69.671   998.1
3.9800        -4642.267    -4711.022       68.756   985.0
3.9850        -4642.612    -4709.977       67.365   965.1
3.9900        -4642.882    -4709.251       66.368   950.8
3.9950        -4643.087    -4710.814       67.727   970.3
4.0000        -4643.245    -4711.799       68.554   982.1
4.0050        -4643.366    -4710.693       67.328   964.6
4.0100        -4643.434    -4709.926       66.493   952.6
4.0150        -4643.443    -4710.598       67.155   962.1
4.0200        -4643.395    -4710.544       67.150   962.0
4.0250        -4643.302    -4711.979       68.677   983.9
4.0300        -4643.188    -4712.759       69.571   996.7
4.0350        -4643.058    -4710.859       67.801   971.4
4.0400        -4642.896    -4709.952       67.055   960.7
4.0450        -4642.680    -4709.210       66.530   953.1
4.0500        -4642.393    -4708.290       65.897   944.1
4.0550        -4642.020    -4709.089       67.069   960.9
4.0600        -4641.574    -4709.703       68.129   976.1
4.0650        -4641.061    -4709.156       68.095   975.6
4.0700        -4640.499    -4708.769       68.270   978.1
4.0750        -4639.894    -4707.544       67.650   969.2
4.0800        -4639.245    -4708.701       69.457   995.1
4.0850        -4638.581    -4708.826       70.245  1006.4
4.0900        -4637.961    -4706.039       68.078   975.3
4.0950        -4637.383    -4703.847       66.464   952.2
4.1000        -4636.829    -4705.845       69.017   988.8
4.1050        -4636.336    -4708.349       72.014  1031.7
4.1100        -4635.965    -4707.477       71.512  1024.5
4.1150        -4635.719    -4707.607       71.888  1029.9
4.1200        -4635.572    -4708.375       72.803  1043.0
4.1250        -4635.509    -4707.804       72.295  1035.7
4.1300        -4635.510    -4706.963       71.453  1023.7
4.1350        -4635.537    -4706.621       71.084  1018.4
4.1400        -4635.592    -4708.590       72.998  1045.8
4.1450        -4635.702    -4708.717       73.015  1046.1
4.1500        -4635.853    -4706.477       70.624  1011.8
4.1550        -4636.014    -4706.392       70.377  1008.3
4.1600        -4636.178    -4706.704       70.527  1010.4
4.1650        -4636.344    -4706.690       70.347  1007.8
4.1700        -4636.521    -4708.272       71.750  1027.9
4.1750        -4636.738    -4708.815       72.077  1032.6
4.1800        -4636.983    -4706.442       69.459   995.1
4.1850        -4637.223    -4705.616       68.393   979.8
4.1900        -4637.440    -4705.726       68.287   978.3
4.1950        -4637.614    -4704.085       66.471   952.3
4.2000        -4637.730    -4704.233       66.502   952.7
4.2050        -4637.794    -4705.522       67.728   970.3
4.2100        -4637.805    -4704.433       66.628   954.6
4.2150        -4637.766    -4705.208       67.442   966.2
4.2200        -4637.675    -4706.306       68.631   983.2
4.2250        -4637.551    -4706.252       68.701   984.2
4.2300        -4637.405    -4707.368       69.963  1002.3
4.2350        -4637.243    -4707.989       70.745  1013.5
4.2400        -4637.090    -4707.857       70.767  1013.8
4.2450        -4636.945    -4708.291       71.346  1022.1
4.2500        -4636.821    -4708.513       71.692  1027.1
4.2550        -4636.722    -4707.541       70.819  1014.6
4.2600        -4636.639    -4707.169       70.530  1010.5
4.2650        -4636.575    -4708.751       72.177  1034.0
4.2700        -4636.541    -4709.625       73.085  1047.1
4.2750        -4636.575    -4707.800       71.225  1020.4
4.2800        -4636.633    -4703.454       66.821   957.3
4.2850        -4636.645    -4701.542       64.897   929.8
4.2900        -4636.569    -4703.443       66.873   958.1
4.2950        -4636.407    -4704.248       67.841   971.9
4.3000        -4636.185    -4704.408       68.222   977.4
4.3050        -4635.900    -4705.183       69.283   992.6
4.3100        -4635.559    -4706.523       70.964  1016.7
4.3150        -4635.188    -4708.358       73.170  1048.3
4.3200        -4634.838    -4710.333       75.495  1081.6
4.3250        -4634.562    -4708.628       74.065  1061.1
4.3300        -4634.361    -4705.383       71.022  1017.5
4.3350        -4634.177    -4703.342       69.165   990.9
4.3400        -4633.966    -4703.315       69.348   993.5
4.3450        -4633.729    -4704.937       71.208  1020.2
4.3500        -4633.483    -4704.527       71.044  1017.8
4.3550        -4633.243    -4703.797       70.554  1010.8
4.3600        -4633.003    -4705.420       72.417  1037.5
4.3650        -4632.787    -4706.719       73.932  1059.2
4.3700        -4632.631    -4705.065       72.434  1037.7
4.3750        -4632.520    -4702.938       70.418  1008.8
4.3800        -4632.430    -4705.811       73.380  1051.3
4.3850        -4632.408    -4708.480       76.072  1089.9
4.3900        -4632.494    -4705.080       72.586  1039.9
4.3950        -4632.662    -4703.275       70.613  1011.6
4.4000        -4632.868    -4704.542       71.673  1026.8
4.4050        -4633.145    -4706.004       72.859  1043.8
4.4100        -4633.512    -4705.416       71.904  1030.1
4.4150        -4633.943    -4703.751       69.808  1000.1
4.4200        -4634.418    -4704.938       70.520  1010.3
4.4250        -4634.954    -4706.566       71.613  1026.0
4.4300        -4635.539    -4705.325       69.786   999.8
4.4350        -4636.134    -4704.998       68.864   986.6
4.4400        -4636.724    -4706.958       70.234  1006.2
4.4450        -4637.334    -4708.927       71.593  1025.7
4.4500        -4637.962    -4708.752       70.790  1014.2
4.4550        -4638.561    -4707.912       69.350   993.6
4.4600        -4639.125    -4709.560       70.434  1009.1
4.4650        -4639.647    -4709.456       69.809  1000.1
4.4700        -4640.119    -4708.418       68.299   978.5
4.4750        -4640.512    -4709.262       68.750   984.9
4.4800        -4640.853    -4710.337       69.484   995.5
4.4850        -4641.143    -4709.446       68.303   978.6
4.4900        -4641.374    -4709.100       67.726   970.3
4.4950        -4641.549    -4708.810       67.262   963.6
4.5000        -4641.652    -4707.735       66.083   946.7
4.5050        -4641.680    -4707.097       65.418   937.2
4.5100        -4641.627    -4707.707       66.080   946.7
4.5150        -4641.518    -4710.405       68.887   986.9
4.5200        -4641.388    -4711.577       70.189  1005.6
4.5250        -4641.264    -4709.622       68.358   979.3
4.5300        -4641.125    -4708.538       67.413   965.8
4.5350        -4640.953    -4710.751       69.798  1000.0
4.5400        -4640.773    -4712.133       71.361  1022.4
4.5450        -4640.619    -4711.342       70.723  1013.2
4.5500        -4640.492    -4711.456       70.964  1016.7
4.5550        -4640.393    -4712.063       71.671  1026.8
4.5600        -4640.323    -4710.283       69.960  1002.3
4.5650        -4640.253    -4707.978       67.725   970.3
4.5700        -4640.156    -4708.674       68.518   981.6
4.5750        -4640.027    -4709.261       69.234   991.9
4.5800        -4639.878    -4709.530       69.651   997.9
4.5850        -4639.710    -4708.641       68.930   987.5
4.5900        -4639.511    -4708.103       68.591   982.7
4.5950        -4639.274    -4709.896       70.621  1011.8
4.6000        -4639.011    -4709.526       70.515  1010.2
4.6050        -4638.720    -4707.736       69.016   988.8
4.6100        -4638.373    -4709.206       70.833  1014.8
4.6150        -4637.969    -4711.283       73.314  1050.3
4.6200        -4637.538    -4709.751       72.212  1034.6
4.6250        -4637.082    -4706.770       69.689   998.4
4.6300        -4636.547    -4706.001       69.453   995.0
4.6350        -4635.895    -4705.947       70.052  1003.6
4.6400        -4635.131    -4706.397       71.265  1021.0
4.6450        -4634.292    -4708.115       73.822  1057.6
4.6500        -4633.460    -4706.635       73.175  1048.4
4.6550        -4632.696    -4704.186       71.490  1024.2
4.6600        -4631.997    -4703.150       71.153  1019.4
4.6650        -4631.352    -4701.332       69.980  1002.6
4.6700        -4630.771    -4702.266       71.495  1024.3
4.6750        -4630.250    -4703.219       72.969  1045.4
4.6800        -4629.827    -4702.790       72.963  1045.3
4.6850        -4629.513    -4704.168       74.656  1069.6
4.6900        -4629.317    -4703.488       74.171  1062.6
4.6950        -4629.226    -4701.732       72.505  1038.8
4.7000        -4629.208    -4703.043       73.835  1057.8
4.7050        -4629.273    -4703.831       74.558  1068.2
4.7100        -4629.414    -4701.930       72.516  1038.9
4.7150        -4629.625    -4703.490       73.866  1058.2
4.7200        -4629.910    -4704.975       75.065  1075.4
4.7250        -4630.279    -4703.131       72.852  1043.7
4.7300        -4630.680    -4702.153       71.473  1024.0
4.7350        -4631.108    -4703.735       72.627  1040.5
4.7400        -4631.563    -4704.624       73.061  1046.7
4.7450        -4632.060    -4705.308       73.248  1049.4
4.7500        -4632.582    -4704.495       71.912  1030.3
4.7550        -4633.078    -4703.617       70.539  1010.6
4.7600        -4633.546    -4704.886       71.340  1022.1
4.7650        -4633.975    -4703.963       69.988  1002.7
4.7700        -4634.336    -4702.703       68.367   979.5
4.7750        -4634.628    -4703.735       69.107   990.1
4.7800        -4634.867    -4704.932       70.065  1003.8
4.7850        -4635.076    -4705.500       70.424  1008.9
4.7900        -4635.277    -4706.947       71.671  1026.8
4.7950        -4635.478    -4705.630       70.153  1005.0
4.8000        -4635.649    -4702.779       67.130   961.7
4.8050        -4635.764    -4704.301       68.537   981.9
4.8100        -4635.850    -4706.784       70.934  1016.2
4.8150        -4635.933    -4704.844       68.911   987.3
4.8200        -4635.994    -4704.341       68.346   979.2
4.8250        -4636.039    -4707.052       71.012  1017.4
4.8300        -4636.094    -4707.950       71.856  1029.4
4.8350        -4636.188    -4707.858       71.670  1026.8
4.8400        -4636.315    -4706.534       70.220  1006.0
4.8450        -4636.437    -4704.482       68.045   974.9
4.8500        -4636.524    -4704.263       67.739   970.5
4.8550        -4636.575    -4705.727       69.152   990.7
4.8600        -4636.617    -4707.617       70.999  1017.2
4.8650        -4636.678    -4708.080       71.402  1022.9
4.8700        -4636.773    -4707.213       70.440  1009.2
4.8750        -4636.889    -4707.528       70.639  1012.0
4.8800        -4637.021    -4707.943       70.922  1016.1
4.8850        -4637.185    -4708.538       71.353  1022.2
4.8900        -4637.390    -4707.933       70.543  1010.6
4.8950        -4637.616    -4706.555       68.939   987.7
4.9000        -4637.852    -4706.248       68.396   979.9
4.9050        -4638.068    -4704.714       66.646   954.8
4.9100        -4638.252    -4704.958       66.707   955.7
4.9150        -4638.404    -4706.350       67.946   973.4
4.9200        -4638.539    -4707.004       68.465   980.9
4.9250        -4638.673    -4707.543       68.870   986.7
4.9300        -4638.824    -4708.708       69.884  1001.2
4.9350        -4639.009    -4709.482       70.474  1009.6
4.9400        -4639.254    -4709.671       70.417  1008.8
4.9450        -4639.560    -4708.115       68.555   982.2
4.9500        -4639.887    -4706.557       66.670   955.1
4.9550        -4640.224    -4707.968       67.744   970.5
4.9600        -4640.574    -4709.204       68.630   983.2
4.9650        -4640.949    -4709.258       68.310   978.6
4.9700        -4641.342    -4709.713       68.371   979.5
4.9750        -4641.737    -4708.792       67.055   960.7
4.9800        -4642.098    -4706.973       64.875   929.4
4.9850        -4642.377    -4705.575       63.198   905.4
4.9900        -4642.555    -4706.936       64.381   922.4
4.9950        -4642.644    -4708.791       66.147   947.7
5.0000        -4642.665    -4709.791       67.126   961.7
Time[ps]      Etot[eV]     Epot[eV]     Ekin[eV]    T[K]
0.0000        -4624.799    -4759.425      134.625  1928.7
0.0050        -4624.696    -4735.747      111.051  1591.0
0.0100        -4624.241    -4697.382       73.141  1047.9
0.0150        -4623.361    -4682.932       59.571   853.4
0.0200        -4621.967    -4681.133       59.166   847.6
0.0250        -4620.311    -4683.058       62.747   898.9
0.0300        -4618.710    -4686.695       67.985   974.0
0.0350        -4617.220    -4684.004       66.785   956.8
0.0400        -4615.728    -4681.255       65.527   938.8
0.0450        -4614.021    -4683.897       69.876  1001.1
0.0500        -4612.048    -4684.991       72.943  1045.0
0.0550        -4609.928    -4683.788       73.859  1058.1
0.0600        -4607.736    -4682.184       74.447  1066.6
0.0650        -4605.483    -4680.387       74.903  1073.1
0.0700        -4603.207    -4676.365       73.158  1048.1
0.0750        -4600.927    -4673.784       72.857  1043.8
0.0800        -4598.532    -4676.278       77.746  1113.8
0.0850        -4595.950    -4679.326       83.376  1194.5
0.0900        -4593.268    -4679.230       85.962  1231.5
0.0950        -4590.554    -4676.788       86.235  1235.4
0.1000        -4587.844    -4673.713       85.869  1230.2
0.1050        -4585.090    -4673.360       88.270  1264.6
0.1100        -4582.251    -4672.015       89.764  1286.0
0.1150        -4579.413    -4667.878       88.464  1267.4
0.1200        -4576.581    -4665.150       88.569  1268.9
0.1250        -4573.691    -4664.427       90.736  1299.9
0.1300        -4570.699    -4665.791       95.092  1362.3
0.1350        -4567.640    -4663.617       95.977  1375.0
0.1400        -4564.607    -4660.684       96.077  1376.5
0.1450        -4561.533    -4660.612       99.080  1419.5
0.1500        -4558.424    -4656.742       98.318  1408.6
0.1550        -4555.346    -4654.423       99.077  1419.4
0.1600        -4552.195    -4655.124      102.928  1474.6
0.1650        -4548.935    -4657.949      109.014  1561.8
0.1700        -4545.638    -4655.761      110.123  1577.7
0.1750        -4542.424    -4652.188      109.763  1572.5
0.1800        -4539.223    -4650.320      111.097  1591.6
0.1850        -4536.034    -4646.422      110.388  1581.5
0.1900        -4532.851    -4645.967      113.116  1620.6
0.1950        -4529.599    -4646.092      116.493  1668.9
0.2000        -4526.371    -4642.373      116.002  1661.9
0.2050        -4523.198    -4639.756      116.557  1669.9
0.2100        -4520.016    -4638.906      118.890  1703.3
0.2150        -4516.842    -4635.711      118.869  1703.0
0.2200        -4513.687    -4635.502      121.815  1745.2
0.2250        -4510.483    -4637.854      127.372  1824.8
0.2300        -4507.325    -4634.991      127.665  1829.0
0.2350        -4504.289    -4631.258      126.970  1819.0
0.2400        -4501.312    -4630.078      128.766  1844.8
0.2450        -4498.359    -4628.757      130.398  1868.2
0.2500        -4495.482    -4624.939      129.458  1854.7
0.2550        -4492.683    -4619.909      127.226  1822.7
0.2600        -4489.895    -4621.041      131.145  1878.9
0.2650        -4487.043    -4625.620      138.578  1985.3
0.2700        -4484.277    -4622.922      138.645  1986.3
0.2750        -4481.706    -4618.382      136.676  1958.1
0.2800        -4479.248    -4614.098      134.850  1931.9
0.2850        -4476.841    -4616.531      139.689  2001.3
0.2900        -4474.456    -4618.177      143.721  2059.0
0.2950        -4472.234    -4614.490      142.256  2038.0
0.3000        -4470.168    -4613.482      143.314  2053.2
0.3050        -4468.227    -4611.601      143.374  2054.1
0.3100        -4466.418    -4611.722      145.305  2081.7
0.3150        -4464.741    -4614.043      149.302  2139.0
0.3200        -4463.255    -4611.374      148.119  2122.0
0.3250        -4462.000    -4610.019      148.019  2120.6
0.3300        -4460.932    -4610.291      149.358  2139.8
0.3350        -4460.060    -4607.941      147.881  2118.6
0.3400        -4459.382    -4607.948      148.566  2128.4
0.3450        -4458.889    -4608.011      149.122  2136.4
0.3500        -4458.593    -4603.625      145.032  2077.8
0.3550        -4458.399    -4596.761      138.362  1982.3
0.3600        -4458.213    -4598.708      140.496  2012.8
0.3650        -4458.052    -4604.944      146.892  2104.5
0.3700        -4458.012    -4604.028      146.016  2091.9
0.3750        -4458.102    -4600.164      142.062  2035.3
0.3800        -4458.254    -4598.702      140.448  2012.1
0.3850        -4458.404    -4594.886      136.483  1955.3
0.3900        -4458.511    -4596.561      138.050  1977.8
0.3950        -4458.598    -4601.149      142.551  2042.3
0.4000        -4458.735    -4602.469      143.734  2059.2
0.4050        -4458.943    -4600.377      141.433  2026.3
0.4100        -4459.211    -4602.945      143.735  2059.2
0.4150        -4459.574    -4606.079      146.505  2098.9
0.4200        -4460.039    -4601.896      141.856  2032.3
0.4250        -4460.577    -4603.471      142.894  2047.2
0.4300        -4461.212    -4608.608      147.396  2111.7
0.4350        -4461.988    -4608.357      146.369  2097.0
0.4400        -4462.918    -4609.066      146.147  2093.8
0.4450        -4463.976    -4609.862      145.885  2090.0
0.4500        -4465.146    -4607.247      142.101  2035.8
0.4550        -4466.283    -4603.616      137.333  1967.5
0.4600        -4467.429    -4611.764      144.335  2067.8
0.4650        -4468.694    -4615.361      146.666  2101.2
0.4700        -4470.036    -4610.599      140.563  2013.8
0.4750        -4471.348    -4608.900      137.552  1970.7
0.4800        -4472.606    -4611.288      138.682  1986.8
0.4850        -4473.844    -4614.428      140.584  2014.1
0.4900        -4475.104    -4619.045      143.941  2062.2
0.4950        -4476.490    -4622.800      146.310  2096.1
0.5000        -4477.916    -4616.672      138.756  1987.9
0.5050        -4479.276    -4616.262      136.986  1962.5
0.5100        -4480.593    -4619.779      139.186  1994.1
0.5150        -4481.834    -4617.525      135.692  1944.0
0.5200        -4482.999    -4619.593      136.594  1956.9
0.5250        -4484.089    -4619.453      135.365  1939.3
0.5300        -4485.035    -4613.571      128.536  1841.5
0.5350        -4485.749    -4611.705      125.956  1804.5
0.5400        -4486.237    -4615.567      129.330  1852.9
0.5450        -4486.532    -4617.557      131.025  1877.1
0.5500        -4486.662    -4617.324      130.661  1871.9
0.5550        -4486.637    -4619.459      132.822  1902.9
0.5600        -4486.469    -4620.463      133.994  1919.7
0.5650        -4486.192    -4620.149      133.957  1919.1
0.5700        -4485.819    -4621.331      135.512  1941.4
0.5750        -4485.341    -4619.954      134.613  1928.5
0.5800        -4484.783    -4620.668      135.885  1946.8
0.5850        -4484.140    -4619.963      135.823  1945.9
0.5900        -4483.421    -4615.749      132.327  1895.8
0.5950        -4482.590    -4613.335      130.745  1873.1
0.6000        -4481.604    -4611.904      130.300  1866.8
0.6050        -4480.447    -4613.098      132.651  1900.4
0.6100        -4479.152    -4616.527      137.375  1968.1
0.6150        -4477.791    -4613.508      135.716  1944.3
0.6200        -4476.401    -4613.237      136.836  1960.4
0.6250        -4474.962    -4619.648      144.687  2072.9
0.6300        -4473.576    -4618.779      145.203  2080.3
0.6350        -4472.345    -4613.647      141.302  2024.4
0.6400        -4471.197    -4613.270      142.073  2035.4
0.6450        -4470.093    -4614.591      144.498  2070.2
0.6500        -4469.088    -4610.685      141.598  2028.6
0.6550        -4468.147    -4607.286      139.139  1993.4
0.6600        -4467.224    -4610.252      143.027  2049.1
0.6650        -4466.346    -4612.381      146.035  2092.2
0.6700        -4465.583    -4611.982      146.399  2097.4
0.6750        -4464.973    -4611.193      146.219  2094.8
0.6800        -4464.488    -4604.768      140.280  2009.7
0.6850        -4464.041    -4601.658      137.617  1971.6
0.6900        -4463.572    -4606.447      142.874  2046.9
0.6950        -4463.147    -4609.867      146.719  2102.0
0.7000        -4462.843    -4606.050      143.206  2051.7
0.7050        -4462.625    -4604.815      142.190  2037.1
0.7100        -4462.491    -4611.118      148.627  2129.3
0.7150        -4462.497    -4608.301      145.804  2088.9
0.7200        -4462.635    -4604.512      141.877  2032.6
0.7250        -4462.848    -4607.287      144.439  2069.3
0.7300        -4463.146    -4607.478      144.333  2067.8
0.7350        -4463.544    -4606.378      142.834  2046.3
0.7400        -4464.007    -4607.316      143.309  2053.1
0.7450        -4464.568    -4609.767      145.199  2080.2
0.7500        -4465.219    -4606.794      141.574  2028.3
0.7550        -4465.892    -4604.372      138.480  1983.9
0.7600        -4466.564    -4608.181      141.617  2028.9
0.7650        -4467.313    -4613.152      145.839  2089.4
0.7700        -4468.138    -4608.045      139.906  2004.4
0.7750        -4468.982    -4609.920      140.938  2019.2
0.7800        -4469.873    -4613.564      143.691  2058.6
0.7850        -4470.810    -4611.093      140.283  2009.8
0.7900        -4471.762    -4611.901      140.139  2007.7
0.7950        -4472.722    -4613.799      141.077  2021.1
0.8000        -4473.698    -4614.327      140.629  2014.7
0.8050        -4474.695    -4615.166      140.471  2012.5
0.8100        -4475.670    -4612.730      137.059  1963.6
0.8150        -4476.582    -4610.761      134.179  1922.3
0.8200        -4477.345    -4606.970      129.625  1857.1
0.8250        -4477.911    -4605.683      127.771  1830.5
0.8300        -4478.267    -4608.482      130.215  1865.5
0.8350        -4478.461    -4612.339      133.878  1918.0
0.8400        -4478.534    -4613.496      134.962  1933.5
0.8450        -4478.530    -4616.600      138.070  1978.1
0.8500        -4478.488    -4616.281      137.793  1974.1
0.8550        -4478.410    -4615.266      136.856  1960.7
0.8600        -4478.278    -4614.451      136.173  1950.9
0.8650        -4478.080    -4611.308      133.227  1908.7
0.8700        -4477.751    -4607.632      129.881  1860.8
0.8750        -4477.260    -4611.498      134.238  1923.2
0.8800        -4476.639    -4616.478      139.839  2003.4
0.8850        -4475.987    -4617.811      141.825  2031.9
0.8900        -4475.386    -4620.482      145.097  2078.7
0.8950        -4474.872    -4618.353      143.481  2055.6
0.9000        -4474.449    -4618.324      143.875  2061.2
0.9050        -4474.124    -4622.182      148.058  2121.2
0.9100        -4473.935    -4618.852      144.917  2076.2
0.9150        -4473.869    -4616.846      142.977  2048.4
0.9200        -4473.892    -4617.960      144.068  2064.0
0.9250        -4473.984    -4614.612      140.628  2014.7
0.9300        -4474.109    -4614.108      139.999  2005.7
0.9350        -4474.249    -4615.323      141.074  2021.1
0.9400        -4474.406    -4613.777      139.371  1996.7
0.9450        -4474.572    -4613.518      138.947  1990.6
0.9500        -4474.718    -4613.282      138.564  1985.1
0.9550        -4474.858    -4615.976      141.118  2021.7
0.9600        -4475.031    -4619.129      144.098  2064.4
0.9650        -4475.288    -4619.358      144.070  2064.0
0.9700        -4475.630    -4614.881      139.251  1995.0
0.9750        -4475.945    -4609.185      133.240  1908.9
0.9800        -4476.156    -4611.364      135.208  1937.1
0.9850        -4476.311    -4619.586      143.275  2052.6
0.9900        -4476.540    -4624.143      147.603  2114.7
0.9950        -4476.922    -4623.223      146.301  2096.0
1.0000        -4477.443    -4620.408      142.965  2048.2
1.0050        -4478.027    -4618.462      140.435  2012.0
1.0100        -4478.630    -4617.602      138.972  1991.0
1.0150        -4479.194    -4613.812      134.618  1928.6
1.0200        -4479.667    -4613.322      133.655  1914.8
1.0250        -4480.032    -4614.385      134.353  1924.8
1.0300        -4480.279    -4613.985      133.706  1915.5
1.0350        -4480.455    -4619.608      139.153  1993.6
1.0400        -4480.599    -4620.345      139.746  2002.1
1.0450        -4480.759    -4622.073      141.314  2024.5
1.0500        -4480.952    -4621.767      140.814  2017.4
1.0550        -4481.147    -4618.325      137.178  1965.3
1.0600        -4481.341    -4624.944      143.604  2057.3
1.0650        -4481.624    -4630.439      148.814  2132.0
1.0700        -4482.073    -4627.728      145.655  2086.7
1.0750        -4482.655    -4626.086      143.431  2054.9
1.0800        -4483.313    -4623.579      140.266  2009.5
1.0850        -4483.969    -4620.488      136.519  1955.9
1.0900        -4484.554    -4617.749      133.194  1908.2
1.0950        -4484.998    -4616.010      131.012  1876.9
1.1000        -4485.303    -4618.737      133.434  1911.7
1.1050        -4485.484    -4619.763      134.280  1923.8
1.1100        -4485.571    -4620.271      134.700  1929.8
1.1150        -4485.566    -4621.078      135.512  1941.4
1.1200        -4485.471    -4618.818      133.347  1910.4
1.1250        -4485.253    -4616.066      130.813  1874.1
1.1300        -4484.873    -4613.171      128.298  1838.1
1.1350        -4484.290    -4613.026      128.736  1844.4
1.1400        -4483.494    -4618.059      134.565  1927.9
1.1450        -4482.555    -4623.194      140.639  2014.9
1.1500        -4481.605    -4622.737      141.132  2021.9
1.1550        -4480.702    -4621.940      141.238  2023.5
1.1600        -4479.839    -4619.510      139.672  2001.0
1.1650        -4479.003    -4617.000      137.997  1977.0
1.1700        -4478.148    -4612.341      134.193  1922.5
1.1750        -4477.225    -4608.723      131.497  1883.9
1.1800        -4476.178    -4610.860      134.682  1929.5
1.1850        -4475.022    -4613.771      138.750  1987.8
1.1900        -4473.859    -4617.663      143.804  2060.2
1.1950        -4472.777    -4614.446      141.669  2029.6
1.2000        -4471.794    -4607.612      135.818  1945.8
1.2050        -4470.809    -4607.779      136.970  1962.3
1.2100        -4469.780    -4613.556      143.776  2059.8
1.2150        -4468.819    -4616.805      147.985  2120.1
1.2200        -4468.031    -4612.420      144.389  2068.6
1.2250        -4467.382    -4610.202      142.821  2046.1
1.2300        -4466.807    -4609.498      142.691  2044.3
1.2350        -4466.302    -4610.727      144.425  2069.1
1.2400        -4465.895    -4612.804      146.910  2104.7
1.2450        -4465.625    -4611.568      145.943  2090.9
1.2500        -4465.489    -4610.099      144.610  2071.8
1.2550        -4465.454    -4608.665      143.210  2051.7
1.2600        -4465.496    -4607.881      142.385  2039.9
1.2650        -4465.598    -4607.600      142.002  2034.4
1.2700        -4465.743    -4605.930      140.187  2008.4
1.2750        -4465.921    -4606.964      141.043  2020.7
1.2800        -4466.108    -4603.918      137.810  1974.3
1.2850        -4466.273    -4602.872      136.599  1957.0
1.2900        -4466.393    -4605.064      138.671  1986.7
1.2950        -4466.500    -4606.630      140.130  2007.6
1.3000        -4466.605    -4606.865      140.260  2009.4
1.3050        -4466.769    -4612.924      146.154  2093.9
1.3100        -4467.053    -4612.989      145.937  2090.8
1.3150        -4467.450    -4606.375      138.925  1990.3
1.3200        -4467.846    -4604.457      136.611  1957.2
1.3250        -4468.223    -4609.490      141.267  2023.9
1.3300        -4468.663    -4612.957      144.294  2067.2
1.3350        -4469.187    -4609.610      140.423  2011.8
1.3400        -4469.745    -4607.042      137.298  1967.0
1.3450        -4470.262    -4606.301      136.039  1949.0
1.3500        -4470.742    -4610.853      140.111  2007.3
1.3550        -4471.280    -4617.214      145.934  2090.7
1.3600        -4471.959    -4617.059      145.100  2078.8
1.3650        -4472.754    -4616.200      143.446  2055.1
1.3700        -4473.669    -4617.500      143.831  2060.6
1.3750        -4474.650    -4613.763      139.113  1993.0
1.3800        -4475.595    -4610.934      135.339  1938.9
1.3850        -4476.469    -4614.099      137.630  1971.8
1.3900        -4477.319    -4617.500      140.181  2008.3
1.3950        -4478.135    -4613.031      134.896  1932.6
1.4000        -4478.814    -4607.628      128.815  1845.5
1.4050        -4479.275    -4607.206      127.932  1832.8
1.4100        -4479.519    -4609.924      130.405  1868.3
1.4150        -4479.602    -4613.647      134.046  1920.4
1.4200        -4479.579    -4616.002      136.422  1954.5
1.4250        -4479.484    -4616.089      136.605  1957.1
1.4300        -4479.326    -4616.671      137.345  1967.7
1.4350        -4479.123    -4617.105      137.982  1976.8
1.4400        -4478.861    -4614.106      135.246  1937.6
1.4450        -4478.530    -4617.432      138.901  1990.0
1.4500        -4478.141    -4619.541      141.401  2025.8
1.4550        -4477.733    -4615.594      137.862  1975.1
1.4600        -4477.288    -4617.464      140.176  2008.2
1.4650        -4476.785    -4618.862      142.077  2035.5
1.4700        -4476.284    -4623.188      146.904  2104.6
1.4750        -4475.861    -4625.333      149.472  2141.4
1.4800        -4475.586    -4620.733      145.147  2079.5
1.4850        -4475.406    -4617.216      141.811  2031.7
1.4900        -4475.265    -4615.882      140.617  2014.6
1.4950        -4475.104    -4612.337      137.232  1966.1
1.5000        -4474.876    -4614.142      139.266  1995.2
1.5050        -4474.601    -4617.266      142.665  2043.9
1.5100        -4474.312    -4614.220      139.908  2004.4
1.5150        -4473.982    -4609.279      135.296  1938.3
1.5200        -4473.538    -4611.379      137.841  1974.8
1.5250        -4472.957    -4615.585      142.628  2043.4
1.5300        -4472.327    -4616.937      144.610  2071.8
1.5350        -4471.716    -4614.285      142.570  2042.5
1.5400        -4471.104    -4610.085      138.981  1991.1
1.5450        -4470.440    -4610.832      140.393  2011.3
1.5500        -4469.719    -4610.668      140.949  2019.3
1.5550        -4468.975    -4610.187      141.211  2023.1
1.5600        -4468.202    -4607.949      139.747  2002.1
1.5650        -4467.407    -4607.216      139.809  2003.0
1.5700        -4466.574    -4607.645      141.071  2021.1
1.5750        -4465.727    -4607.239      141.512  2027.4
1.5800        -4464.898    -4607.706      142.808  2046.0
1.5850        -4464.104    -4606.797      142.693  2044.3
1.5900        -4463.363    -4606.335      142.973  2048.3
1.5950        -4462.679    -4606.271      143.592  2057.2
1.6000        -4462.055    -4601.969      139.914  2004.5
1.6050        -4461.444    -4598.730      137.286  1966.8
1.6100        -4460.808    -4604.260      143.452  2055.2
1.6150        -4460.177    -4602.218      142.041  2035.0
1.6200        -4459.619    -4602.386      142.767  2045.4
1.6250        -4459.089    -4601.969      142.880  2047.0
1.6300        -4458.634    -4605.528      146.894  2104.5
1.6350        -4458.284    -4604.878      146.594  2100.2
1.6400        -4458.075    -4603.487      145.412  2083.2
1.6450        -4457.979    -4602.672      144.693  2073.0
1.6500        -4457.985    -4601.199      143.214  2051.8
1.6550        -4458.083    -4603.624      145.541  2085.1
1.6600        -4458.328    -4607.632      149.304  2139.0
1.6650        -4458.802    -4606.924      148.123  2122.1
1.6700        -4459.522    -4605.418      145.896  2090.2
1.6750        -4460.438    -4603.161      142.723  2044.7
1.6800        -4461.537    -4605.094      143.557  2056.7
1.6850        -4462.840    -4606.076      143.235  2052.1
1.6900        -4464.302    -4605.003      140.701  2015.8
1.6950        -4465.854    -4607.025      141.171  2022.5
1.7000        -4467.473    -4609.469      141.996  2034.3
1.7050        -4469.060    -4608.532      139.472  1998.2
1.7100        -4470.515    -4608.175      137.659  1972.2
1.7150        -4471.761    -4609.222      137.461  1969.4
1.7200        -4472.808    -4610.836      138.028  1977.5
1.7250        -4473.629    -4608.084      134.456  1926.3
1.7300        -4474.247    -4609.768      135.522  1941.6
1.7350        -4474.686    -4611.301      136.615  1957.2
1.7400        -4475.010    -4611.327      136.318  1953.0
1.7450        -4475.203    -4607.978      132.776  1902.2
1.7500        -4475.265    -4608.949      133.684  1915.2
1.7550        -4475.218    -4612.554      137.336  1967.6
1.7600        -4475.124    -4614.442      139.318  1995.9
1.7650        -4475.038    -4614.870      139.832  2003.3
1.7700        -4474.944    -4610.627      135.683  1943.9
1.7750        -4474.790    -4607.036      132.246  1894.6
1.7800        -4474.517    -4609.241      134.724  1930.1
1.7850        -4474.161    -4614.523      140.363  2010.9
1.7900        -4473.818    -4617.152      143.334  2053.5
1.7950        -4473.532    -4611.101      137.569  1970.9
1.8000        -4473.234    -4607.646      134.412  1925.7
1.8050        -4472.844    -4607.195      134.351  1924.8
1.8100        -4472.350    -4606.351      134.001  1919.8
1.8150        -4471.748    -4605.781      134.033  1920.2
1.8200        -4471.033    -4605.630      134.597  1928.3
1.8250        -4470.212    -4607.281      137.069  1963.7
1.8300        -4469.327    -4606.457      137.129  1964.6
1.8350        -4468.398    -4601.081      132.683  1900.9
1.8400        -4467.387    -4598.533      131.146  1878.9
1.8450        -4466.245    -4602.769      136.525  1955.9
1.8500        -4465.058    -4606.607      141.549  2027.9
1.8550        -4463.961    -4603.974      140.013  2005.9
1.8600        -4462.993    -4600.452      137.459  1969.3
1.8650        -4462.108    -4600.681      138.573  1985.3
1.8700        -4461.314    -4607.262      145.949  2090.9
1.8750        -4460.720    -4611.805      151.085  2164.5
1.8800        -4460.424    -4610.827      150.403  2154.8
1.8850        -4460.361    -4603.185      142.825  2046.2
1.8900        -4460.382    -4597.338      136.956  1962.1
1.8950        -4460.360    -4597.277      136.917  1961.5
1.9000        -4460.300    -4601.439      141.138  2022.0
1.9050        -4460.269    -4606.443      146.174  2094.2
1.9100        -4460.388    -4611.005      150.617  2157.8
1.9150        -4460.689    -4607.700      147.010  2106.2
1.9200        -4461.100    -4603.678      142.577  2042.6
1.9250        -4461.546    -4604.324      142.777  2045.5
1.9300        -4462.003    -4602.177      140.174  2008.2
1.9350        -4462.431    -4602.474      140.043  2006.3
1.9400        -4462.885    -4609.963      147.078  2107.1
1.9450        -4463.439    -4607.535      144.096  2064.4
1.9500        -4464.003    -4601.028      137.025  1963.1
1.9550        -4464.511    -4603.630      139.119  1993.1
1.9600        -4464.991    -4606.692      141.701  2030.1
1.9650        -4465.487    -4607.586      142.099  2035.8
1.9700        -4465.997    -4606.009      140.012  2005.9
1.9750        -4466.492    -4606.226      139.734  2001.9
1.9800        -4466.980    -4606.832      139.852  2003.6
1.9850        -4467.424    -4601.814      134.391  1925.4
1.9900        -4467.757    -4604.018      136.261  1952.1
1.9950        -4468.060    -4611.967      143.907  2061.7
2.0000        -4468.400    -4609.788      141.388  2025.6
2.0050        -4468.772    -4607.565      138.793  1988.4
2.0100        -4469.117    -4607.010      137.893  1975.5
2.0150        -4469.439    -4608.749      139.310  1995.8
2.0200        -4469.760    -4611.491      141.732  2030.5
2.0250        -4470.125    -4611.604      141.479  2026.9
2.0300        -4470.510    -4608.496      137.987  1976.9
2.0350        -4470.889    -4610.279      139.390  1997.0
2.0400        -4471.287    -4612.982      141.695  2030.0
2.0450        -4471.740    -4612.104      140.364  2010.9
2.0500        -4472.216    -4610.319      138.103  1978.5
2.0550        -4472.742    -4614.231      141.489  2027.1
2.0600        -4473.353    -4613.489      140.136  2007.7
2.0650        -4474.039    -4609.928      135.889  1946.8
2.0700        -4474.778    -4611.439      136.660  1957.9
2.0750        -4475.611    -4613.251      137.641  1971.9
2.0800        -4476.555    -4609.912      133.356  1910.5
2.0850        -4477.597    -4610.087      132.490  1898.1
2.0900        -4478.744    -4611.852      133.109  1907.0
2.0950        -4479.993    -4610.738      130.745  1873.1
2.1000        -4481.284    -4610.950      129.666  1857.7
2.1050        -4482.624    -4617.577      134.953  1933.4
2.1100        -4484.049    -4620.397      136.348  1953.4
2.1150        -4485.487    -4619.080      133.592  1913.9
2.1200        -4486.844    -4618.719      131.875  1889.3
2.1250        -4488.016    -4616.008      127.992  1833.7
2.1300        -4488.942    -4615.684      126.742  1815.8
2.1350        -4489.594    -4614.927      125.333  1795.6
2.1400        -4489.981    -4617.926      127.945  1833.0
2.1450        -4490.165    -4622.338      132.173  1893.6
2.1500        -4490.179    -4620.613      130.434  1868.7
2.1550        -4490.042    -4621.729      131.687  1886.6
2.1600        -4489.755    -4622.766      133.011  1905.6
2.1650        -4489.321    -4618.492      129.171  1850.6
2.1700        -4488.717    -4618.390      129.673  1857.8
2.1750        -4487.910    -4619.888      131.978  1890.8
2.1800        -4486.930    -4617.648      130.718  1872.7
2.1850        -4485.808    -4616.753      130.945  1876.0
2.1900        -4484.553    -4617.072      132.519  1898.5
2.1950        -4483.223    -4611.820      128.597  1842.4
2.2000        -4481.858    -4612.458      130.601  1871.1
2.2050        -4480.488    -4616.735      136.247  1952.0
2.2100        -4479.255    -4615.895      136.641  1957.6
2.2150        -4478.229    -4616.518      138.289  1981.2
2.2200        -4477.403    -4617.923      140.520  2013.2
2.2250        -4476.762    -4613.478      136.716  1958.7
2.2300        -4476.223    -4611.953      135.730  1944.5
2.2350        -4475.729    -4615.567      139.839  2003.4
2.2400        -4475.277    -4611.560      136.283  1952.5
2.2450        -4474.852    -4610.914      136.062  1949.3
2.2500        -4474.411    -4612.007      137.596  1971.3
2.2550        -4473.954    -4609.175      135.221  1937.3
2.2600        -4473.456    -4607.195      133.740  1916.0
2.2650        -4472.883    -4606.244      133.361  1910.6
2.2700        -4472.208    -4605.347      133.139  1907.4
2.2750        -4471.443    -4609.984      138.541  1984.8
2.2800        -4470.645    -4612.855      142.210  2037.4
2.2850        -4469.898    -4612.710      142.812  2046.0
2.2900        -4469.246    -4614.148      144.903  2076.0
2.2950        -4468.699    -4610.861      142.162  2036.7
2.3000        -4468.232    -4608.957      140.725  2016.1
2.3050        -4467.799    -4610.670      142.871  2046.9
2.3100        -4467.436    -4614.264      146.828  2103.5
2.3150        -4467.200    -4613.758      146.558  2099.7
2.3200        -4467.099    -4610.425      143.326  2053.4
2.3250        -4467.085    -4609.568      142.483  2041.3
2.3300        -4467.145    -4611.637      144.492  2070.1
2.3350        -4467.307    -4612.282      144.975  2077.0
2.3400        -4467.576    -4609.189      141.612  2028.8
2.3450        -4467.888    -4604.673      136.785  1959.7
2.3500        -4468.154    -4601.695      133.541  1913.2
2.3550        -4468.334    -4603.234      134.900  1932.7
2.3600        -4468.429    -4607.011      138.582  1985.4
2.3650        -4468.518    -4609.928      141.410  2025.9
2.3700        -4468.641    -4609.435      140.794  2017.1
2.3750        -4468.812    -4609.462      140.649  2015.0
2.3800        -4469.011    -4606.701      137.689  1972.6
2.3850        -4469.202    -4604.995      135.793  1945.4
2.3900        -4469.339    -4605.861      136.522  1955.9
2.3950        -4469.449    -4609.944      140.494  2012.8
2.4000        -4469.579    -4608.990      139.410  1997.3
2.4050        -4469.701    -4604.004      134.303  1924.1
2.4100        -4469.758    -4604.721      134.963  1933.6
2.4150        -4469.715    -4604.434      134.720  1930.1
2.4200        -4469.571    -4605.053      135.482  1941.0
2.4250        -4469.309    -4606.668      137.358  1967.9
2.4300        -4468.978    -4613.851      144.873  2075.5
2.4350        -4468.683    -4617.159      148.476  2127.1
2.4400        -4468.522    -4612.646      144.124  2064.8
2.4450        -4468.457    -4609.591      141.134  2022.0
2.4500        -4468.423    -4608.778      140.356  2010.8
2.4550        -4468.390    -4605.499      137.109  1964.3
2.4600        -4468.305    -4601.126      132.821  1902.9
2.4650        -4468.088    -4602.213      134.125  1921.6
2.4700        -4467.731    -4605.963      138.233  1980.4
2.4750        -4467.298    -4604.993      137.694  1972.7
2.4800        -4466.784    -4600.660      133.875  1918.0
2.4850        -4466.142    -4601.615      135.473  1940.9
2.4900        -4465.350    -4601.536      136.186  1951.1
2.4950        -4464.442    -4603.209      138.766  1988.0
2.5000        -4463.449    -4608.298      144.849  2075.2
2.5050        -4462.483    -4610.905      148.422  2126.4
2.5100        -4461.670    -4609.028      147.358  2111.1
2.5150        -4461.012    -4603.864      142.852  2046.6
2.5200        -4460.437    -4600.645      140.208  2008.7
2.5250        -4459.872    -4598.267      138.395  1982.7
2.5300        -4459.273    -4594.003      134.731  1930.2
2.5350        -4458.584    -4594.930      136.346  1953.4
2.5400        -4457.806    -4602.625      144.819  2074.8
2.5450        -4457.074    -4605.592      148.518  2127.8
2.5500        -4456.487    -4597.200      140.714  2015.9
2.5550        -4455.955    -4592.673      136.718  1958.7
2.5600        -4455.375    -4596.694      141.319  2024.6
2.5650        -4454.778    -4597.956      143.179  2051.3
2.5700        -4454.239    -4598.955      144.716  2073.3
2.5750        -4453.784    -4598.775      144.990  2077.2
2.5800        -4453.406    -4594.236      140.831  2017.6
2.5850        -4453.056    -4592.622      139.566  1999.5
2.5900        -4452.685    -4593.295      140.611  2014.5
2.5950        -4452.303    -4595.135      142.832  2046.3
2.6000        -4451.957    -4598.475      146.518  2099.1
2.6050        -4451.703    -4597.482      145.779  2088.5
2.6100        -4451.559    -4596.557      144.998  2077.3
2.6150        -4451.523    -4599.742      148.218  2123.5
2.6200        -4451.692    -4605.324      153.633  2201.0
2.6250        -4452.215    -4607.994      155.778  2231.8
2.6300        -4453.242    -4608.241      155.000  2220.6
2.6350        -4454.740    -4601.097      146.356  2096.8
2.6400        -4456.516    -4596.747      140.231  2009.0
2.6450        -4458.437    -4599.207      140.771  2016.8
2.6500        -4460.386    -4599.747      139.361  1996.6
2.6550        -4462.187    -4598.002      135.815  1945.8
2.6600        -4463.702    -4599.548      135.846  1946.2
2.6650        -4464.981    -4606.922      141.941  2033.5
2.6700        -4466.144    -4612.769      146.625  2100.6
2.6750        -4467.245    -4613.750      146.505  2098.9
2.6800        -4468.291    -4613.959      145.668  2086.9
2.6850        -4469.270    -4612.431      143.161  2051.0
2.6900        -4470.140    -4610.372      140.232  2009.0
2.6950        -4470.903    -4610.366      139.462  1998.0
2.7000        -4471.544    -4607.319      135.775  1945.2
2.7050        -4472.030    -4605.545      133.514  1912.8
2.7100        -4472.381    -4610.074      137.693  1972.7
2.7150        -4472.684    -4613.745      141.060  2020.9
2.7200        -4472.974    -4611.256      138.282  1981.1
2.7250        -4473.234    -4611.062      137.828  1974.6
2.7300        -4473.457    -4611.294      137.837  1974.7
2.7350        -4473.626    -4609.423      135.797  1945.5
2.7400        -4473.729    -4609.458      135.728  1944.5
2.7450        -4473.771    -4611.129      137.358  1967.9
2.7500        -4473.754    -4611.714      137.960  1976.5
2.7550        -4473.704    -4612.480      138.776  1988.2
2.7600        -4473.640    -4615.348      141.709  2030.2
2.7650        -4473.624    -4618.317      144.694  2073.0
2.7700        -4473.696    -4616.932      143.235  2052.1
2.7750        -4473.852    -4614.261      140.410  2011.6
2.7800        -4474.033    -4612.230      138.197  1979.9
2.7850        -4474.188    -4608.863      134.676  1929.4
2.7900        -4474.251    -4607.194      132.943  1904.6
2.7950        -4474.217    -4611.087      136.870  1960.9
2.8000        -4474.088    -4610.176      136.088  1949.7
2.8050        -4473.895    -4612.757      138.862  1989.4
2.8100        -4473.659    -4616.678      143.019  2049.0
2.8150        -4473.458    -4617.042      143.584  2057.1
2.8200        -4473.305    -4613.236      139.931  2004.7
2.8250        -4473.157    -4611.801      138.644  1986.3
2.8300        -4472.961    -4609.939      136.978  1962.4
2.8350        -4472.692    -4609.679      136.987  1962.6
2.8400        -4472.334    -4612.695      140.361  2010.9
2.8450        -4471.917    -4611.285      139.367  1996.7
2.8500        -4471.461    -4613.918      142.457  2040.9
2.8550        -4470.975    -4613.249      142.274  2038.3
2.8600        -4470.478    -4608.529      138.051  1977.8
2.8650        -4469.922    -4608.597      138.675  1986.7
2.8700        -4469.264    -4610.091      140.827  2017.6
2.8750        -4468.550    -4611.265      142.715  2044.6
2.8800        -4467.823    -4611.652      143.829  2060.6
2.8850        -4467.112    -4608.944      141.832  2032.0
2.8900        -4466.407    -4606.679      140.273  2009.6
2.8950        -4465.665    -4605.390      139.724  2001.8
2.9000        -4464.890    -4610.809      145.918  2090.5
2.9050        -4464.154    -4611.978      147.824  2117.8
2.9100        -4463.540    -4608.730      145.189  2080.1
2.9150        -4463.055    -4611.899      148.845  2132.4
2.9200        -4462.693    -4609.626      146.933  2105.0
2.9250        -4462.491    -4610.702      148.211  2123.3
2.9300        -4462.477    -4615.498      153.021  2192.3
2.9350        -4462.743    -4613.695      150.953  2162.6
2.9400        -4463.252    -4605.853      142.600  2043.0
2.9450        -4463.865    -4603.805      139.939  2004.8
2.9500        -4464.568    -4608.838      144.270  2066.9
2.9550        -4465.427    -4611.449      146.021  2092.0
2.9600        -4466.524    -4614.674      148.151  2122.5
2.9650        -4467.873    -4615.830      147.957  2119.7
2.9700        -4469.454    -4614.959      145.505  2084.6
2.9750        -4471.072    -4609.479      138.407  1982.9
2.9800        -4472.568    -4608.492      135.924  1947.3
2.9850        -4473.879    -4611.373      137.494  1969.8
2.9900        -4475.063    -4617.154      142.091  2035.7
2.9950        -4476.165    -4619.045      142.879  2047.0
3.0000        -4477.164    -4618.584      141.420  2026.1
3.0050        -4478.063    -4620.700      142.637  2043.5
3.0100        -4478.879    -4620.043      141.164  2022.4
3.0150        -4479.582    -4617.945      138.363  1982.3
3.0200        -4480.171    -4617.879      137.709  1972.9
3.0250        -4480.634    -4615.527      134.893  1932.6
3.0300        -4480.951    -4614.237      133.286  1909.5
3.0350        -4481.121    -4614.915      133.795  1916.8
3.0400        -4481.173    -4614.878      133.705  1915.5
3.0450        -4481.104    -4614.521      133.417  1911.4
3.0500        -4480.939    -4617.245      136.306  1952.8
3.0550        -4480.699    -4616.285      135.586  1942.5
3.0600        -4480.387    -4612.682      132.295  1895.3
3.0650        -4479.975    -4612.818      132.843  1903.2
3.0700        -4479.435    -4612.997      133.563  1913.5
3.0750        -4478.778    -4613.318      134.540  1927.5
3.0800        -4478.043    -4618.620      140.577  2014.0
3.0850        -4477.296    -4620.722      143.426  2054.8
3.0900        -4476.632    -4618.419      141.787  2031.3
3.0950        -4476.041    -4615.509      139.468  1998.1
3.1000        -4475.456    -4612.001      136.544  1956.2
3.1050        -4474.840    -4611.580      136.740  1959.0
3.1100        -4474.169    -4613.265      139.095  1992.8
3.1150        -4473.489    -4614.869      141.380  2025.5
3.1200        -4472.834    -4612.584      139.750  2002.1
3.1250        -4472.217    -4613.117      140.900  2018.6
3.1300        -4471.610    -4612.821      141.211  2023.1
3.1350        -4471.050    -4612.937      141.887  2032.8
3.1400        -4470.534    -4611.938      141.404  2025.8
3.1450        -4470.057    -4610.441      140.384  2011.2
3.1500        -4469.592    -4610.067      140.475  2012.5
3.1550        -4469.161    -4615.597      146.435  2097.9
3.1600        -4468.832    -4614.652      145.820  2089.1
3.1650        -4468.611    -4607.897      139.285  1995.5
3.1700        -4468.406    -4605.284      136.878  1961.0
3.1750        -4468.134    -4605.415      137.281  1966.8
3.1800        -4467.787    -4606.271      138.484  1984.0
3.1850        -4467.388    -4610.995      143.608  2057.4
3.1900        -4467.000    -4613.754      146.754  2102.5
3.1950        -4466.685    -4610.133      143.448  2055.1
3.2000        -4466.410    -4605.989      139.579  1999.7
3.2050        -4466.076    -4604.758      138.682  1986.8
3.2100        -4465.618    -4604.112      138.494  1984.1
3.2150        -4465.009    -4607.925      142.916  2047.5
3.2200        -4464.253    -4612.115      147.862  2118.4
3.2250        -4463.469    -4612.768      149.300  2139.0
3.2300        -4462.719    -4609.808      147.089  2107.3
3.2350        -4462.024    -4608.713      146.689  2101.5
3.2400        -4461.383    -4609.437      148.054  2121.1
3.2450        -4460.838    -4608.375      147.537  2113.7
3.2500        -4460.424    -4609.454      149.030  2135.1
3.2550        -4460.177    -4609.655      149.478  2141.5
3.2600        -4460.100    -4602.645      142.546  2042.2
3.2650        -4460.110    -4602.335      142.225  2037.6
3.2700        -4460.182    -4604.687      144.505  2070.3
3.2750        -4460.339    -4603.036      142.697  2044.4
3.2800        -4460.615    -4607.914      147.299  2110.3
3.2850        -4461.034    -4605.154      144.121  2064.8
3.2900        -4461.555    -4600.029      138.473  1983.8
3.2950        -4462.106    -4601.920      139.813  2003.0
3.3000        -4462.660    -4601.119      138.459  1983.6
3.3050        -4463.252    -4606.116      142.864  2046.7
3.3100        -4463.955    -4611.655      147.700  2116.0
3.3150        -4464.848    -4611.526      146.678  2101.4
3.3200        -4465.906    -4608.522      142.616  2043.2
3.3250        -4466.966    -4601.178      134.212  1922.8
3.3300        -4467.902    -4600.297      132.395  1896.8
3.3350        -4468.711    -4603.872      135.161  1936.4
3.3400        -4469.412    -4604.613      135.201  1937.0
3.3450        -4470.037    -4606.697      136.660  1957.9
3.3500        -4470.597    -4607.548      136.952  1962.0
3.3550        -4471.086    -4605.368      134.283  1923.8
3.3600        -4471.465    -4603.594      132.129  1892.9
3.3650        -4471.715    -4606.036      134.321  1924.4
3.3700        -4471.872    -4608.266      136.394  1954.1
3.3750        -4471.949    -4606.756      134.808  1931.3
3.3800        -4471.949    -4608.917      136.968  1962.3
3.3850        -4471.905    -4613.713      141.808  2031.6
3.3900        -4471.896    -4616.611      144.715  2073.3
3.3950        -4471.985    -4615.121      143.136  2050.6
3.4000        -4472.143    -4611.964      139.821  2003.2
3.4050        -4472.336    -4612.038      139.702  2001.4
3.4100        -4472.536    -4610.255      137.718  1973.0
3.4150        -4472.732    -4610.798      138.066  1978.0
3.4200        -4472.918    -4610.939      138.020  1977.4
3.4250        -4473.084    -4609.913      136.829  1960.3
3.4300        -4473.240    -4611.620      138.379  1982.5
3.4350        -4473.386    -4611.210      137.824  1974.5
3.4400        -4473.512    -4609.254      135.742  1944.7
3.4450        -4473.587    -4609.437      135.850  1946.3
3.4500        -4473.600    -4610.925      137.324  1967.4
3.4550        -4473.558    -4609.780      136.221  1951.6
3.4600        -4473.438    -4609.503      136.065  1949.3
3.4650        -4473.235    -4614.801      141.566  2028.2
3.4700        -4473.024    -4614.829      141.805  2031.6
3.4750        -4472.802    -4606.751      133.950  1919.0
3.4800        -4472.480    -4607.082      134.602  1928.4
3.4850        -4472.005    -4610.195      138.190  1979.8
3.4900        -4471.421    -4607.735      136.314  1952.9
3.4950        -4470.725    -4607.167      136.442  1954.7
3.5000        -4469.911    -4609.481      139.569  1999.6
3.5050        -4469.012    -4610.617      141.605  2028.7
3.5100        -4468.099    -4610.563      142.464  2041.0
3.5150        -4467.199    -4607.982      140.782  2016.9
3.5200        -4466.305    -4603.625      137.320  1967.3
3.5250        -4465.377    -4604.400      139.023  1991.7
3.5300        -4464.419    -4607.547      143.128  2050.5
3.5350        -4463.493    -4607.834      144.341  2067.9
3.5400        -4462.670    -4608.441      145.771  2088.4
3.5450        -4461.975    -4608.146      146.171  2094.1
3.5500        -4461.418    -4605.145      143.726  2059.1
3.5550        -4460.964    -4601.914      140.950  2019.3
3.5600        -4460.529    -4597.459      136.931  1961.7
3.5650        -4460.086    -4602.282      142.196  2037.2
3.5700        -4459.633    -4599.239      139.606  2000.1
3.5750        -4459.183    -4593.508      134.325  1924.4
3.5800        -4458.661    -4600.795      142.135  2036.3
3.5850        -4458.122    -4604.514      146.391  2097.3
3.5900        -4457.693    -4601.456      143.762  2059.6
3.5950        -4457.355    -4598.826      141.471  2026.8
3.6000        -4457.024    -4593.907      136.882  1961.1
3.6050        -4456.649    -4594.994      138.344  1982.0
3.6100        -4456.212    -4596.315      140.103  2007.2
3.6150        -4455.728    -4594.140      138.411  1983.0
3.6200        -4455.203    -4598.922      143.718  2059.0
3.6250        -4454.688    -4603.362      148.674  2130.0
3.6300        -4454.283    -4601.476      147.194  2108.8
3.6350        -4454.010    -4598.155      144.145  2065.1
3.6400        -4453.804    -4595.931      142.127  2036.2
3.6450        -4453.623    -4596.506      142.884  2047.0
3.6500        -4453.498    -4600.728      147.230  2109.3
3.6550        -4453.498    -4600.445      146.947  2105.3
3.6600        -4453.679    -4601.115      147.436  2112.3
3.6650        -4454.080    -4601.542      147.462  2112.6
3.6700        -4454.718    -4599.164      144.446  2069.4
3.6750        -4455.576    -4598.214      142.638  2043.5
3.6800        -4456.648    -4599.733      143.085  2049.9
3.6850        -4457.903    -4598.999      141.096  2021.4
3.6900        -4459.319    -4601.645      142.326  2039.0
3.6950        -4460.863    -4602.680      141.817  2031.7
3.7000        -4462.423    -4600.768      138.345  1982.0
3.7050        -4463.913    -4603.059      139.146  1993.5
3.7100        -4465.320    -4606.697      141.376  2025.4
3.7150        -4466.661    -4608.426      141.766  2031.0
3.7200        -4467.888    -4606.417      138.529  1984.6
3.7250        -4468.911    -4603.528      134.617  1928.6
3.7300        -4469.751    -4605.794      136.044  1949.0
3.7350        -4470.412    -4604.996      134.584  1928.1
3.7400        -4470.929    -4607.322      136.392  1954.0
3.7450        -4471.342    -4608.893      137.551  1970.6
3.7500        -4471.689    -4610.295      138.607  1985.8
3.7550        -4471.993    -4610.435      138.442  1983.4
3.7600        -4472.252    -4609.391      137.138  1964.7
3.7650        -4472.463    -4609.544      137.081  1963.9
3.7700        -4472.611    -4610.172      137.561  1970.8
3.7750        -4472.750    -4614.745      141.995  2034.3
3.7800        -4472.892    -4610.669      137.777  1973.9
3.7850        -4473.003    -4606.963      133.959  1919.2
3.7900        -4473.024    -4607.966      134.942  1933.3
3.7950        -4472.933    -4605.572      132.639  1900.3
3.8000        -4472.708    -4603.831      131.122  1878.5
3.8050        -4472.332    -4607.047      134.715  1930.0
3.8100        -4471.812    -4605.971      134.160  1922.0
3.8150        -4471.166    -4605.417      134.251  1923.4
3.8200        -4470.381    -4609.222      138.841  1989.1
3.8250        -4469.500    -4610.124      140.624  2014.7
3.8300        -4468.598    -4610.230      141.632  2029.1
3.8350        -4467.685    -4608.291      140.605  2014.4
3.8400        -4466.766    -4605.545      138.778  1988.2
3.8450        -4465.818    -4605.201      139.383  1996.9
3.8500        -4464.827    -4600.288      135.460  1940.7
3.8550        -4463.776    -4598.708      134.931  1933.1
3.8600        -4462.625    -4601.888      139.263  1995.2
3.8650        -4461.442    -4599.785      138.344  1982.0
3.8700        -4460.298    -4598.377      138.079  1978.2
3.8750        -4459.188    -4600.037      140.850  2017.9
3.8800        -4458.174    -4600.969      142.795  2045.8
3.8850        -4457.310    -4600.091      142.781  2045.6
3.8900        -4456.614    -4597.674      141.059  2020.9
3.8950        -4456.047    -4596.772      140.725  2016.1
3.9000        -4455.577    -4596.002      140.425  2011.8
3.9050        -4455.209    -4598.574      143.366  2053.9
3.9100        -4454.957    -4598.757      143.800  2060.2
3.9150        -4454.830    -4600.009      145.180  2079.9
3.9200        -4454.827    -4600.980      146.153  2093.9
3.9250        -4454.940    -4598.800      143.860  2061.0
3.9300        -4455.130    -4600.105      144.975  2077.0
3.9350        -4455.407    -4601.771      146.364  2096.9
3.9400        -4455.759    -4599.368      143.609  2057.4
3.9450        -4456.166    -4601.079      144.913  2076.1
3.9500        -4456.641    -4604.320      147.680  2115.7
3.9550        -4457.237    -4605.864      148.627  2129.3
3.9600        -4457.955    -4603.985      146.030  2092.1
3.9650        -4458.720    -4601.688      142.968  2048.2
3.9700        -4459.465    -4597.896      138.430  1983.2
3.9750        -4460.112    -4595.517      135.405  1939.9
3.9800        -4460.633    -4595.629      134.996  1934.0
3.9850        -4461.012    -4593.682      132.669  1900.7
3.9900        -4461.243    -4594.548      133.305  1909.8
3.9950        -4461.358    -4600.135      138.777  1988.2
4.0000        -4461.454    -4603.074      141.620  2028.9
4.0050        -4461.572    -4600.664      139.092  1992.7
4.0100        -4461.673    -4597.742      136.070  1949.4
4.0150        -4461.709    -4597.404      135.695  1944.0
4.0200        -4461.668    -4599.389      137.721  1973.1
4.0250        -4461.596    -4602.419      140.822  2017.5
4.0300        -4461.545    -4603.504      141.960  2033.8
4.0350        -4461.528    -4600.989      139.461  1998.0
4.0400        -4461.522    -4599.076      137.554  1970.7
4.0450        -4461.453    -4598.053      136.600  1957.0
4.0500        -4461.363    -4604.672      143.309  2053.1
4.0550        -4461.295    -4604.024      142.729  2044.8
4.0600        -4461.310    -4604.516      143.206  2051.6
4.0650        -4461.404    -4605.980      144.576  2071.3
4.0700        -4461.605    -4604.786      143.181  2051.3
4.0750        -4461.932    -4602.530      140.598  2014.3
4.0800        -4462.302    -4596.699      134.397  1925.4
4.0850        -4462.664    -4598.542      135.879  1946.7
4.0900        -4463.034    -4600.247      137.213  1965.8
4.0950        -4463.400    -4594.474      131.073  1877.8
4.1000        -4463.689    -4595.539      131.850  1889.0
4.1050        -4463.893    -4600.636      136.743  1959.1
4.1100        -4464.045    -4598.309      134.264  1923.5
4.1150        -4464.139    -4600.485      136.346  1953.4
4.1200        -4464.187    -4605.162      140.975  2019.7
4.1250        -4464.268    -4607.513      143.245  2052.2
4.1300        -4464.415    -4604.309      139.893  2004.2
4.1350        -4464.615    -4604.668      140.053  2006.5
4.1400        -4464.830    -4604.111      139.281  1995.4
4.1450        -4465.068    -4605.058      139.990  2005.6
4.1500        -4465.332    -4606.046      140.714  2015.9
4.1550        -4465.647    -4607.215      141.568  2028.2
4.1600        -4466.035    -4609.412      143.378  2054.1
4.1650        -4466.524    -4607.462      140.939  2019.2
4.1700        -4467.029    -4601.257      134.229  1923.0
4.1750        -4467.487    -4604.898      137.411  1968.6
4.1800        -4467.945    -4608.885      140.940  2019.2
4.1850        -4468.413    -4604.770      136.356  1953.5
4.1900        -4468.850    -4603.812      134.962  1933.5
4.1950        -4469.213    -4603.999      134.786  1931.0
4.2000        -4469.495    -4603.591      134.096  1921.1
4.2050        -4469.700    -4605.272      135.571  1942.3
4.2100        -4469.821    -4604.030      134.208  1922.7
4.2150        -4469.833    -4600.054      130.221  1865.6
4.2200        -4469.681    -4599.408      129.727  1858.5
4.2250        -4469.328    -4597.551      128.224  1837.0
4.2300        -4468.733    -4593.152      124.419  1782.5
4.2350        -4467.848    -4597.365      129.517  1855.5
4.2400        -4466.661    -4606.560      139.899  2004.3
4.2450        -4465.370    -4611.578      146.208  2094.7
4.2500        -4464.167    -4606.344      142.177  2036.9
4.2550        -4463.091    -4599.871      136.780  1959.6
4.2600        -4462.022    -4598.786      136.764  1959.4
4.2650        -4460.939    -4599.596      138.657  1986.5
4.2700        -4459.887    -4600.962      141.075  2021.1
4.2750        -4458.914    -4600.904      141.990  2034.2
4.2800        -4458.065    -4603.361      145.296  2081.6
4.2850        -4457.373    -4600.833      143.460  2055.3
4.2900        -4456.809    -4593.005      136.196  1951.2
4.2950        -4456.268    -4592.404      136.135  1950.4
4.3000        -4455.701    -4593.044      137.343  1967.7
4.3050        -4455.108    -4587.553      132.446  1897.5
4.3100        -4454.453    -4585.448      130.996  1876.7
4.3150        -4453.690    -4592.170      138.481  1984.0
4.3200        -4452.919    -4597.206      144.287  2067.1
4.3250        -4452.268    -4595.287      143.019  2049.0
4.3300        -4451.752    -4594.911      143.159  2051.0
4.3350        -4451.334    -4596.119      144.786  2074.3
4.3400        -4451.061    -4597.999      146.938  2105.1
4.3450        -4450.942    -4598.589      147.647  2115.3
4.3500        -4450.990    -4596.615      145.625  2086.3
4.3550        -4451.164    -4595.031      143.866  2061.1
4.3600        -4451.407    -4592.509      141.102  2021.5
4.3650        -4451.662    -4590.873      139.212  1994.4
4.3700        -4451.906    -4590.613      138.707  1987.2
4.3750        -4452.116    -4591.565      139.450  1997.8
4.3800        -4452.342    -4598.324      145.982  2091.4
4.3850        -4452.706    -4601.953      149.247  2138.2
4.3900        -4453.227    -4597.495      144.268  2066.9
4.3950        -4453.851    -4597.993      144.142  2065.1
4.4000        -4454.579    -4601.480      146.901  2104.6
4.4050        -4455.439    -4600.315      144.876  2075.6
4.4100        -4456.364    -4597.690      141.326  2024.7
4.4150        -4457.298    -4598.374      141.076  2021.1
4.4200        -4458.229    -4601.180      142.951  2048.0
4.4250        -4459.190    -4603.683      144.494  2070.1
4.4300        -4460.168    -4604.923      144.755  2073.8
4.4350        -4461.144    -4604.508      143.364  2053.9
4.4400        -4462.040    -4601.083      139.044  1992.0
4.4450        -4462.761    -4597.609      134.848  1931.9
4.4500        -4463.278    -4598.715      135.437  1940.3
4.4550        -4463.605    -4599.363      135.759  1945.0
4.4600        -4463.826    -4604.022      140.196  2008.5
4.4650        -4463.995    -4604.088      140.093  2007.0
4.4700        -4464.134    -4602.169      138.034  1977.6
4.4750        -4464.231    -4603.661      139.429  1997.5
4.4800        -4464.303    -4604.198      139.895  2004.2
4.4850        -4464.378    -4605.843      141.465  2026.7
4.4900        -4464.476    -4605.157      140.682  2015.5
4.4950        -4464.563    -4599.798      135.235  1937.5
4.5000        -4464.566    -4595.450      130.885  1875.1
4.5050        -4464.424    -4594.723      130.300  1866.8
4.5100        -4464.116    -4595.389      131.273  1880.7
4.5150        -4463.660    -4595.058      131.399  1882.5
4.5200        -4463.067    -4595.775      132.708  1901.3
4.5250        -4462.349    -4598.763      136.414  1954.3
4.5300        -4461.561    -4599.312      137.751  1973.5
4.5350        -4460.755    -4599.851      139.096  1992.8
4.5400        -4459.958    -4599.424      139.466  1998.1
4.5450        -4459.177    -4597.229      138.052  1977.8
4.5500        -4458.392    -4597.904      139.511  1998.7
4.5550        -4457.629    -4601.307      143.677  2058.4
4.5600        -4456.943    -4599.868      142.925  2047.6
4.5650        -4456.356    -4599.054      142.698  2044.4
4.5700        -4455.862    -4602.576      146.715  2101.9
4.5750        -4455.488    -4598.785      143.298  2053.0
4.5800        -4455.197    -4591.015      135.818  1945.8
4.5850        -4454.870    -4590.928      136.057  1949.2
4.5900        -4454.482    -4596.633      142.151  2036.5
4.5950        -4454.109    -4596.917      142.808  2045.9
4.6000        -4453.807    -4595.935      142.128  2036.2
4.6050        -4453.530    -4592.390      138.860  1989.4
4.6100        -4453.261    -4592.873      139.612  2000.2
4.6150        -4452.968    -4591.836      138.868  1989.5
4.6200        -4452.631    -4586.109      133.478  1912.3
4.6250        -4452.176    -4587.051      134.875  1932.3
4.6300        -4451.582    -4594.086      142.504  2041.6
4.6350        -4450.943    -4596.373      145.429  2083.5
4.6400        -4450.357    -4595.831      145.474  2084.1
4.6450        -4449.809    -4591.641      141.832  2032.0
4.6500        -4449.267    -4593.502      144.235  2066.4
4.6550        -4448.708    -4593.286      144.578  2071.3
4.6600        -4448.158    -4590.076      141.919  2033.2
4.6650        -4447.572    -4591.313      143.741  2059.3
4.6700        -4446.933    -4591.797      144.864  2075.4
4.6750        -4446.282    -4593.530      147.248  2109.6
4.6800        -4445.652    -4592.753      147.101  2107.5
4.6850        -4445.077    -4594.596      149.519  2142.1
4.6900        -4444.609    -4595.940      151.330  2168.0
4.6950        -4444.329    -4595.457      151.127  2165.1
4.7000        -4444.256    -4591.576      147.321  2110.6
4.7050        -4444.361    -4590.725      146.364  2096.9
4.7100        -4444.632    -4590.870      146.238  2095.1
4.7150        -4445.075    -4589.116      144.041  2063.6
4.7200        -4445.654    -4587.430      141.776  2031.2
4.7250        -4446.367    -4589.761      143.393  2054.3
4.7300        -4447.192    -4588.277      141.085  2021.3
4.7350        -4448.115    -4589.795      141.680  2029.8
4.7400        -4449.141    -4592.075      142.934  2047.7
4.7450        -4450.278    -4593.798      143.520  2056.2
4.7500        -4451.510    -4594.492      142.982  2048.4
4.7550        -4452.804    -4593.684      140.880  2018.3
4.7600        -4454.022    -4588.582      134.560  1927.8
4.7650        -4455.097    -4590.666      135.569  1942.2
4.7700        -4456.062    -4593.491      137.430  1968.9
4.7750        -4456.885    -4589.894      133.009  1905.6
4.7800        -4457.559    -4592.699      135.140  1936.1
4.7850        -4458.132    -4597.961      139.829  2003.3
4.7900        -4458.673    -4599.021      140.349  2010.7
4.7950        -4459.221    -4600.247      141.026  2020.4
4.8000        -4459.755    -4598.121      138.366  1982.3
4.8050        -4460.241    -4595.212      134.971  1933.7
4.8100        -4460.626    -4594.742      134.116  1921.4
4.8150        -4460.918    -4598.006      137.088  1964.0
4.8200        -4461.134    -4595.735      134.601  1928.4
4.8250        -4461.256    -4595.476      134.220  1922.9
4.8300        -4461.303    -4600.943      139.640  2000.6
4.8350        -4461.322    -4601.060      139.738  2002.0
4.8400        -4461.345    -4599.502      138.157  1979.3
4.8450        -4461.344    -4599.231      137.888  1975.5
4.8500        -4461.312    -4599.222      137.910  1975.8
4.8550        -4461.230    -4595.305      134.076  1920.8
4.8600        -4461.037    -4592.599      131.562  1884.8
4.8650        -4460.682    -4594.572      133.891  1918.2
4.8700        -4460.155    -4594.937      134.782  1931.0
4.8750        -4459.461    -4595.425      135.964  1947.9
4.8800        -4458.590    -4598.313      139.722  2001.7
4.8850        -4457.590    -4601.749      144.158  2065.3
4.8900        -4456.526    -4599.919      143.393  2054.3
4.8950        -4455.434    -4594.536      139.102  1992.9
4.9000        -4454.255    -4591.905      137.649  1972.0
4.9050        -4452.940    -4596.456      143.516  2056.1
4.9100        -4451.546    -4599.493      147.947  2119.6
4.9150        -4450.256    -4602.824      152.568  2185.8
4.9200        -4449.181    -4598.856      149.676  2144.3
4.9250        -4448.336    -4591.782      143.447  2055.1
4.9300        -4447.621    -4593.004      145.384  2082.8
4.9350        -4446.991    -4592.034      145.043  2078.0
4.9400        -4446.467    -4589.728      143.261  2052.4
4.9450        -4446.037    -4593.126      147.090  2107.3
4.9500        -4445.731    -4591.829      146.098  2093.1
4.9550        -4445.533    -4585.891      140.358  2010.8
4.9600        -4445.386    -4588.749      143.363  2053.9
4.9650        -4445.298    -4592.245      146.947  2105.2
4.9700        -4445.333    -4589.746      144.413  2068.9
4.9750        -4445.511    -4590.740      145.229  2080.6
4.9800        -4445.825    -4588.511      142.687  2044.2
4.9850        -4446.245    -4584.743      138.498  1984.2
4.9900        -4446.758    -4588.377      141.619  2028.9
4.9950        -4447.463    -4592.715      145.252  2081.0
5.0000        -4448.467    -4592.110      143.643  2057.9
