      Step     Time          Energy          fmax
BFGS:    0 11:16:34       26.736226       68.368784
BFGS:    1 11:16:35     -358.570227       59.613674
BFGS:    2 11:16:35     -752.361420       51.299090
BFGS:    3 11:16:36    -1096.861113       45.086311
BFGS:    4 11:16:36    -1354.500269       40.717617
BFGS:    5 11:16:36    -1551.719299       36.369587
BFGS:    6 11:16:36    -1719.151090       30.690894
BFGS:    7 11:16:36    -1877.456036       23.011072
BFGS:    8 11:16:37    -2025.682512       15.180263
BFGS:    9 11:16:37    -2147.095883       10.935962
BFGS:   10 11:16:37    -2238.671604        6.739543
BFGS:   11 11:16:37    -2303.569951        7.262568
BFGS:   12 11:16:37    -2347.564586        6.418553
BFGS:   13 11:16:38    -2380.109374        6.644662
BFGS:   14 11:16:38    -2406.510241        5.302083
BFGS:   15 11:16:38    -2429.090355        4.446765
BFGS:   16 11:16:38    -2448.456889        3.539498
BFGS:   17 11:16:39    -2464.606260        3.637128
BFGS:   18 11:16:39    -2477.750836        3.985843
BFGS:   19 11:16:39    -2489.636461        3.700307
BFGS:   20 11:16:40    -2501.381978        3.143482
BFGS:   21 11:16:40    -2511.935419        3.170339
BFGS:   22 11:16:40    -2521.186101        2.662677
BFGS:   23 11:16:40    -2529.663311        2.425649
BFGS:   24 11:16:40    -2536.674686        3.119417
BFGS:   25 11:16:41    -2544.274101        4.550996
BFGS:   26 11:16:41    -2550.647405        2.050350
BFGS:   27 11:16:41    -2555.591770        1.898814
BFGS:   28 11:16:41    -2560.933706        2.223362
BFGS:   29 11:16:41    -2564.694685        2.076223
BFGS:   30 11:16:42    -2568.591556        1.771883
BFGS:   31 11:16:42    -2571.663999        1.672268
BFGS:   32 11:16:42    -2574.699308        1.701051
BFGS:   33 11:16:42    -2577.076877        1.688114
BFGS:   34 11:16:43    -2579.311773        1.344623
BFGS:   35 11:16:44    -2581.461987        1.197264
BFGS:   36 11:16:44    -2583.613079        1.264678
BFGS:   37 11:16:44    -2585.294678        1.083618
BFGS:   38 11:16:44    -2587.009396        1.277601
BFGS:   39 11:16:45    -2588.484584        1.056080
BFGS:   40 11:16:45    -2589.879970        0.934836
BFGS:   41 11:16:46    -2591.116586        1.031287
BFGS:   42 11:16:46    -2592.436922        1.303884
BFGS:   43 11:16:46    -2593.698703        1.338097
BFGS:   44 11:16:47    -2594.968883        0.974836
BFGS:   45 11:16:47    -2596.164636        1.065321
BFGS:   46 11:16:47    -2597.365570        0.927658
BFGS:   47 11:16:48    -2598.478490        1.001760
BFGS:   48 11:16:48    -2599.618458        0.937883
BFGS:   49 11:16:48    -2600.560042        0.843057
BFGS:   50 11:16:49    -2601.477136        0.838265
BFGS:   51 11:16:49    -2602.277952        1.097177
BFGS:   52 11:16:49    -2603.058387        0.891920
BFGS:   53 11:16:49    -2603.766780        0.790598
BFGS:   54 11:16:49    -2604.527731        0.752471
BFGS:   55 11:16:50    -2605.254767        0.819934
BFGS:   56 11:16:50    -2606.119542        0.962090
BFGS:   57 11:16:50    -2606.948669        1.007274
BFGS:   58 11:16:50    -2607.744381        0.770270
BFGS:   59 11:16:50    -2608.403242        1.212750
BFGS:   60 11:16:51    -2609.083941        0.761351
BFGS:   61 11:16:51    -2609.596699        2.406402
BFGS:   62 11:16:51    -2610.226637        1.017741
BFGS:   63 11:16:51    -2611.045129        0.792928
BFGS:   64 11:16:52    -2611.580901        0.756703
BFGS:   65 11:16:52    -2612.264760        0.953699
BFGS:   66 11:16:52    -2612.912170        1.157004
BFGS:   67 11:16:53    -2613.602983        1.021866
BFGS:   68 11:16:53    -2614.271409        0.771159
BFGS:   69 11:16:53    -2614.935933        0.808397
BFGS:   70 11:16:53    -2615.583593        0.923168
BFGS:   71 11:16:53    -2616.215869        0.929689
BFGS:   72 11:16:54    -2616.812548        0.650792
BFGS:   73 11:16:54    -2617.327258        0.619675
BFGS:   74 11:16:54    -2617.739158        0.799808
BFGS:   75 11:16:54    -2618.136018        0.712431
BFGS:   76 11:16:54    -2618.614719        0.450350
      Step     Time          Energy          fmax
BFGS:    0 11:41:43    -2208.649319       10.834194
BFGS:    1 11:41:44    -2506.340338        9.427445
BFGS:    2 11:41:44    -2717.972183        7.769572
BFGS:    3 11:41:44    -2867.631880        8.424613
BFGS:    4 11:41:44    -2989.750327        7.957313
BFGS:    5 11:41:44    -3061.982402        5.503518
BFGS:    6 11:41:45    -3082.032368        3.694232
BFGS:    7 11:41:45    -3098.882362        2.065244
BFGS:    8 11:41:45    -3108.163238        1.326740
BFGS:    9 11:41:45    -3115.352289        0.830829
      Step     Time          Energy          fmax
BFGS:    0 11:55:31    -2213.610853       10.834419
BFGS:    1 11:55:31    -2508.959296        9.427681
BFGS:    2 11:55:31    -2720.965881        7.913241
BFGS:    3 11:55:32    -2870.219290        8.415787
BFGS:    4 11:55:32    -2991.108913        7.977387
BFGS:    5 11:55:32    -3062.630863        5.530927
BFGS:    6 11:55:32    -3082.817043        3.717583
BFGS:    7 11:55:32    -3099.262826        2.087640
BFGS:    8 11:55:33    -3108.333842        1.259564
BFGS:    9 11:55:33    -3115.804251        0.823752
      Step     Time          Energy          fmax
BFGS:    0 11:58:06    -2213.610853       10.834419
BFGS:    1 11:58:06    -2508.959296        9.427681
BFGS:    2 11:58:06    -2720.965881        7.913241
BFGS:    3 11:58:07    -2870.219290        8.415787
BFGS:    4 11:58:07    -2991.108913        7.977387
BFGS:    5 11:58:07    -3062.630863        5.530927
BFGS:    6 11:58:07    -3082.817043        3.717583
BFGS:    7 11:58:07    -3099.262826        2.087640
BFGS:    8 11:58:08    -3108.333842        1.259564
BFGS:    9 11:58:08    -3115.804251        0.823752
      Step     Time          Energy          fmax
BFGS:    0 13:14:38    -2418.819807       35.836347
BFGS:    1 13:14:39    -2491.820037       11.901860
BFGS:    2 13:14:39    -2602.485900        6.528979
BFGS:    3 13:14:39    -2657.029489        5.271833
BFGS:    4 13:14:39    -2689.507645        6.627274
BFGS:    5 13:14:40    -2701.458258        2.876905
BFGS:    6 13:14:40    -2711.215971        1.725415
BFGS:    7 13:14:40    -2715.166033        1.900413
BFGS:    8 13:14:40    -2720.663599        1.522991
BFGS:    9 13:14:40    -2724.947436        1.776492
BFGS:   10 13:14:41    -2728.137444        2.016793
BFGS:   11 13:14:41    -2729.695255        1.431758
BFGS:   12 13:14:41    -2731.530101        1.686993
BFGS:   13 13:14:41    -2732.596050        1.952016
BFGS:   14 13:14:42    -2734.717469        2.526454
BFGS:   15 13:14:42    -2736.304396        3.464186
BFGS:   16 13:14:42    -2738.959944        2.894539
BFGS:   17 13:14:43    -2741.096219        2.798487
BFGS:   18 13:14:43    -2743.390575        2.976209
BFGS:   19 13:14:43    -2745.921750        2.889064
BFGS:   20 13:14:44    -2747.316237        2.361415
BFGS:   21 13:14:44    -2749.579295        2.238392
BFGS:   22 13:14:44    -2752.072687        2.787864
BFGS:   23 13:14:44    -2754.971164        3.261038
BFGS:   24 13:14:45    -2757.780172        5.744840
BFGS:   25 13:14:45    -2761.384699        2.674359
BFGS:   26 13:14:45    -2764.269270        5.400311
BFGS:   27 13:14:45    -2767.893823        3.240903
BFGS:   28 13:14:46    -2772.112395        4.052709
BFGS:   29 13:14:46    -2776.563893        3.497213
BFGS:   30 13:14:46    -2779.634127        4.137898
BFGS:   31 13:14:46    -2783.784380        4.053890
BFGS:   32 13:14:47    -2787.089903        3.119687
BFGS:   33 13:14:47    -2790.733258        3.985961
BFGS:   34 13:14:47    -2794.248664        3.005971
BFGS:   35 13:14:47    -2798.426955        3.309613
BFGS:   36 13:14:48    -2801.719407        3.131232
BFGS:   37 13:14:48    -2804.477947        4.425955
BFGS:   38 13:14:49    -2807.103759        3.271228
BFGS:   39 13:14:49    -2809.778808        2.104779
BFGS:   40 13:14:49    -2813.878272        3.619151
BFGS:   41 13:14:51    -2816.255189        2.336982
BFGS:   42 13:14:51    -2819.273842        3.551550
BFGS:   43 13:14:52    -2822.564979        2.823782
BFGS:   44 13:14:52    -2825.168463        2.265857
BFGS:   45 13:14:53    -2828.419838        3.014856
BFGS:   46 13:14:53    -2830.457669        2.602571
BFGS:   47 13:14:53    -2832.751803        4.236415
BFGS:   48 13:14:53    -2834.926126        2.361054
BFGS:   49 13:14:53    -2837.322407        2.534293
BFGS:   50 13:14:54    -2839.299678        4.427936
BFGS:   51 13:14:54    -2840.635503        1.894635
BFGS:   52 13:14:54    -2842.349789        1.350995
BFGS:   53 13:14:54    -2844.677313        2.894788
BFGS:   54 13:14:54    -2846.173706        2.868743
BFGS:   55 13:14:54    -2848.180793        4.739185
BFGS:   56 13:14:55    -2849.508534        1.634475
BFGS:   57 13:14:55    -2850.913087        3.175352
BFGS:   58 13:14:55    -2852.579474        2.469913
BFGS:   59 13:14:55    -2854.911516        2.973154
BFGS:   60 13:14:55    -2856.405197        4.564031
BFGS:   61 13:14:56    -2857.991695        1.939539
BFGS:   62 13:14:56    -2859.990982        1.603608
BFGS:   63 13:14:56    -2861.173961        2.657716
BFGS:   64 13:14:57    -2862.575643        2.675753
BFGS:   65 13:14:57    -2864.775396        3.228414
BFGS:   66 13:14:57    -2866.575866        2.296012
BFGS:   67 13:14:58    -2868.425336        2.223584
BFGS:   68 13:14:58    -2870.491081        2.986448
BFGS:   69 13:14:58    -2871.775711        3.577349
BFGS:   70 13:14:58    -2873.527443        1.712315
BFGS:   71 13:14:58    -2875.248904        1.647885
BFGS:   72 13:14:59    -2876.818930        1.795474
BFGS:   73 13:14:59    -2878.332088        1.958723
BFGS:   74 13:14:59    -2879.841181        2.233889
BFGS:   75 13:14:59    -2880.934370        1.872220
BFGS:   76 13:14:59    -2881.863080        1.913533
BFGS:   77 13:14:59    -2882.814049        2.507053
BFGS:   78 13:15:00    -2883.910437        2.714101
BFGS:   79 13:15:00    -2885.115133        1.523331
BFGS:   80 13:15:00    -2885.819443        1.513272
BFGS:   81 13:15:01    -2886.924618        1.606202
BFGS:   82 13:15:01    -2887.557270        2.336188
BFGS:   83 13:15:01    -2888.475797        1.582431
BFGS:   84 13:15:02    -2889.124269        2.401535
BFGS:   85 13:15:02    -2890.152849        1.782865
BFGS:   86 13:15:02    -2890.967539        1.917237
BFGS:   87 13:15:02    -2892.192441        1.675171
BFGS:   88 13:15:02    -2893.182837        1.646817
BFGS:   89 13:15:03    -2894.422500        1.224023
BFGS:   90 13:15:03    -2895.315464        1.290657
BFGS:   91 13:15:03    -2896.442198        1.509292
BFGS:   92 13:15:03    -2897.393155        1.310923
BFGS:   93 13:15:03    -2898.183109        2.198095
BFGS:   94 13:15:04    -2899.233617        1.303056
BFGS:   95 13:15:04    -2900.340325        1.061244
BFGS:   96 13:15:04    -2901.366566        1.524557
BFGS:   97 13:15:04    -2902.223618        1.774437
BFGS:   98 13:15:04    -2903.392590        2.632326
BFGS:   99 13:15:05    -2904.254352        1.179845
BFGS:  100 13:15:05    -2905.008754        1.491846
BFGS:  101 13:15:05    -2905.880139        1.305791
BFGS:  102 13:15:05    -2906.457798        1.402914
BFGS:  103 13:15:06    -2907.474003        1.379086
BFGS:  104 13:15:06    -2908.118052        1.040480
BFGS:  105 13:15:06    -2908.714138        0.886774
BFGS:  106 13:15:06    -2909.213245        0.965462
BFGS:  107 13:15:07    -2909.729913        0.927122
BFGS:  108 13:15:07    -2910.217239        0.835400
BFGS:  109 13:15:07    -2910.673374        0.960103
BFGS:  110 13:15:08    -2911.117260        0.855784
BFGS:  111 13:15:08    -2911.512304        1.230437
BFGS:  112 13:15:08    -2911.905403        0.830306
BFGS:  113 13:15:08    -2912.269026        0.818445
BFGS:  114 13:15:09    -2912.663347        0.903834
BFGS:  115 13:15:09    -2913.020399        1.076067
BFGS:  116 13:15:09    -2913.372219        0.714720
BFGS:  117 13:15:09    -2913.652595        0.642892
BFGS:  118 13:15:10    -2913.923475        0.702554
BFGS:  119 13:15:10    -2914.144833        1.184089
BFGS:  120 13:15:11    -2914.376186        0.665739
BFGS:  121 13:15:11    -2914.589739        0.941521
BFGS:  122 13:15:11    -2914.864305        0.528401
BFGS:  123 13:15:11    -2915.098091        0.581291
BFGS:  124 13:15:11    -2915.361549        0.702952
BFGS:  125 13:15:11    -2915.667351        0.852833
BFGS:  126 13:15:12    -2916.033621        0.864455
BFGS:  127 13:15:12    -2916.428555        1.124001
BFGS:  128 13:15:12    -2916.875160        1.139721
BFGS:  129 13:15:13    -2917.349126        1.017223
BFGS:  130 13:15:13    -2917.812406        0.954676
BFGS:  131 13:15:13    -2918.200303        1.398351
BFGS:  132 13:15:14    -2918.339129        1.234703
BFGS:  133 13:15:14    -2918.727413        0.871886
BFGS:  134 13:15:14    -2919.042153        1.551018
BFGS:  135 13:15:14    -2919.494597        1.057055
BFGS:  136 13:15:15    -2919.911500        1.239240
BFGS:  137 13:15:15    -2920.287099        1.348438
BFGS:  138 13:15:15    -2920.684543        0.984262
BFGS:  139 13:15:15    -2920.933750        0.748281
BFGS:  140 13:15:15    -2921.128183        0.615416
BFGS:  141 13:15:16    -2921.197374        1.854082
BFGS:  142 13:15:16    -2921.347303        0.647934
BFGS:  143 13:15:16    -2921.454884        0.437057
BFGS:  144 13:15:16    -2921.616994        0.533015
BFGS:  145 13:15:17    -2921.714486        0.581874
BFGS:  146 13:15:17    -2921.832802        0.407451
BFGS:  147 13:15:17    -2921.923843        0.363561
BFGS:  148 13:15:17    -2922.037701        0.365659
BFGS:  149 13:15:18    -2922.144983        0.351245
BFGS:  150 13:15:18    -2922.261718        0.377575
BFGS:  151 13:15:19    -2922.380355        0.459109
BFGS:  152 13:15:19    -2922.510818        0.526613
BFGS:  153 13:15:20    -2922.660648        0.637075
BFGS:  154 13:15:20    -2922.826063        0.644961
BFGS:  155 13:15:20    -2922.985106        0.498029
BFGS:  156 13:15:20    -2923.148306        0.603530
BFGS:  157 13:15:21    -2923.252256        0.683242
BFGS:  158 13:15:21    -2923.334373        0.382532
BFGS:  159 13:15:21    -2923.421571        0.276067
BFGS:  160 13:15:21    -2923.518454        0.598692
BFGS:  161 13:15:22    -2923.575315        0.497876
BFGS:  162 13:15:22    -2923.669265        0.391528
BFGS:  163 13:15:22    -2923.736632        0.350812
BFGS:  164 13:15:22    -2923.804634        0.333416
BFGS:  165 13:15:22    -2923.866136        0.374969
BFGS:  166 13:15:23    -2923.931662        0.360099
BFGS:  167 13:15:23    -2924.000315        0.403586
BFGS:  168 13:15:23    -2924.083021        0.438898
BFGS:  169 13:15:24    -2924.184952        0.429854
BFGS:  170 13:15:24    -2924.313776        0.406302
BFGS:  171 13:15:24    -2924.473281        0.543316
BFGS:  172 13:15:24    -2924.649342        0.687299
BFGS:  173 13:15:25    -2924.851351        0.596393
BFGS:  174 13:15:25    -2925.061932        0.480526
BFGS:  175 13:15:25    -2925.217192        0.436196
BFGS:  176 13:15:25    -2925.179000        1.611293
BFGS:  177 13:15:25    -2925.429932        0.365509
BFGS:  178 13:15:26    -2925.510039        0.328039
BFGS:  179 13:15:26    -2925.674895        0.338297
BFGS:  180 13:15:26    -2925.750230        0.335627
BFGS:  181 13:15:26    -2925.865443        0.349807
BFGS:  182 13:15:26    -2925.958590        0.331173
BFGS:  183 13:15:27    -2926.058005        0.412329
BFGS:  184 13:15:27    -2926.168750        0.553862
BFGS:  185 13:15:27    -2926.307464        0.731481
BFGS:  186 13:15:28    -2926.481055        1.014633
BFGS:  187 13:15:28    -2926.674803        1.073565
      Step     Time          Energy          fmax
BFGS:    0 13:16:01    -2418.819807       35.836347
BFGS:    1 13:16:02    -2491.820037       11.901860
BFGS:    2 13:16:02    -2602.485900        6.528979
BFGS:    3 13:16:03    -2657.029489        5.271833
BFGS:    4 13:16:03    -2689.507645        6.627274
BFGS:    5 13:16:04    -2701.458258        2.876905
BFGS:    6 13:16:05    -2711.215971        1.725415
BFGS:    7 13:16:06    -2715.166033        1.900413
BFGS:    8 13:16:06    -2720.663599        1.522991
BFGS:    9 13:16:06    -2724.947436        1.776492
BFGS:   10 13:16:06    -2728.137444        2.016793
BFGS:   11 13:16:07    -2729.695255        1.431758
BFGS:   12 13:16:08    -2731.530101        1.686993
BFGS:   13 13:16:08    -2732.596050        1.952016
BFGS:   14 13:16:09    -2734.717469        2.526454
BFGS:   15 13:16:09    -2736.304396        3.464186
BFGS:   16 13:16:09    -2738.959944        2.894539
BFGS:   17 13:16:10    -2741.096219        2.798487
BFGS:   18 13:16:10    -2743.390575        2.976209
BFGS:   19 13:16:10    -2745.921750        2.889064
BFGS:   20 13:16:10    -2747.316237        2.361415
BFGS:   21 13:16:11    -2749.579295        2.238392
BFGS:   22 13:16:11    -2752.072687        2.787864
BFGS:   23 13:16:11    -2754.971164        3.261038
BFGS:   24 13:16:11    -2757.780172        5.744840
BFGS:   25 13:16:12    -2761.384699        2.674359
BFGS:   26 13:16:12    -2764.269270        5.400311
BFGS:   27 13:16:12    -2767.893823        3.240903
BFGS:   28 13:16:12    -2772.112395        4.052709
BFGS:   29 13:16:12    -2776.563893        3.497213
BFGS:   30 13:16:12    -2779.634127        4.137898
BFGS:   31 13:16:13    -2783.784380        4.053890
BFGS:   32 13:16:13    -2787.089903        3.119687
BFGS:   33 13:16:13    -2790.733258        3.985961
BFGS:   34 13:16:14    -2794.248664        3.005971
BFGS:   35 13:16:14    -2798.426955        3.309613
BFGS:   36 13:16:14    -2801.719407        3.131232
BFGS:   37 13:16:14    -2804.477947        4.425955
BFGS:   38 13:16:14    -2807.103759        3.271228
BFGS:   39 13:16:15    -2809.778808        2.104779
BFGS:   40 13:16:15    -2813.878272        3.619151
BFGS:   41 13:16:15    -2816.255189        2.336982
BFGS:   42 13:16:15    -2819.273842        3.551550
BFGS:   43 13:16:15    -2822.564979        2.823782
BFGS:   44 13:16:16    -2825.168463        2.265857
BFGS:   45 13:16:16    -2828.419838        3.014856
BFGS:   46 13:16:16    -2830.457669        2.602571
BFGS:   47 13:16:16    -2832.751803        4.236415
BFGS:   48 13:16:16    -2834.926126        2.361054
BFGS:   49 13:16:17    -2837.322407        2.534293
BFGS:   50 13:16:17    -2839.299678        4.427936
BFGS:   51 13:16:17    -2840.635503        1.894635
BFGS:   52 13:16:17    -2842.349789        1.350995
BFGS:   53 13:16:17    -2844.677313        2.894788
BFGS:   54 13:16:17    -2846.173706        2.868743
BFGS:   55 13:16:18    -2848.180793        4.739185
BFGS:   56 13:16:18    -2849.508534        1.634475
BFGS:   57 13:16:18    -2850.913087        3.175352
BFGS:   58 13:16:18    -2852.579474        2.469913
BFGS:   59 13:16:19    -2854.911516        2.973154
BFGS:   60 13:16:19    -2856.405197        4.564031
BFGS:   61 13:16:19    -2857.991695        1.939539
BFGS:   62 13:16:19    -2859.990982        1.603608
BFGS:   63 13:16:20    -2861.173961        2.657716
BFGS:   64 13:16:20    -2862.575643        2.675753
BFGS:   65 13:16:20    -2864.775396        3.228414
BFGS:   66 13:16:22    -2866.575866        2.296012
BFGS:   67 13:16:23    -2868.425336        2.223584
BFGS:   68 13:16:23    -2870.491081        2.986448
BFGS:   69 13:16:23    -2871.775711        3.577349
BFGS:   70 13:16:24    -2873.527443        1.712315
BFGS:   71 13:16:25    -2875.248904        1.647885
BFGS:   72 13:16:25    -2876.818930        1.795474
BFGS:   73 13:16:25    -2878.332088        1.958723
BFGS:   74 13:16:25    -2879.841181        2.233889
BFGS:   75 13:16:25    -2880.934370        1.872220
BFGS:   76 13:16:26    -2881.863080        1.913533
BFGS:   77 13:16:26    -2882.814049        2.507053
BFGS:   78 13:16:26    -2883.910437        2.714101
BFGS:   79 13:16:26    -2885.115133        1.523331
BFGS:   80 13:16:26    -2885.819443        1.513272
BFGS:   81 13:16:27    -2886.924618        1.606202
BFGS:   82 13:16:27    -2887.557270        2.336188
BFGS:   83 13:16:27    -2888.475797        1.582431
BFGS:   84 13:16:27    -2889.124269        2.401535
BFGS:   85 13:16:27    -2890.152849        1.782865
BFGS:   86 13:16:28    -2890.967539        1.917237
BFGS:   87 13:16:28    -2892.192441        1.675171
BFGS:   88 13:16:29    -2893.182837        1.646817
BFGS:   89 13:16:29    -2894.422500        1.224023
BFGS:   90 13:16:29    -2895.315464        1.290657
BFGS:   91 13:16:29    -2896.442198        1.509292
BFGS:   92 13:16:29    -2897.393155        1.310923
BFGS:   93 13:16:30    -2898.183109        2.198095
BFGS:   94 13:16:30    -2899.233617        1.303056
BFGS:   95 13:16:30    -2900.340325        1.061244
BFGS:   96 13:16:30    -2901.366566        1.524557
BFGS:   97 13:16:30    -2902.223618        1.774437
BFGS:   98 13:16:31    -2903.392590        2.632326
BFGS:   99 13:16:31    -2904.254352        1.179845
BFGS:  100 13:16:31    -2905.008754        1.491846
BFGS:  101 13:16:31    -2905.880139        1.305791
BFGS:  102 13:16:31    -2906.457798        1.402914
BFGS:  103 13:16:31    -2907.474003        1.379086
BFGS:  104 13:16:32    -2908.118052        1.040480
BFGS:  105 13:16:32    -2908.714138        0.886774
BFGS:  106 13:16:32    -2909.213245        0.965462
BFGS:  107 13:16:33    -2909.729913        0.927122
BFGS:  108 13:16:33    -2910.217239        0.835400
BFGS:  109 13:16:33    -2910.673374        0.960103
BFGS:  110 13:16:33    -2911.117260        0.855784
BFGS:  111 13:16:33    -2911.512304        1.230437
BFGS:  112 13:16:34    -2911.905403        0.830306
BFGS:  113 13:16:34    -2912.269026        0.818445
BFGS:  114 13:16:34    -2912.663347        0.903834
BFGS:  115 13:16:34    -2913.020399        1.076067
BFGS:  116 13:16:34    -2913.372219        0.714720
BFGS:  117 13:16:35    -2913.652595        0.642892
BFGS:  118 13:16:35    -2913.923475        0.702554
BFGS:  119 13:16:35    -2914.144833        1.184089
BFGS:  120 13:16:35    -2914.376186        0.665739
BFGS:  121 13:16:36    -2914.589739        0.941521
BFGS:  122 13:16:36    -2914.864305        0.528401
BFGS:  123 13:16:36    -2915.098091        0.581291
BFGS:  124 13:16:36    -2915.361549        0.702952
BFGS:  125 13:16:37    -2915.667351        0.852833
BFGS:  126 13:16:37    -2916.033621        0.864455
BFGS:  127 13:16:37    -2916.428555        1.124001
BFGS:  128 13:16:37    -2916.875160        1.139721
BFGS:  129 13:16:37    -2917.349126        1.017223
BFGS:  130 13:16:38    -2917.812406        0.954676
BFGS:  131 13:16:38    -2918.200303        1.398351
BFGS:  132 13:16:38    -2918.339129        1.234703
BFGS:  133 13:16:39    -2918.727413        0.871886
BFGS:  134 13:16:39    -2919.042153        1.551018
BFGS:  135 13:16:39    -2919.494597        1.057055
BFGS:  136 13:16:40    -2919.911500        1.239240
BFGS:  137 13:16:40    -2920.287099        1.348438
BFGS:  138 13:16:40    -2920.684543        0.984262
BFGS:  139 13:16:41    -2920.933750        0.748281
BFGS:  140 13:16:41    -2921.128183        0.615416
BFGS:  141 13:16:42    -2921.197374        1.854082
BFGS:  142 13:16:42    -2921.347303        0.647934
BFGS:  143 13:16:42    -2921.454884        0.437057
BFGS:  144 13:16:42    -2921.616994        0.533015
BFGS:  145 13:16:42    -2921.714486        0.581874
BFGS:  146 13:16:43    -2921.832802        0.407451
BFGS:  147 13:16:43    -2921.923843        0.363561
BFGS:  148 13:16:43    -2922.037701        0.365659
BFGS:  149 13:16:43    -2922.144983        0.351245
BFGS:  150 13:16:44    -2922.261718        0.377575
BFGS:  151 13:16:44    -2922.380355        0.459109
BFGS:  152 13:16:44    -2922.510818        0.526613
BFGS:  153 13:16:45    -2922.660648        0.637075
BFGS:  154 13:16:45    -2922.826063        0.644961
BFGS:  155 13:16:45    -2922.985106        0.498029
BFGS:  156 13:16:45    -2923.148306        0.603530
BFGS:  157 13:16:46    -2923.252256        0.683242
BFGS:  158 13:16:46    -2923.334373        0.382532
BFGS:  159 13:16:46    -2923.421571        0.276067
BFGS:  160 13:16:46    -2923.518454        0.598692
BFGS:  161 13:16:46    -2923.575315        0.497876
BFGS:  162 13:16:47    -2923.669265        0.391528
BFGS:  163 13:16:47    -2923.736632        0.350812
BFGS:  164 13:16:47    -2923.804634        0.333416
BFGS:  165 13:16:47    -2923.866136        0.374969
BFGS:  166 13:16:48    -2923.931662        0.360099
BFGS:  167 13:16:48    -2924.000315        0.403586
BFGS:  168 13:16:48    -2924.083021        0.438898
BFGS:  169 13:16:48    -2924.184952        0.429854
BFGS:  170 13:16:48    -2924.313776        0.406302
BFGS:  171 13:16:49    -2924.473281        0.543316
BFGS:  172 13:16:49    -2924.649342        0.687299
BFGS:  173 13:16:49    -2924.851351        0.596393
BFGS:  174 13:16:49    -2925.061932        0.480526
BFGS:  175 13:16:49    -2925.217192        0.436196
BFGS:  176 13:16:50    -2925.179000        1.611293
BFGS:  177 13:16:50    -2925.429932        0.365509
BFGS:  178 13:16:50    -2925.510039        0.328039
BFGS:  179 13:16:50    -2925.674895        0.338297
BFGS:  180 13:16:51    -2925.750230        0.335627
BFGS:  181 13:16:51    -2925.865443        0.349807
BFGS:  182 13:16:51    -2925.958590        0.331173
BFGS:  183 13:16:51    -2926.058005        0.412329
BFGS:  184 13:16:51    -2926.168750        0.553862
BFGS:  185 13:16:52    -2926.307464        0.731481
BFGS:  186 13:16:52    -2926.481055        1.014633
BFGS:  187 13:16:52    -2926.674803        1.073565
BFGS:  188 13:16:52    -2926.876044        0.682919
BFGS:  189 13:16:52    -2927.094777        0.518469
BFGS:  190 13:16:53    -2927.148743        0.753695
BFGS:  191 13:16:53    -2927.295958        0.309722
BFGS:  192 13:16:53    -2927.362336        0.377845
BFGS:  193 13:16:54    -2927.425729        0.294241
BFGS:  194 13:16:54    -2927.476485        0.281847
BFGS:  195 13:16:54    -2927.522551        0.197365
BFGS:  196 13:16:55    -2927.565721        0.217833
BFGS:  197 13:16:55    -2927.610514        0.231200
BFGS:  198 13:16:55    -2927.657625        0.282627
BFGS:  199 13:16:55    -2927.706274        0.290240
BFGS:  200 13:16:56    -2927.758123        0.301341
BFGS:  201 13:16:56    -2927.810682        0.310234
BFGS:  202 13:16:56    -2927.863341        0.327309
BFGS:  203 13:16:56    -2927.915973        0.305755
BFGS:  204 13:16:56    -2927.966518        0.305218
BFGS:  205 13:16:57    -2928.008900        0.266371
BFGS:  206 13:16:57    -2928.041645        0.207037
BFGS:  207 13:16:57    -2928.066699        0.183137
BFGS:  208 13:16:57    -2928.090953        0.280261
BFGS:  209 13:16:57    -2928.115370        0.221080
BFGS:  210 13:16:57    -2928.149664        0.182806
BFGS:  211 13:16:58    -2928.171855        0.172379
BFGS:  212 13:16:58    -2928.205493        0.194189
BFGS:  213 13:16:58    -2928.233005        0.225661
BFGS:  214 13:16:59    -2928.262449        0.226014
BFGS:  215 13:16:59    -2928.289019        0.201419
BFGS:  216 13:16:59    -2928.315979        0.193838
BFGS:  217 13:17:00    -2928.340911        0.149167
BFGS:  218 13:17:00    -2928.366244        0.145075
BFGS:  219 13:17:00    -2928.390845        0.159407
BFGS:  220 13:17:01    -2928.416920        0.169232
BFGS:  221 13:17:01    -2928.443302        0.168851
BFGS:  222 13:17:01    -2928.469307        0.186746
BFGS:  223 13:17:01    -2928.495330        0.188115
BFGS:  224 13:17:01    -2928.522155        0.205621
BFGS:  225 13:17:02    -2928.550256        0.187404
BFGS:  226 13:17:02    -2928.580241        0.192880
BFGS:  227 13:17:02    -2928.614578        0.227790
BFGS:  228 13:17:02    -2928.654344        0.225932
BFGS:  229 13:17:03    -2928.700248        0.316864
BFGS:  230 13:17:03    -2928.747777        0.260706
BFGS:  231 13:17:03    -2928.781855        0.484682
BFGS:  232 13:17:03    -2928.840242        0.294810
BFGS:  233 13:17:03    -2928.900478        0.275215
BFGS:  234 13:17:04    -2928.961724        0.248629
BFGS:  235 13:17:04    -2929.013847        0.246717
BFGS:  236 13:17:04    -2929.064340        0.252457
BFGS:  237 13:17:05    -2929.110308        0.248247
BFGS:  238 13:17:05    -2929.152120        0.234526
BFGS:  239 13:17:05    -2929.193168        0.224135
BFGS:  240 13:17:05    -2929.236042        0.204114
BFGS:  241 13:17:06    -2929.272328        0.182571
BFGS:  242 13:17:06    -2929.304094        0.157183
BFGS:  243 13:17:06    -2929.331736        0.143433
BFGS:  244 13:17:06    -2929.356617        0.168520
BFGS:  245 13:17:07    -2929.378103        0.146579
BFGS:  246 13:17:07    -2929.398045        0.147126
BFGS:  247 13:17:07    -2929.416573        0.118026
BFGS:  248 13:17:07    -2929.433908        0.137335
BFGS:  249 13:17:08    -2929.449416        0.114942
BFGS:  250 13:17:08    -2929.464469        0.127641
BFGS:  251 13:17:08    -2929.479685        0.119352
BFGS:  252 13:17:08    -2929.494763        0.128607
BFGS:  253 13:17:09    -2929.508145        0.114912
BFGS:  254 13:17:09    -2929.520791        0.091252
BFGS:  255 13:17:09    -2929.532973        0.110894
BFGS:  256 13:17:09    -2929.544494        0.096605
BFGS:  257 13:17:09    -2929.556090        0.096239
BFGS:  258 13:17:09    -2929.567331        0.090778
BFGS:  259 13:17:10    -2929.579304        0.094016
BFGS:  260 13:17:10    -2929.591457        0.100935
BFGS:  261 13:17:10    -2929.603673        0.104186
BFGS:  262 13:17:10    -2929.615542        0.121567
BFGS:  263 13:17:11    -2929.627341        0.108737
BFGS:  264 13:17:11    -2929.639291        0.102061
BFGS:  265 13:17:11    -2929.651620        0.124759
BFGS:  266 13:17:11    -2929.665133        0.102944
BFGS:  267 13:17:11    -2929.679510        0.118858
BFGS:  268 13:17:11    -2929.697292        0.144125
BFGS:  269 13:17:12    -2929.718669        0.198422
BFGS:  270 13:17:12    -2929.746819        0.278532
BFGS:  271 13:17:12    -2929.784545        0.358437
BFGS:  272 13:17:12    -2929.834458        0.430444
BFGS:  273 13:17:12    -2929.901204        0.461638
BFGS:  274 13:17:13    -2929.853331        1.338913
BFGS:  275 13:17:13    -2930.012367        0.404770
BFGS:  276 13:17:13    -2930.064895        0.389741
BFGS:  277 13:17:13    -2930.161609        0.333467
BFGS:  278 13:17:14    -2930.197380        0.248309
BFGS:  279 13:17:14    -2930.247485        0.239364
BFGS:  280 13:17:14    -2930.277509        0.206741
BFGS:  281 13:17:14    -2930.305800        0.188249
BFGS:  282 13:17:14    -2930.331041        0.173121
BFGS:  283 13:17:15    -2930.352666        0.202363
BFGS:  284 13:17:15    -2930.372510        0.175638
BFGS:  285 13:17:15    -2930.391358        0.159294
BFGS:  286 13:17:15    -2930.409989        0.151809
BFGS:  287 13:17:16    -2930.426590        0.147172
BFGS:  288 13:17:16    -2930.441656        0.143205
BFGS:  289 13:17:16    -2930.455711        0.134430
BFGS:  290 13:17:16    -2930.469668        0.122719
BFGS:  291 13:17:16    -2930.483494        0.122309
BFGS:  292 13:17:17    -2930.496254        0.097741
BFGS:  293 13:17:17    -2930.508605        0.103313
BFGS:  294 13:17:17    -2930.520399        0.119851
BFGS:  295 13:17:18    -2930.532031        0.122420
BFGS:  296 13:17:18    -2930.542604        0.107376
BFGS:  297 13:17:18    -2930.551974        0.094196
BFGS:  298 13:17:19    -2930.561100        0.081163
BFGS:  299 13:17:19    -2930.570278        0.105203
BFGS:  300 13:17:19    -2930.579412        0.092275
BFGS:  301 13:17:19    -2930.589775        0.089805
BFGS:  302 13:17:19    -2930.600360        0.089711
BFGS:  303 13:17:20    -2930.611124        0.097756
BFGS:  304 13:17:20    -2930.621997        0.100997
BFGS:  305 13:17:20    -2930.632494        0.097177
BFGS:  306 13:17:20    -2930.643133        0.101866
BFGS:  307 13:17:20    -2930.653604        0.107423
BFGS:  308 13:17:21    -2930.664290        0.112101
BFGS:  309 13:17:21    -2930.675144        0.116051
BFGS:  310 13:17:21    -2930.686622        0.115419
BFGS:  311 13:17:22    -2930.698387        0.108402
BFGS:  312 13:17:22    -2930.709961        0.098106
BFGS:  313 13:17:22    -2930.720523        0.083759
BFGS:  314 13:17:23    -2930.730216        0.083819
BFGS:  315 13:17:23    -2930.738708        0.091775
BFGS:  316 13:17:23    -2930.746272        0.102798
BFGS:  317 13:17:23    -2930.752697        0.072087
BFGS:  318 13:17:24    -2930.759801        0.060591
BFGS:  319 13:17:24    -2930.764270        0.060691
BFGS:  320 13:17:24    -2930.769619        0.076023
BFGS:  321 13:17:25    -2930.773474        0.063141
BFGS:  322 13:17:25    -2930.777407        0.058151
BFGS:  323 13:17:25    -2930.780956        0.058989
BFGS:  324 13:17:25    -2930.784615        0.053047
BFGS:  325 13:17:25    -2930.787852        0.050068
BFGS:  326 13:17:25    -2930.790603        0.046009
BFGS:  327 13:17:26    -2930.793342        0.051734
BFGS:  328 13:17:26    -2930.796729        0.059600
BFGS:  329 13:17:26    -2930.800225        0.056940
BFGS:  330 13:17:27    -2930.803096        0.050792
BFGS:  331 13:17:27    -2930.806325        0.050307
BFGS:  332 13:17:27    -2930.809942        0.060480
BFGS:  333 13:17:27    -2930.813350        0.061039
BFGS:  334 13:17:28    -2930.816513        0.047893
BFGS:  335 13:17:28    -2930.819590        0.050155
BFGS:  336 13:17:28    -2930.823041        0.047973
BFGS:  337 13:17:28    -2930.827213        0.054381
BFGS:  338 13:17:29    -2930.831461        0.065342
BFGS:  339 13:17:29    -2930.835625        0.068714
BFGS:  340 13:17:29    -2930.840216        0.071052
BFGS:  341 13:17:29    -2930.844915        0.056910
BFGS:  342 13:17:29    -2930.850150        0.065407
BFGS:  343 13:17:30    -2930.856516        0.072925
BFGS:  344 13:17:30    -2930.863222        0.097852
BFGS:  345 13:17:30    -2930.870018        0.088544
BFGS:  346 13:17:30    -2930.876948        0.068294
BFGS:  347 13:17:31    -2930.883762        0.065841
BFGS:  348 13:17:31    -2930.890313        0.072336
BFGS:  349 13:17:31    -2930.896912        0.077472
BFGS:  350 13:17:31    -2930.903216        0.059981
BFGS:  351 13:17:32    -2930.909302        0.057573
BFGS:  352 13:17:32    -2930.914787        0.064519
BFGS:  353 13:17:32    -2930.920313        0.087012
BFGS:  354 13:17:32    -2930.925560        0.076229
BFGS:  355 13:17:32    -2930.929566        0.118199
BFGS:  356 13:17:33    -2930.935197        0.078271
BFGS:  357 13:17:33    -2930.941136        0.068529
BFGS:  358 13:17:33    -2930.946213        0.064721
BFGS:  359 13:17:33    -2930.951143        0.065706
BFGS:  360 13:17:33    -2930.956597        0.062246
BFGS:  361 13:17:34    -2930.962057        0.060479
BFGS:  362 13:17:34    -2930.967457        0.087000
BFGS:  363 13:17:34    -2930.972456        0.085666
BFGS:  364 13:17:34    -2930.978209        0.077856
BFGS:  365 13:17:35    -2930.983833        0.082184
BFGS:  366 13:17:35    -2930.989487        0.082121
BFGS:  367 13:17:35    -2930.994936        0.084693
BFGS:  368 13:17:35    -2931.000994        0.085877
BFGS:  369 13:17:36    -2931.006216        0.082786
BFGS:  370 13:17:36    -2931.011614        0.077514
BFGS:  371 13:17:36    -2931.016823        0.075784
BFGS:  372 13:17:36    -2931.021858        0.074860
BFGS:  373 13:17:37    -2931.026642        0.077887
BFGS:  374 13:17:37    -2931.031169        0.072878
BFGS:  375 13:17:37    -2931.034888        0.055986
BFGS:  376 13:17:38    -2931.038229        0.070869
BFGS:  377 13:17:38    -2931.041602        0.050036
BFGS:  378 13:17:38    -2931.044932        0.047583
BFGS:  379 13:17:38    -2931.047495        0.048373
BFGS:  380 13:17:38    -2931.050452        0.051017
BFGS:  381 13:17:39    -2931.052870        0.041321
BFGS:  382 13:17:39    -2931.055055        0.049866
BFGS:  383 13:17:39    -2931.057219        0.039394
BFGS:  384 13:17:39    -2931.059373        0.040323
BFGS:  385 13:17:40    -2931.061346        0.042323
BFGS:  386 13:17:40    -2931.063329        0.047290
BFGS:  387 13:17:40    -2931.065409        0.044652
BFGS:  388 13:17:41    -2931.067731        0.044099
BFGS:  389 13:17:41    -2931.070122        0.046906
BFGS:  390 13:17:42    -2931.072265        0.041901
BFGS:  391 13:17:42    -2931.073988        0.036562
BFGS:  392 13:17:43    -2931.075712        0.033559
BFGS:  393 13:17:43    -2931.077520        0.033546
BFGS:  394 13:17:43    -2931.079200        0.043675
BFGS:  395 13:17:44    -2931.080773        0.036603
BFGS:  396 13:17:44    -2931.082386        0.031265
BFGS:  397 13:17:44    -2931.083795        0.032302
BFGS:  398 13:17:45    -2931.085177        0.044426
BFGS:  399 13:17:45    -2931.086705        0.040825
BFGS:  400 13:17:46    -2931.088157        0.031543
BFGS:  401 13:17:46    -2931.089743        0.030101
BFGS:  402 13:17:46    -2931.090872        0.035852
BFGS:  403 13:17:47    -2931.092305        0.041419
BFGS:  404 13:17:47    -2931.093439        0.034044
BFGS:  405 13:17:47    -2931.094584        0.034864
BFGS:  406 13:17:48    -2931.095587        0.029415
BFGS:  407 13:17:48    -2931.096704        0.031095
BFGS:  408 13:17:48    -2931.097747        0.026602
BFGS:  409 13:17:49    -2931.098790        0.031263
BFGS:  410 13:17:49    -2931.099585        0.028600
BFGS:  411 13:17:49    -2931.100188        0.023506
BFGS:  412 13:17:50    -2931.100983        0.025763
BFGS:  413 13:17:51    -2931.101964        0.024845
BFGS:  414 13:17:51    -2931.102661        0.023960
BFGS:  415 13:17:52    -2931.103580        0.022060
BFGS:  416 13:17:52    -2931.104103        0.026960
BFGS:  417 13:17:52    -2931.104789        0.025117
BFGS:  418 13:17:53    -2931.105623        0.023529
BFGS:  419 13:17:53    -2931.106378        0.020927
BFGS:  420 13:17:54    -2931.106929        0.025773
BFGS:  421 13:17:54    -2931.107428        0.022924
BFGS:  422 13:17:54    -2931.108032        0.020241
BFGS:  423 13:17:55    -2931.108442        0.018883
BFGS:  424 13:17:55    -2931.109136        0.019100
BFGS:  425 13:17:56    -2931.109647        0.018260
BFGS:  426 13:17:56    -2931.110214        0.021385
BFGS:  427 13:17:56    -2931.110685        0.019860
BFGS:  428 13:17:57    -2931.111171        0.021823
BFGS:  429 13:17:57    -2931.111492        0.021871
BFGS:  430 13:17:58    -2931.111860        0.017558
BFGS:  431 13:17:58    -2931.112207        0.016839
BFGS:  432 13:17:58    -2931.112683        0.016879
BFGS:  433 13:17:59    -2931.113292        0.015752
BFGS:  434 13:17:59    -2931.113525        0.015830
BFGS:  435 13:17:59    -2931.113925        0.015723
BFGS:  436 13:18:00    -2931.114425        0.015755
BFGS:  437 13:18:00    -2931.114490        0.016249
BFGS:  438 13:18:01    -2931.114761        0.015979
BFGS:  439 13:18:01    -2931.115055        0.015534
BFGS:  440 13:18:01    -2931.115354        0.015463
BFGS:  441 13:18:01    -2931.115625        0.015607
BFGS:  442 13:18:02    -2931.115864        0.013879
BFGS:  443 13:18:02    -2931.116276        0.014638
BFGS:  444 13:18:02    -2931.116444        0.015841
BFGS:  445 13:18:02    -2931.116592        0.016289
BFGS:  446 13:18:03    -2931.116863        0.014622
BFGS:  447 13:18:03    -2931.117067        0.014236
BFGS:  448 13:18:04    -2931.117474        0.013567
BFGS:  449 13:18:04    -2931.117799        0.014141
BFGS:  450 13:18:04    -2931.117946        0.011048
BFGS:  451 13:18:04    -2931.118051        0.013571
BFGS:  452 13:18:05    -2931.118185        0.015028
BFGS:  453 13:18:05    -2931.118345        0.012748
BFGS:  454 13:18:05    -2931.118507        0.011952
BFGS:  455 13:18:06    -2931.118704        0.010120
BFGS:  456 13:18:06    -2931.118796        0.012657
BFGS:  457 13:18:06    -2931.118918        0.012321
BFGS:  458 13:18:06    -2931.119099        0.010146
BFGS:  459 13:18:07    -2931.119268        0.009135
      Step     Time          Energy          fmax
BFGS:    0 13:21:18    -2418.819807       35.836347
BFGS:    1 13:21:23    -2491.820037       11.901860
BFGS:    2 13:21:25    -2602.485900        6.528979
BFGS:    3 13:21:25    -2657.029489        5.271833
BFGS:    4 13:21:25    -2689.507645        6.627274
BFGS:    5 13:21:26    -2701.458258        2.876905
BFGS:    6 13:21:26    -2711.215971        1.725415
BFGS:    7 13:21:26    -2715.166033        1.900413
BFGS:    8 13:21:27    -2720.663599        1.522991
BFGS:    9 13:21:27    -2724.947436        1.776492
BFGS:   10 13:21:27    -2728.137444        2.016793
BFGS:   11 13:21:27    -2729.695255        1.431758
BFGS:   12 13:21:28    -2731.530101        1.686993
BFGS:   13 13:21:28    -2732.596050        1.952016
BFGS:   14 13:21:28    -2734.717469        2.526454
BFGS:   15 13:21:28    -2736.304396        3.464186
BFGS:   16 13:21:28    -2738.959944        2.894539
BFGS:   17 13:21:29    -2741.096219        2.798487
BFGS:   18 13:21:29    -2743.390575        2.976209
BFGS:   19 13:21:29    -2745.921750        2.889064
BFGS:   20 13:21:30    -2747.316237        2.361415
BFGS:   21 13:21:30    -2749.579295        2.238392
BFGS:   22 13:21:30    -2752.072687        2.787864
BFGS:   23 13:21:30    -2754.971164        3.261038
BFGS:   24 13:21:31    -2757.780172        5.744840
BFGS:   25 13:21:31    -2761.384699        2.674359
BFGS:   26 13:21:31    -2764.269270        5.400311
BFGS:   27 13:21:31    -2767.893823        3.240903
BFGS:   28 13:21:31    -2772.112395        4.052709
BFGS:   29 13:21:32    -2776.563893        3.497213
BFGS:   30 13:21:32    -2779.634127        4.137898
BFGS:   31 13:21:32    -2783.784380        4.053890
BFGS:   32 13:21:32    -2787.089903        3.119687
BFGS:   33 13:21:33    -2790.733258        3.985961
BFGS:   34 13:21:33    -2794.248664        3.005971
BFGS:   35 13:21:33    -2798.426955        3.309613
BFGS:   36 13:21:34    -2801.719407        3.131232
BFGS:   37 13:21:34    -2804.477947        4.425955
BFGS:   38 13:21:34    -2807.103759        3.271228
BFGS:   39 13:21:35    -2809.778808        2.104779
BFGS:   40 13:21:35    -2813.878272        3.619151
BFGS:   41 13:21:35    -2816.255189        2.336982
BFGS:   42 13:21:35    -2819.273842        3.551550
BFGS:   43 13:21:35    -2822.564979        2.823782
BFGS:   44 13:21:36    -2825.168463        2.265857
BFGS:   45 13:21:36    -2828.419838        3.014856
BFGS:   46 13:21:36    -2830.457669        2.602571
BFGS:   47 13:21:36    -2832.751803        4.236415
BFGS:   48 13:21:36    -2834.926126        2.361054
BFGS:   49 13:21:37    -2837.322407        2.534293
BFGS:   50 13:21:37    -2839.299678        4.427936
BFGS:   51 13:21:37    -2840.635503        1.894635
BFGS:   52 13:21:37    -2842.349789        1.350995
BFGS:   53 13:21:37    -2844.677313        2.894788
BFGS:   54 13:21:38    -2846.173706        2.868743
BFGS:   55 13:21:38    -2848.180793        4.739185
BFGS:   56 13:21:38    -2849.508534        1.634475
BFGS:   57 13:21:38    -2850.913087        3.175352
BFGS:   58 13:21:38    -2852.579474        2.469913
BFGS:   59 13:21:39    -2854.911516        2.973154
BFGS:   60 13:21:39    -2856.405197        4.564031
BFGS:   61 13:21:39    -2857.991695        1.939539
BFGS:   62 13:21:39    -2859.990982        1.603608
BFGS:   63 13:21:39    -2861.173961        2.657716
BFGS:   64 13:21:40    -2862.575643        2.675753
BFGS:   65 13:21:40    -2864.775396        3.228414
BFGS:   66 13:21:41    -2866.575866        2.296012
BFGS:   67 13:21:41    -2868.425336        2.223584
BFGS:   68 13:21:41    -2870.491081        2.986448
BFGS:   69 13:21:41    -2871.775711        3.577349
BFGS:   70 13:21:41    -2873.527443        1.712315
BFGS:   71 13:21:42    -2875.248904        1.647885
BFGS:   72 13:21:42    -2876.818930        1.795474
BFGS:   73 13:21:42    -2878.332088        1.958723
BFGS:   74 13:21:42    -2879.841181        2.233889
BFGS:   75 13:21:42    -2880.934370        1.872220
BFGS:   76 13:21:42    -2881.863080        1.913533
BFGS:   77 13:21:43    -2882.814049        2.507053
BFGS:   78 13:21:43    -2883.910437        2.714101
BFGS:   79 13:21:43    -2885.115133        1.523331
BFGS:   80 13:21:43    -2885.819443        1.513272
BFGS:   81 13:21:44    -2886.924618        1.606202
BFGS:   82 13:21:44    -2887.557270        2.336188
BFGS:   83 13:21:44    -2888.475797        1.582431
BFGS:   84 13:21:44    -2889.124269        2.401535
BFGS:   85 13:21:44    -2890.152849        1.782865
BFGS:   86 13:21:44    -2890.967539        1.917237
BFGS:   87 13:21:45    -2892.192441        1.675171
BFGS:   88 13:21:45    -2893.182837        1.646817
BFGS:   89 13:21:45    -2894.422500        1.224023
BFGS:   90 13:21:45    -2895.315464        1.290657
BFGS:   91 13:21:45    -2896.442198        1.509292
BFGS:   92 13:21:46    -2897.393155        1.310923
BFGS:   93 13:21:46    -2898.183109        2.198095
BFGS:   94 13:21:46    -2899.233617        1.303056
BFGS:   95 13:21:46    -2900.340325        1.061244
BFGS:   96 13:21:47    -2901.366566        1.524557
BFGS:   97 13:21:47    -2902.223618        1.774437
BFGS:   98 13:21:47    -2903.392590        2.632326
BFGS:   99 13:21:47    -2904.254352        1.179845
BFGS:  100 13:21:47    -2905.008754        1.491846
BFGS:  101 13:21:48    -2905.880139        1.305791
BFGS:  102 13:21:48    -2906.457798        1.402914
BFGS:  103 13:21:48    -2907.474003        1.379086
BFGS:  104 13:21:48    -2908.118052        1.040480
BFGS:  105 13:21:48    -2908.714138        0.886774
BFGS:  106 13:21:49    -2909.213245        0.965462
BFGS:  107 13:21:49    -2909.729913        0.927122
BFGS:  108 13:21:49    -2910.217239        0.835400
BFGS:  109 13:21:49    -2910.673374        0.960103
BFGS:  110 13:21:50    -2911.117260        0.855784
BFGS:  111 13:21:50    -2911.512304        1.230437
BFGS:  112 13:21:50    -2911.905403        0.830306
BFGS:  113 13:21:50    -2912.269026        0.818445
BFGS:  114 13:21:50    -2912.663347        0.903834
BFGS:  115 13:21:51    -2913.020399        1.076067
BFGS:  116 13:21:51    -2913.372219        0.714720
BFGS:  117 13:21:51    -2913.652595        0.642892
BFGS:  118 13:21:51    -2913.923475        0.702554
BFGS:  119 13:21:52    -2914.144833        1.184089
BFGS:  120 13:21:52    -2914.376186        0.665739
BFGS:  121 13:21:52    -2914.589739        0.941521
BFGS:  122 13:21:53    -2914.864305        0.528401
BFGS:  123 13:21:53    -2915.098091        0.581291
BFGS:  124 13:21:53    -2915.361549        0.702952
BFGS:  125 13:21:53    -2915.667351        0.852833
BFGS:  126 13:21:54    -2916.033621        0.864455
BFGS:  127 13:21:54    -2916.428555        1.124001
BFGS:  128 13:21:54    -2916.875160        1.139721
BFGS:  129 13:21:54    -2917.349126        1.017223
BFGS:  130 13:21:55    -2917.812406        0.954676
BFGS:  131 13:21:55    -2918.200303        1.398351
BFGS:  132 13:21:55    -2918.339129        1.234703
BFGS:  133 13:21:55    -2918.727413        0.871886
BFGS:  134 13:21:55    -2919.042153        1.551018
BFGS:  135 13:21:56    -2919.494597        1.057055
BFGS:  136 13:21:56    -2919.911500        1.239240
BFGS:  137 13:21:56    -2920.287099        1.348438
BFGS:  138 13:21:56    -2920.684543        0.984262
BFGS:  139 13:21:56    -2920.933750        0.748281
BFGS:  140 13:21:56    -2921.128183        0.615416
BFGS:  141 13:21:57    -2921.197374        1.854082
BFGS:  142 13:21:57    -2921.347303        0.647934
BFGS:  143 13:21:57    -2921.454884        0.437057
BFGS:  144 13:21:57    -2921.616994        0.533015
BFGS:  145 13:21:58    -2921.714486        0.581874
BFGS:  146 13:21:58    -2921.832802        0.407451
BFGS:  147 13:21:58    -2921.923843        0.363561
BFGS:  148 13:21:58    -2922.037701        0.365659
BFGS:  149 13:21:59    -2922.144983        0.351245
BFGS:  150 13:21:59    -2922.261718        0.377575
BFGS:  151 13:21:59    -2922.380355        0.459109
BFGS:  152 13:22:00    -2922.510818        0.526613
BFGS:  153 13:22:00    -2922.660648        0.637075
BFGS:  154 13:22:00    -2922.826063        0.644961
BFGS:  155 13:22:00    -2922.985106        0.498029
BFGS:  156 13:22:00    -2923.148306        0.603530
BFGS:  157 13:22:00    -2923.252256        0.683242
BFGS:  158 13:22:01    -2923.334373        0.382532
BFGS:  159 13:22:01    -2923.421571        0.276067
BFGS:  160 13:22:01    -2923.518454        0.598692
BFGS:  161 13:22:01    -2923.575315        0.497876
BFGS:  162 13:22:01    -2923.669265        0.391528
BFGS:  163 13:22:02    -2923.736632        0.350812
BFGS:  164 13:22:02    -2923.804634        0.333416
BFGS:  165 13:22:02    -2923.866136        0.374969
BFGS:  166 13:22:02    -2923.931662        0.360099
BFGS:  167 13:22:02    -2924.000315        0.403586
BFGS:  168 13:22:03    -2924.083021        0.438898
BFGS:  169 13:22:03    -2924.184952        0.429854
BFGS:  170 13:22:03    -2924.313776        0.406302
BFGS:  171 13:22:03    -2924.473281        0.543316
BFGS:  172 13:22:03    -2924.649342        0.687299
BFGS:  173 13:22:04    -2924.851351        0.596393
BFGS:  174 13:22:04    -2925.061932        0.480526
BFGS:  175 13:22:04    -2925.217192        0.436196
BFGS:  176 13:22:04    -2925.179000        1.611293
BFGS:  177 13:22:04    -2925.429932        0.365509
BFGS:  178 13:22:05    -2925.510039        0.328039
BFGS:  179 13:22:05    -2925.674895        0.338297
BFGS:  180 13:22:05    -2925.750230        0.335627
BFGS:  181 13:22:07    -2925.865443        0.349807
BFGS:  182 13:22:07    -2925.958590        0.331173
BFGS:  183 13:22:08    -2926.058005        0.412329
BFGS:  184 13:22:09    -2926.168750        0.553862
BFGS:  185 13:22:10    -2926.307464        0.731481
BFGS:  186 13:22:10    -2926.481055        1.014633
BFGS:  187 13:22:10    -2926.674803        1.073565
BFGS:  188 13:22:10    -2926.876044        0.682919
BFGS:  189 13:22:10    -2927.094777        0.518469
BFGS:  190 13:22:11    -2927.148743        0.753695
BFGS:  191 13:22:11    -2927.295958        0.309722
BFGS:  192 13:22:11    -2927.362336        0.377845
BFGS:  193 13:22:11    -2927.425729        0.294241
BFGS:  194 13:22:12    -2927.476485        0.281847
BFGS:  195 13:22:12    -2927.522551        0.197365
BFGS:  196 13:22:12    -2927.565721        0.217833
BFGS:  197 13:22:13    -2927.610514        0.231200
BFGS:  198 13:22:13    -2927.657625        0.282627
BFGS:  199 13:22:13    -2927.706274        0.290240
BFGS:  200 13:22:13    -2927.758123        0.301341
BFGS:  201 13:22:13    -2927.810682        0.310234
BFGS:  202 13:22:14    -2927.863341        0.327309
BFGS:  203 13:22:15    -2927.915973        0.305755
BFGS:  204 13:22:15    -2927.966518        0.305218
BFGS:  205 13:22:15    -2928.008900        0.266371
BFGS:  206 13:22:15    -2928.041645        0.207037
BFGS:  207 13:22:15    -2928.066699        0.183137
BFGS:  208 13:22:15    -2928.090953        0.280261
BFGS:  209 13:22:16    -2928.115370        0.221080
BFGS:  210 13:22:16    -2928.149664        0.182806
BFGS:  211 13:22:17    -2928.171855        0.172379
BFGS:  212 13:22:17    -2928.205493        0.194189
BFGS:  213 13:22:17    -2928.233005        0.225661
BFGS:  214 13:22:17    -2928.262449        0.226014
BFGS:  215 13:22:18    -2928.289019        0.201419
BFGS:  216 13:22:18    -2928.315979        0.193838
BFGS:  217 13:22:18    -2928.340911        0.149167
BFGS:  218 13:22:18    -2928.366244        0.145075
BFGS:  219 13:22:19    -2928.390845        0.159407
BFGS:  220 13:22:19    -2928.416920        0.169232
BFGS:  221 13:22:19    -2928.443302        0.168851
BFGS:  222 13:22:19    -2928.469307        0.186746
BFGS:  223 13:22:19    -2928.495330        0.188115
BFGS:  224 13:22:20    -2928.522155        0.205621
BFGS:  225 13:22:20    -2928.550256        0.187404
BFGS:  226 13:22:20    -2928.580241        0.192880
BFGS:  227 13:22:20    -2928.614578        0.227790
BFGS:  228 13:22:20    -2928.654344        0.225932
BFGS:  229 13:22:21    -2928.700248        0.316864
BFGS:  230 13:22:21    -2928.747777        0.260706
BFGS:  231 13:22:21    -2928.781855        0.484682
BFGS:  232 13:22:21    -2928.840242        0.294810
BFGS:  233 13:22:21    -2928.900478        0.275215
BFGS:  234 13:22:21    -2928.961724        0.248629
BFGS:  235 13:22:22    -2929.013847        0.246717
BFGS:  236 13:22:22    -2929.064340        0.252457
BFGS:  237 13:22:22    -2929.110308        0.248247
BFGS:  238 13:22:22    -2929.152120        0.234526
BFGS:  239 13:22:23    -2929.193168        0.224135
BFGS:  240 13:22:23    -2929.236042        0.204114
BFGS:  241 13:22:23    -2929.272328        0.182571
BFGS:  242 13:22:23    -2929.304094        0.157183
BFGS:  243 13:22:23    -2929.331736        0.143433
BFGS:  244 13:22:23    -2929.356617        0.168520
BFGS:  245 13:22:24    -2929.378103        0.146579
BFGS:  246 13:22:24    -2929.398045        0.147126
BFGS:  247 13:22:24    -2929.416573        0.118026
BFGS:  248 13:22:24    -2929.433908        0.137335
BFGS:  249 13:22:24    -2929.449416        0.114942
BFGS:  250 13:22:24    -2929.464469        0.127641
BFGS:  251 13:22:25    -2929.479685        0.119352
BFGS:  252 13:22:25    -2929.494763        0.128607
BFGS:  253 13:22:25    -2929.508145        0.114912
BFGS:  254 13:22:25    -2929.520791        0.091252
BFGS:  255 13:22:26    -2929.532973        0.110894
BFGS:  256 13:22:26    -2929.544494        0.096605
BFGS:  257 13:22:26    -2929.556090        0.096239
BFGS:  258 13:22:26    -2929.567331        0.090778
BFGS:  259 13:22:26    -2929.579304        0.094016
BFGS:  260 13:22:27    -2929.591457        0.100935
BFGS:  261 13:22:27    -2929.603673        0.104186
BFGS:  262 13:22:27    -2929.615542        0.121567
BFGS:  263 13:22:27    -2929.627341        0.108737
BFGS:  264 13:22:28    -2929.639291        0.102061
BFGS:  265 13:22:28    -2929.651620        0.124759
BFGS:  266 13:22:28    -2929.665133        0.102944
BFGS:  267 13:22:28    -2929.679510        0.118858
BFGS:  268 13:22:29    -2929.697292        0.144125
BFGS:  269 13:22:29    -2929.718669        0.198422
BFGS:  270 13:22:29    -2929.746819        0.278532
BFGS:  271 13:22:29    -2929.784545        0.358437
BFGS:  272 13:22:29    -2929.834458        0.430444
BFGS:  273 13:22:30    -2929.901204        0.461638
BFGS:  274 13:22:30    -2929.853331        1.338913
BFGS:  275 13:22:30    -2930.012367        0.404770
BFGS:  276 13:22:30    -2930.064895        0.389741
BFGS:  277 13:22:31    -2930.161609        0.333467
BFGS:  278 13:22:31    -2930.197380        0.248309
BFGS:  279 13:22:31    -2930.247485        0.239364
BFGS:  280 13:22:31    -2930.277509        0.206741
BFGS:  281 13:22:32    -2930.305800        0.188249
BFGS:  282 13:22:32    -2930.331041        0.173121
BFGS:  283 13:22:32    -2930.352666        0.202363
BFGS:  284 13:22:32    -2930.372510        0.175638
BFGS:  285 13:22:33    -2930.391358        0.159294
BFGS:  286 13:22:33    -2930.409989        0.151809
BFGS:  287 13:22:33    -2930.426590        0.147172
BFGS:  288 13:22:33    -2930.441656        0.143205
BFGS:  289 13:22:33    -2930.455711        0.134430
BFGS:  290 13:22:33    -2930.469668        0.122719
BFGS:  291 13:22:34    -2930.483494        0.122309
BFGS:  292 13:22:34    -2930.496254        0.097741
BFGS:  293 13:22:34    -2930.508605        0.103313
BFGS:  294 13:22:35    -2930.520399        0.119851
BFGS:  295 13:22:35    -2930.532031        0.122420
BFGS:  296 13:22:35    -2930.542604        0.107376
BFGS:  297 13:22:35    -2930.551974        0.094196
BFGS:  298 13:22:35    -2930.561100        0.081163
BFGS:  299 13:22:36    -2930.570278        0.105203
BFGS:  300 13:22:36    -2930.579412        0.092275
BFGS:  301 13:22:36    -2930.589775        0.089805
BFGS:  302 13:22:36    -2930.600360        0.089711
BFGS:  303 13:22:36    -2930.611124        0.097756
BFGS:  304 13:22:37    -2930.621997        0.100997
BFGS:  305 13:22:37    -2930.632494        0.097177
BFGS:  306 13:22:37    -2930.643133        0.101866
BFGS:  307 13:22:38    -2930.653604        0.107423
BFGS:  308 13:22:38    -2930.664290        0.112101
BFGS:  309 13:22:38    -2930.675144        0.116051
BFGS:  310 13:22:39    -2930.686622        0.115419
BFGS:  311 13:22:39    -2930.698387        0.108402
BFGS:  312 13:22:39    -2930.709961        0.098106
BFGS:  313 13:22:39    -2930.720523        0.083759
BFGS:  314 13:22:39    -2930.730216        0.083819
BFGS:  315 13:22:40    -2930.738708        0.091775
BFGS:  316 13:22:40    -2930.746272        0.102798
BFGS:  317 13:22:40    -2930.752697        0.072087
BFGS:  318 13:22:40    -2930.759801        0.060591
BFGS:  319 13:22:40    -2930.764270        0.060691
BFGS:  320 13:22:41    -2930.769619        0.076023
BFGS:  321 13:22:41    -2930.773474        0.063141
BFGS:  322 13:22:41    -2930.777407        0.058151
BFGS:  323 13:22:41    -2930.780956        0.058989
BFGS:  324 13:22:42    -2930.784615        0.053047
BFGS:  325 13:22:42    -2930.787852        0.050068
BFGS:  326 13:22:42    -2930.790603        0.046009
BFGS:  327 13:22:42    -2930.793342        0.051734
BFGS:  328 13:22:43    -2930.796729        0.059600
BFGS:  329 13:22:43    -2930.800225        0.056940
BFGS:  330 13:22:43    -2930.803096        0.050792
BFGS:  331 13:22:43    -2930.806325        0.050307
BFGS:  332 13:22:43    -2930.809942        0.060480
BFGS:  333 13:22:44    -2930.813350        0.061039
BFGS:  334 13:22:44    -2930.816513        0.047893
BFGS:  335 13:22:44    -2930.819590        0.050155
BFGS:  336 13:22:44    -2930.823041        0.047973
BFGS:  337 13:22:44    -2930.827213        0.054381
BFGS:  338 13:22:45    -2930.831461        0.065342
BFGS:  339 13:22:45    -2930.835625        0.068714
BFGS:  340 13:22:45    -2930.840216        0.071052
BFGS:  341 13:22:45    -2930.844915        0.056910
BFGS:  342 13:22:45    -2930.850150        0.065407
BFGS:  343 13:22:46    -2930.856516        0.072925
BFGS:  344 13:22:46    -2930.863222        0.097852
BFGS:  345 13:22:46    -2930.870018        0.088544
BFGS:  346 13:22:46    -2930.876948        0.068294
BFGS:  347 13:22:47    -2930.883762        0.065841
BFGS:  348 13:22:47    -2930.890313        0.072336
BFGS:  349 13:22:47    -2930.896912        0.077472
BFGS:  350 13:22:47    -2930.903216        0.059981
BFGS:  351 13:22:48    -2930.909302        0.057573
BFGS:  352 13:22:48    -2930.914787        0.064519
BFGS:  353 13:22:48    -2930.920313        0.087012
BFGS:  354 13:22:48    -2930.925560        0.076229
BFGS:  355 13:22:48    -2930.929566        0.118199
BFGS:  356 13:22:49    -2930.935197        0.078271
BFGS:  357 13:22:49    -2930.941136        0.068529
BFGS:  358 13:22:49    -2930.946213        0.064721
BFGS:  359 13:22:49    -2930.951143        0.065706
BFGS:  360 13:22:49    -2930.956597        0.062246
BFGS:  361 13:22:49    -2930.962057        0.060479
BFGS:  362 13:22:50    -2930.967457        0.087000
BFGS:  363 13:22:50    -2930.972456        0.085666
BFGS:  364 13:22:50    -2930.978209        0.077856
BFGS:  365 13:22:50    -2930.983833        0.082184
BFGS:  366 13:22:51    -2930.989487        0.082121
BFGS:  367 13:22:51    -2930.994936        0.084693
BFGS:  368 13:22:51    -2931.000994        0.085877
BFGS:  369 13:22:51    -2931.006216        0.082786
BFGS:  370 13:22:52    -2931.011614        0.077514
BFGS:  371 13:22:52    -2931.016823        0.075784
BFGS:  372 13:22:52    -2931.021858        0.074860
BFGS:  373 13:22:53    -2931.026642        0.077887
BFGS:  374 13:22:53    -2931.031169        0.072878
BFGS:  375 13:22:53    -2931.034888        0.055986
BFGS:  376 13:22:54    -2931.038229        0.070869
BFGS:  377 13:22:54    -2931.041602        0.050036
BFGS:  378 13:22:54    -2931.044932        0.047583
BFGS:  379 13:22:54    -2931.047495        0.048373
BFGS:  380 13:22:54    -2931.050452        0.051017
BFGS:  381 13:22:55    -2931.052870        0.041321
BFGS:  382 13:22:55    -2931.055055        0.049866
BFGS:  383 13:22:55    -2931.057219        0.039394
BFGS:  384 13:22:55    -2931.059373        0.040323
BFGS:  385 13:22:56    -2931.061346        0.042323
BFGS:  386 13:22:56    -2931.063329        0.047290
BFGS:  387 13:22:57    -2931.065409        0.044652
BFGS:  388 13:22:57    -2931.067731        0.044099
BFGS:  389 13:22:58    -2931.070122        0.046906
BFGS:  390 13:22:58    -2931.072265        0.041901
BFGS:  391 13:22:59    -2931.073988        0.036562
BFGS:  392 13:22:59    -2931.075712        0.033559
BFGS:  393 13:22:59    -2931.077520        0.033546
BFGS:  394 13:22:59    -2931.079200        0.043675
BFGS:  395 13:23:00    -2931.080773        0.036603
BFGS:  396 13:23:00    -2931.082386        0.031265
BFGS:  397 13:23:00    -2931.083795        0.032302
BFGS:  398 13:23:00    -2931.085177        0.044426
BFGS:  399 13:23:01    -2931.086705        0.040825
BFGS:  400 13:23:01    -2931.088157        0.031543
BFGS:  401 13:23:01    -2931.089743        0.030101
BFGS:  402 13:23:01    -2931.090872        0.035852
BFGS:  403 13:23:02    -2931.092305        0.041419
BFGS:  404 13:23:02    -2931.093439        0.034044
BFGS:  405 13:23:02    -2931.094584        0.034864
BFGS:  406 13:23:02    -2931.095587        0.029415
BFGS:  407 13:23:02    -2931.096704        0.031095
BFGS:  408 13:23:03    -2931.097747        0.026602
BFGS:  409 13:23:03    -2931.098790        0.031263
BFGS:  410 13:23:03    -2931.099585        0.028600
BFGS:  411 13:23:03    -2931.100188        0.023506
BFGS:  412 13:23:03    -2931.100983        0.025763
BFGS:  413 13:23:04    -2931.101964        0.024845
BFGS:  414 13:23:04    -2931.102661        0.023960
BFGS:  415 13:23:04    -2931.103580        0.022060
BFGS:  416 13:23:04    -2931.104103        0.026960
BFGS:  417 13:23:04    -2931.104789        0.025117
BFGS:  418 13:23:05    -2931.105623        0.023529
BFGS:  419 13:23:05    -2931.106378        0.020927
BFGS:  420 13:23:05    -2931.106929        0.025773
BFGS:  421 13:23:05    -2931.107428        0.022924
BFGS:  422 13:23:06    -2931.108032        0.020241
BFGS:  423 13:23:07    -2931.108442        0.018883
BFGS:  424 13:23:07    -2931.109136        0.019100
BFGS:  425 13:23:07    -2931.109647        0.018260
BFGS:  426 13:23:08    -2931.110214        0.021385
BFGS:  427 13:23:08    -2931.110685        0.019860
BFGS:  428 13:23:08    -2931.111171        0.021823
BFGS:  429 13:23:09    -2931.111492        0.021871
BFGS:  430 13:23:09    -2931.111860        0.017558
BFGS:  431 13:23:09    -2931.112207        0.016839
BFGS:  432 13:23:09    -2931.112683        0.016879
BFGS:  433 13:23:10    -2931.113292        0.015752
BFGS:  434 13:23:10    -2931.113525        0.015830
BFGS:  435 13:23:10    -2931.113925        0.015723
BFGS:  436 13:23:11    -2931.114425        0.015755
BFGS:  437 13:23:11    -2931.114490        0.016249
BFGS:  438 13:23:11    -2931.114761        0.015979
BFGS:  439 13:23:11    -2931.115055        0.015534
BFGS:  440 13:23:12    -2931.115354        0.015463
BFGS:  441 13:23:12    -2931.115625        0.015607
BFGS:  442 13:23:12    -2931.115864        0.013879
BFGS:  443 13:23:13    -2931.116276        0.014638
BFGS:  444 13:23:13    -2931.116444        0.015841
BFGS:  445 13:23:13    -2931.116592        0.016289
BFGS:  446 13:23:13    -2931.116863        0.014622
BFGS:  447 13:23:14    -2931.117067        0.014236
BFGS:  448 13:23:14    -2931.117474        0.013567
BFGS:  449 13:23:14    -2931.117799        0.014141
BFGS:  450 13:23:15    -2931.117946        0.011048
BFGS:  451 13:23:15    -2931.118051        0.013571
BFGS:  452 13:23:16    -2931.118185        0.015028
BFGS:  453 13:23:16    -2931.118345        0.012748
BFGS:  454 13:23:17    -2931.118507        0.011952
BFGS:  455 13:23:17    -2931.118704        0.010120
BFGS:  456 13:23:17    -2931.118796        0.012657
BFGS:  457 13:23:18    -2931.118918        0.012321
BFGS:  458 13:23:18    -2931.119099        0.010146
BFGS:  459 13:23:18    -2931.119268        0.009135
      Step     Time          Energy          fmax
BFGS:    0 13:28:14    -2435.602425       35.564739
BFGS:    1 13:28:18    -2508.690259       11.899625
BFGS:    2 13:28:19    -2620.689532        6.320352
BFGS:    3 13:28:19    -2671.950709        5.137549
BFGS:    4 13:28:20    -2698.462938        5.706856
BFGS:    5 13:28:20    -2711.868989        3.127327
BFGS:    6 13:28:20    -2721.954633        1.932243
BFGS:    7 13:28:21    -2725.366955        1.756836
BFGS:    8 13:28:21    -2729.711691        1.494125
BFGS:    9 13:28:21    -2733.063024        1.997071
BFGS:   10 13:28:22    -2737.170340        2.860114
BFGS:   11 13:28:22    -2739.720739        2.112308
BFGS:   12 13:28:23    -2741.449462        1.525502
BFGS:   13 13:28:23    -2743.605917        1.391267
BFGS:   14 13:28:23    -2745.369968        1.676752
BFGS:   15 13:28:24    -2747.574394        2.370215
BFGS:   16 13:28:24    -2750.449348        2.863632
BFGS:   17 13:28:24    -2753.577163        2.335997
BFGS:   18 13:28:25    -2756.552978        2.509866
BFGS:   19 13:28:25    -2759.362439        2.714042
BFGS:   20 13:28:25    -2762.694252        3.357066
BFGS:   21 13:28:26    -2766.528773        3.193148
BFGS:   22 13:28:26    -2769.415872        2.512749
BFGS:   23 13:28:26    -2774.621832        3.790057
BFGS:   24 13:28:26    -2777.400884        2.811642
BFGS:   25 13:28:27    -2782.513297        4.309002
BFGS:   26 13:28:27    -2785.930839        3.313547
BFGS:   27 13:28:27    -2788.435879        5.455227
BFGS:   28 13:28:27    -2792.652831        5.076331
BFGS:   29 13:28:28    -2796.367962        2.219869
BFGS:   30 13:28:28    -2801.231085        6.551540
BFGS:   31 13:28:28    -2804.861231        5.801758
BFGS:   32 13:28:28    -2808.601636        3.251148
BFGS:   33 13:28:28    -2813.399017        5.328820
BFGS:   34 13:28:29    -2816.280101        2.543262
BFGS:   35 13:28:29    -2819.579734        2.661341
BFGS:   36 13:28:29    -2823.590915        3.939149
BFGS:   37 13:28:29    -2827.215007        2.620640
BFGS:   38 13:28:29    -2830.703953        4.629579
BFGS:   39 13:28:30    -2833.796012        3.044073
BFGS:   40 13:28:30    -2837.075735        2.673577
BFGS:   41 13:28:30    -2840.341216        2.586427
BFGS:   42 13:28:31    -2843.118414        2.028141
BFGS:   43 13:28:31    -2846.174809        3.268687
BFGS:   44 13:28:31    -2848.699079        3.831864
BFGS:   45 13:28:31    -2851.412305        3.004598
BFGS:   46 13:28:32    -2853.463413        2.791096
BFGS:   47 13:28:32    -2856.512532        4.875383
BFGS:   48 13:28:32    -2858.309126        4.161045
BFGS:   49 13:28:33    -2861.676217        2.088894
BFGS:   50 13:28:33    -2864.233519        4.426701
BFGS:   51 13:28:33    -2866.850407        2.640380
BFGS:   52 13:28:34    -2868.849049        2.442145
BFGS:   53 13:28:34    -2871.027546        1.907349
BFGS:   54 13:28:34    -2872.197704        2.344819
BFGS:   55 13:28:34    -2873.713677        1.945081
BFGS:   56 13:28:35    -2874.752367        2.366136
BFGS:   57 13:28:35    -2876.023245        1.371501
BFGS:   58 13:28:35    -2877.426384        1.112743
BFGS:   59 13:28:35    -2878.259506        1.219430
BFGS:   60 13:28:35    -2879.259252        1.368656
BFGS:   61 13:28:35    -2880.146518        1.512539
BFGS:   62 13:28:36    -2881.099420        1.521507
BFGS:   63 13:28:36    -2881.995985        1.332017
BFGS:   64 13:28:36    -2882.854537        1.081538
BFGS:   65 13:28:36    -2883.588138        1.176620
BFGS:   66 13:28:36    -2884.252279        1.164871
BFGS:   67 13:28:36    -2884.782814        1.549282
BFGS:   68 13:28:37    -2885.423560        1.135443
BFGS:   69 13:28:37    -2886.257603        1.094078
BFGS:   70 13:28:37    -2886.900965        1.263286
BFGS:   71 13:28:38    -2887.750303        2.535579
BFGS:   72 13:28:38    -2888.873725        2.415728
BFGS:   73 13:28:38    -2889.895483        2.425774
BFGS:   74 13:28:38    -2891.042577        2.443333
BFGS:   75 13:28:38    -2892.176504        1.709776
BFGS:   76 13:28:39    -2893.403785        3.007877
BFGS:   77 13:28:39    -2893.993922        1.424010
BFGS:   78 13:28:39    -2894.975140        0.921890
BFGS:   79 13:28:39    -2896.160732        2.565950
BFGS:   80 13:28:39    -2896.780931        1.181831
BFGS:   81 13:28:40    -2897.575550        1.769482
BFGS:   82 13:28:40    -2898.410229        1.112690
BFGS:   83 13:28:40    -2899.021101        1.247305
BFGS:   84 13:28:40    -2899.711078        1.117336
BFGS:   85 13:28:40    -2900.308159        1.190821
BFGS:   86 13:28:40    -2900.904581        1.292704
BFGS:   87 13:28:41    -2901.429482        1.103250
BFGS:   88 13:28:41    -2901.999463        1.093989
BFGS:   89 13:28:41    -2902.378017        1.973500
BFGS:   90 13:28:41    -2903.056623        1.212179
BFGS:   91 13:28:42    -2903.623401        2.012459
BFGS:   92 13:28:42    -2904.449027        1.227999
BFGS:   93 13:28:42    -2905.244600        1.630574
BFGS:   94 13:28:43    -2906.131042        1.148584
BFGS:   95 13:28:43    -2906.778874        1.193709
BFGS:   96 13:28:43    -2907.322532        0.986022
BFGS:   97 13:28:43    -2907.737841        1.625549
BFGS:   98 13:28:43    -2908.230349        1.258899
BFGS:   99 13:28:43    -2908.680401        1.077066
BFGS:  100 13:28:44    -2909.204651        0.805039
BFGS:  101 13:28:44    -2909.504861        0.679145
BFGS:  102 13:28:44    -2909.790875        0.593278
BFGS:  103 13:28:44    -2909.996255        0.831016
BFGS:  104 13:28:45    -2910.242925        0.705200
BFGS:  105 13:28:45    -2910.473281        1.399437
BFGS:  106 13:28:45    -2910.689946        0.658556
BFGS:  107 13:28:45    -2910.899307        0.507303
BFGS:  108 13:28:45    -2911.137838        0.497106
BFGS:  109 13:28:46    -2911.294891        0.550466
BFGS:  110 13:28:46    -2911.486915        0.630812
BFGS:  111 13:28:46    -2911.642675        0.474691
BFGS:  112 13:28:46    -2911.800157        0.440799
BFGS:  113 13:28:47    -2911.950886        0.494917
BFGS:  114 13:28:47    -2912.118018        0.642099
BFGS:  115 13:28:47    -2912.296524        0.558582
BFGS:  116 13:28:47    -2912.503664        0.516867
BFGS:  117 13:28:47    -2912.759575        0.643428
BFGS:  118 13:28:48    -2913.070782        0.847264
BFGS:  119 13:28:48    -2913.411742        0.910891
BFGS:  120 13:28:48    -2913.780976        0.852482
BFGS:  121 13:28:48    -2914.167840        1.098997
BFGS:  122 13:28:48    -2914.436384        0.803180
BFGS:  123 13:28:48    -2914.655663        1.723104
BFGS:  124 13:28:49    -2914.988017        0.545146
BFGS:  125 13:28:49    -2915.252839        0.450818
BFGS:  126 13:28:49    -2915.476313        0.631810
BFGS:  127 13:28:49    -2915.722904        0.867968
BFGS:  128 13:28:49    -2916.055403        1.065669
BFGS:  129 13:28:50    -2916.416189        0.971380
BFGS:  130 13:28:50    -2916.752618        1.091771
BFGS:  131 13:28:50    -2917.241300        1.227662
BFGS:  132 13:28:50    -2917.700371        1.331479
BFGS:  133 13:28:50    -2918.122270        1.050037
BFGS:  134 13:28:50    -2918.518045        0.676727
BFGS:  135 13:28:51    -2918.901270        0.955421
BFGS:  136 13:28:51    -2919.040434        0.817896
BFGS:  137 13:28:51    -2919.336146        0.709048
BFGS:  138 13:28:51    -2919.577961        1.204677
BFGS:  139 13:28:51    -2919.841188        0.740238
BFGS:  140 13:28:52    -2920.029581        0.792633
BFGS:  141 13:28:52    -2920.279792        0.730460
BFGS:  142 13:28:52    -2920.473484        0.757259
BFGS:  143 13:28:52    -2920.696034        0.567323
BFGS:  144 13:28:52    -2920.865843        0.786225
BFGS:  145 13:28:53    -2921.043999        0.666571
BFGS:  146 13:28:53    -2921.214061        0.609022
BFGS:  147 13:28:53    -2921.355507        0.437871
BFGS:  148 13:28:53    -2921.464981        0.523384
BFGS:  149 13:28:53    -2921.589272        0.548293
BFGS:  150 13:28:54    -2921.698432        1.095310
BFGS:  151 13:28:54    -2921.810459        0.505449
BFGS:  152 13:28:54    -2921.964036        0.656443
BFGS:  153 13:28:55    -2922.253941        0.994807
BFGS:  154 13:28:55    -2922.472244        0.694041
BFGS:  155 13:28:55    -2922.695136        0.583563
BFGS:  156 13:28:55    -2922.943593        0.642440
BFGS:  157 13:28:55    -2923.136069        1.088970
BFGS:  158 13:28:55    -2923.277139        0.808204
BFGS:  159 13:28:56    -2923.483197        0.652396
BFGS:  160 13:28:56    -2923.779657        1.190100
BFGS:  161 13:28:56    -2923.961705        0.673795
BFGS:  162 13:28:56    -2924.296246        0.748284
BFGS:  163 13:28:56    -2924.648319        0.961824
BFGS:  164 13:28:57    -2924.991919        0.978409
BFGS:  165 13:28:57    -2925.338788        0.806698
BFGS:  166 13:28:57    -2925.637450        0.811345
BFGS:  167 13:28:57    -2925.800379        0.799727
BFGS:  168 13:28:57    -2925.985443        0.524186
BFGS:  169 13:28:57    -2926.171258        0.984123
BFGS:  170 13:28:58    -2926.285245        0.619824
BFGS:  171 13:28:58    -2926.441285        0.437032
BFGS:  172 13:28:58    -2926.565314        0.466300
BFGS:  173 13:28:58    -2926.713861        0.546386
BFGS:  174 13:28:58    -2926.869755        0.617018
BFGS:  175 13:28:59    -2927.041912        0.702026
BFGS:  176 13:28:59    -2927.213109        0.740672
BFGS:  177 13:28:59    -2927.391460        0.654161
BFGS:  178 13:29:00    -2927.574872        0.644460
BFGS:  179 13:29:00    -2927.754224        0.588213
BFGS:  180 13:29:00    -2927.906748        0.448142
BFGS:  181 13:29:00    -2928.018224        0.385081
BFGS:  182 13:29:00    -2928.073870        0.902192
BFGS:  183 13:29:01    -2928.145857        0.320369
BFGS:  184 13:29:01    -2928.201070        0.277728
BFGS:  185 13:29:01    -2928.262956        0.265508
BFGS:  186 13:29:01    -2928.309603        0.305347
BFGS:  187 13:29:02    -2928.360945        0.377967
BFGS:  188 13:29:02    -2928.406989        0.319423
BFGS:  189 13:29:02    -2928.455494        0.278374
BFGS:  190 13:29:02    -2928.503261        0.227270
BFGS:  191 13:29:02    -2928.549752        0.220429
BFGS:  192 13:29:03    -2928.590050        0.232383
BFGS:  193 13:29:03    -2928.629430        0.219931
BFGS:  194 13:29:03    -2928.668646        0.189989
BFGS:  195 13:29:03    -2928.708320        0.190542
BFGS:  196 13:29:03    -2928.747180        0.169027
BFGS:  197 13:29:03    -2928.785691        0.184733
BFGS:  198 13:29:04    -2928.823910        0.185763
BFGS:  199 13:29:04    -2928.859183        0.159403
BFGS:  200 13:29:04    -2928.890144        0.180279
BFGS:  201 13:29:04    -2928.918900        0.159823
BFGS:  202 13:29:04    -2928.947983        0.178510
BFGS:  203 13:29:05    -2928.977465        0.150951
BFGS:  204 13:29:05    -2929.005097        0.166656
BFGS:  205 13:29:05    -2929.030236        0.156122
BFGS:  206 13:29:06    -2929.054137        0.139869
BFGS:  207 13:29:06    -2929.078484        0.136820
BFGS:  208 13:29:06    -2929.103037        0.158766
BFGS:  209 13:29:07    -2929.127079        0.160533
BFGS:  210 13:29:07    -2929.151328        0.140886
BFGS:  211 13:29:07    -2929.175447        0.150757
BFGS:  212 13:29:07    -2929.199460        0.158397
BFGS:  213 13:29:07    -2929.222978        0.169651
BFGS:  214 13:29:07    -2929.245440        0.157759
BFGS:  215 13:29:08    -2929.268043        0.141401
BFGS:  216 13:29:08    -2929.289573        0.115879
BFGS:  217 13:29:08    -2929.309051        0.118732
BFGS:  218 13:29:08    -2929.326650        0.124840
BFGS:  219 13:29:09    -2929.343441        0.112806
BFGS:  220 13:29:09    -2929.358856        0.107895
BFGS:  221 13:29:09    -2929.373286        0.089132
BFGS:  222 13:29:09    -2929.386058        0.104276
BFGS:  223 13:29:09    -2929.397790        0.101709
BFGS:  224 13:29:10    -2929.408889        0.096206
BFGS:  225 13:29:10    -2929.419691        0.097301
BFGS:  226 13:29:10    -2929.430384        0.123171
BFGS:  227 13:29:10    -2929.440141        0.115585
BFGS:  228 13:29:11    -2929.450341        0.103131
BFGS:  229 13:29:11    -2929.461154        0.093180
BFGS:  230 13:29:12    -2929.471289        0.097836
BFGS:  231 13:29:12    -2929.481257        0.117452
BFGS:  232 13:29:12    -2929.491855        0.098157
BFGS:  233 13:29:12    -2929.502127        0.097367
BFGS:  234 13:29:13    -2929.511934        0.101208
BFGS:  235 13:29:13    -2929.521179        0.091884
BFGS:  236 13:29:13    -2929.531166        0.097467
BFGS:  237 13:29:13    -2929.541002        0.079625
BFGS:  238 13:29:13    -2929.551319        0.075067
BFGS:  239 13:29:14    -2929.560597        0.075850
BFGS:  240 13:29:15    -2929.569549        0.089434
BFGS:  241 13:29:15    -2929.578859        0.092930
BFGS:  242 13:29:15    -2929.587193        0.087678
BFGS:  243 13:29:16    -2929.595687        0.078423
BFGS:  244 13:29:16    -2929.603691        0.070564
BFGS:  245 13:29:16    -2929.612339        0.079065
BFGS:  246 13:29:17    -2929.620391        0.074883
BFGS:  247 13:29:17    -2929.627970        0.079577
BFGS:  248 13:29:17    -2929.634999        0.081529
BFGS:  249 13:29:17    -2929.641824        0.073448
BFGS:  250 13:29:17    -2929.648241        0.077100
BFGS:  251 13:29:18    -2929.654889        0.082360
BFGS:  252 13:29:18    -2929.661584        0.092239
BFGS:  253 13:29:18    -2929.668607        0.097593
BFGS:  254 13:29:18    -2929.676335        0.099087
BFGS:  255 13:29:18    -2929.684843        0.102045
BFGS:  256 13:29:18    -2929.695326        0.109998
BFGS:  257 13:29:19    -2929.708340        0.151796
BFGS:  258 13:29:19    -2929.724086        0.189978
BFGS:  259 13:29:19    -2929.742565        0.189475
BFGS:  260 13:29:19    -2929.763726        0.161492
BFGS:  261 13:29:19    -2929.786003        0.157683
BFGS:  262 13:29:20    -2929.799181        0.153391
BFGS:  263 13:29:20    -2929.819798        0.132805
BFGS:  264 13:29:20    -2929.834055        0.097673
BFGS:  265 13:29:20    -2929.849987        0.107844
BFGS:  266 13:29:20    -2929.860877        0.112931
BFGS:  267 13:29:20    -2929.873552        0.100648
BFGS:  268 13:29:21    -2929.883542        0.107117
BFGS:  269 13:29:21    -2929.892839        0.098693
BFGS:  270 13:29:22    -2929.901836        0.087782
BFGS:  271 13:29:22    -2929.910866        0.086843
BFGS:  272 13:29:22    -2929.918858        0.084689
BFGS:  273 13:29:22    -2929.925889        0.073930
BFGS:  274 13:29:22    -2929.932420        0.079885
BFGS:  275 13:29:23    -2929.939000        0.077562
BFGS:  276 13:29:23    -2929.944872        0.073627
BFGS:  277 13:29:23    -2929.950576        0.069184
BFGS:  278 13:29:23    -2929.955469        0.065560
BFGS:  279 13:29:23    -2929.959885        0.056371
BFGS:  280 13:29:24    -2929.964309        0.060739
BFGS:  281 13:29:24    -2929.968878        0.061539
BFGS:  282 13:29:24    -2929.973511        0.067721
BFGS:  283 13:29:24    -2929.978388        0.066344
BFGS:  284 13:29:24    -2929.983147        0.061618
BFGS:  285 13:29:24    -2929.987883        0.067833
BFGS:  286 13:29:25    -2929.992843        0.063550
BFGS:  287 13:29:25    -2929.997845        0.065537
BFGS:  288 13:29:25    -2930.003125        0.067097
BFGS:  289 13:29:25    -2930.009192        0.075215
BFGS:  290 13:29:26    -2930.014911        0.065252
BFGS:  291 13:29:26    -2930.020516        0.065236
BFGS:  292 13:29:26    -2930.026184        0.070944
BFGS:  293 13:29:26    -2930.032346        0.071664
BFGS:  294 13:29:27    -2930.038844        0.083496
BFGS:  295 13:29:27    -2930.046098        0.076341
BFGS:  296 13:29:27    -2930.053228        0.065625
BFGS:  297 13:29:28    -2930.059693        0.067478
BFGS:  298 13:29:28    -2930.066945        0.084520
BFGS:  299 13:29:28    -2930.074325        0.082264
BFGS:  300 13:29:28    -2930.082745        0.096098
BFGS:  301 13:29:28    -2930.092005        0.107530
BFGS:  302 13:29:29    -2930.102141        0.093384
BFGS:  303 13:29:29    -2930.112712        0.105849
BFGS:  304 13:29:29    -2930.124275        0.113722
BFGS:  305 13:29:29    -2930.135866        0.107539
BFGS:  306 13:29:29    -2930.147459        0.100055
BFGS:  307 13:29:29    -2930.159671        0.113565
BFGS:  308 13:29:30    -2930.170426        0.100807
BFGS:  309 13:29:30    -2930.179622        0.125089
BFGS:  310 13:29:30    -2930.190291        0.103601
BFGS:  311 13:29:30    -2930.203370        0.087638
BFGS:  312 13:29:30    -2930.211901        0.091414
BFGS:  313 13:29:31    -2930.224630        0.085889
BFGS:  314 13:29:31    -2930.234481        0.101562
BFGS:  315 13:29:31    -2930.245055        0.082726
BFGS:  316 13:29:31    -2930.254839        0.083139
BFGS:  317 13:29:32    -2930.264594        0.080755
BFGS:  318 13:29:32    -2930.273512        0.080707
BFGS:  319 13:29:32    -2930.282444        0.072262
BFGS:  320 13:29:32    -2930.290679        0.081750
BFGS:  321 13:29:32    -2930.298874        0.082436
BFGS:  322 13:29:33    -2930.306591        0.072192
BFGS:  323 13:29:33    -2930.314630        0.090370
BFGS:  324 13:29:33    -2930.322881        0.094719
BFGS:  325 13:29:33    -2930.331437        0.081842
BFGS:  326 13:29:34    -2930.339780        0.097178
BFGS:  327 13:29:34    -2930.347270        0.086907
BFGS:  328 13:29:34    -2930.355044        0.085395
BFGS:  329 13:29:34    -2930.362837        0.080785
BFGS:  330 13:29:34    -2930.370209        0.084422
BFGS:  331 13:29:35    -2930.377866        0.072392
BFGS:  332 13:29:35    -2930.385302        0.082694
BFGS:  333 13:29:35    -2930.393185        0.079582
BFGS:  334 13:29:35    -2930.400910        0.078543
BFGS:  335 13:29:36    -2930.408920        0.074303
BFGS:  336 13:29:36    -2930.418006        0.074761
BFGS:  337 13:29:36    -2930.427587        0.091171
BFGS:  338 13:29:37    -2930.438285        0.095517
BFGS:  339 13:29:37    -2930.449856        0.122145
BFGS:  340 13:29:37    -2930.463773        0.145145
BFGS:  341 13:29:38    -2930.484322        0.193111
BFGS:  342 13:29:38    -2930.513961        0.330783
BFGS:  343 13:29:38    -2930.548400        0.474659
BFGS:  344 13:29:39    -2930.587722        0.455230
BFGS:  345 13:29:39    -2930.644252        0.502459
BFGS:  346 13:29:39    -2930.702121        0.443384
BFGS:  347 13:29:42    -2930.754013        0.423351
BFGS:  348 13:29:42    -2930.834274        0.366864
BFGS:  349 13:29:43    -2930.892881        0.343704
BFGS:  350 13:29:43    -2930.962246        0.473896
BFGS:  351 13:29:43    -2931.027716        0.402762
BFGS:  352 13:29:44    -2931.093176        0.287474
BFGS:  353 13:29:44    -2931.168560        0.335236
BFGS:  354 13:29:44    -2931.222237        0.334599
BFGS:  355 13:29:45    -2931.297967        0.320615
BFGS:  356 13:29:45    -2931.360665        0.268699
BFGS:  357 13:29:45    -2931.421738        0.214599
BFGS:  358 13:29:46    -2931.477531        0.216396
BFGS:  359 13:29:46    -2931.531826        0.223899
BFGS:  360 13:29:47    -2931.580926        0.196299
BFGS:  361 13:29:47    -2931.624157        0.183940
BFGS:  362 13:29:47    -2931.662883        0.178324
BFGS:  363 13:29:48    -2931.697142        0.167968
BFGS:  364 13:29:49    -2931.728155        0.155873
BFGS:  365 13:29:49    -2931.755456        0.163386
BFGS:  366 13:29:50    -2931.781393        0.174721
BFGS:  367 13:29:50    -2931.805687        0.127936
BFGS:  368 13:29:50    -2931.828760        0.135800
BFGS:  369 13:29:50    -2931.848436        0.138825
BFGS:  370 13:29:51    -2931.867144        0.141418
BFGS:  371 13:29:51    -2931.883654        0.107275
BFGS:  372 13:29:52    -2931.897467        0.138325
BFGS:  373 13:29:52    -2931.909564        0.115796
BFGS:  374 13:29:52    -2931.921194        0.107695
BFGS:  375 13:29:52    -2931.932568        0.113015
BFGS:  376 13:29:53    -2931.944464        0.109942
BFGS:  377 13:29:53    -2931.955903        0.119164
BFGS:  378 13:29:53    -2931.967318        0.103942
BFGS:  379 13:29:54    -2931.978111        0.104347
BFGS:  380 13:29:54    -2931.988779        0.103691
BFGS:  381 13:29:55    -2931.999324        0.103227
BFGS:  382 13:29:55    -2932.010077        0.131674
BFGS:  383 13:29:55    -2932.020686        0.102838
BFGS:  384 13:29:56    -2932.031698        0.099933
BFGS:  385 13:29:56    -2932.042490        0.100747
BFGS:  386 13:29:56    -2932.053708        0.115900
BFGS:  387 13:29:57    -2932.064394        0.116402
BFGS:  388 13:29:57    -2932.074597        0.096879
BFGS:  389 13:29:57    -2932.083763        0.103060
BFGS:  390 13:29:57    -2932.092514        0.082859
BFGS:  391 13:29:58    -2932.100481        0.099587
BFGS:  392 13:29:58    -2932.108161        0.078905
BFGS:  393 13:29:59    -2932.115081        0.076467
BFGS:  394 13:29:59    -2932.121089        0.067670
BFGS:  395 13:30:00    -2932.126480        0.080878
BFGS:  396 13:30:00    -2932.131367        0.063807
BFGS:  397 13:30:00    -2932.135880        0.064432
BFGS:  398 13:30:01    -2932.140351        0.063448
BFGS:  399 13:30:01    -2932.145095        0.065532
BFGS:  400 13:30:01    -2932.149417        0.057039
BFGS:  401 13:30:02    -2932.153095        0.061132
BFGS:  402 13:30:02    -2932.156844        0.059266
BFGS:  403 13:30:02    -2932.160876        0.058858
BFGS:  404 13:30:02    -2932.164451        0.052103
BFGS:  405 13:30:03    -2932.168005        0.049587
BFGS:  406 13:30:03    -2932.171527        0.056742
BFGS:  407 13:30:03    -2932.174709        0.048962
BFGS:  408 13:30:03    -2932.178197        0.045305
BFGS:  409 13:30:04    -2932.181377        0.043802
BFGS:  410 13:30:04    -2932.184513        0.050303
BFGS:  411 13:30:04    -2932.187650        0.052844
BFGS:  412 13:30:04    -2932.190534        0.051787
BFGS:  413 13:30:05    -2932.193541        0.046785
BFGS:  414 13:30:05    -2932.196339        0.048653
BFGS:  415 13:30:06    -2932.199252        0.051754
BFGS:  416 13:30:07    -2932.202137        0.047960
BFGS:  417 13:30:07    -2932.204921        0.043232
BFGS:  418 13:30:07    -2932.207530        0.046025
BFGS:  419 13:30:07    -2932.210274        0.043882
BFGS:  420 13:30:08    -2932.212872        0.056532
BFGS:  421 13:30:08    -2932.215244        0.048301
BFGS:  422 13:30:08    -2932.217681        0.047023
BFGS:  423 13:30:09    -2932.219923        0.048620
BFGS:  424 13:30:09    -2932.222113        0.045697
BFGS:  425 13:30:09    -2932.224158        0.052744
BFGS:  426 13:30:10    -2932.226175        0.040842
BFGS:  427 13:30:10    -2932.228296        0.043256
BFGS:  428 13:30:10    -2932.229975        0.036296
BFGS:  429 13:30:10    -2932.231575        0.052166
BFGS:  430 13:30:11    -2932.233302        0.052649
BFGS:  431 13:30:12    -2932.234979        0.034590
BFGS:  432 13:30:12    -2932.236648        0.030130
BFGS:  433 13:30:12    -2932.238445        0.034394
BFGS:  434 13:30:13    -2932.239985        0.045026
BFGS:  435 13:30:13    -2932.241264        0.041604
BFGS:  436 13:30:14    -2932.242677        0.035666
BFGS:  437 13:30:14    -2932.244042        0.033026
BFGS:  438 13:30:14    -2932.245305        0.036021
BFGS:  439 13:30:15    -2932.246405        0.039277
BFGS:  440 13:30:15    -2932.247558        0.036058
BFGS:  441 13:30:16    -2932.248732        0.032587
BFGS:  442 13:30:16    -2932.249877        0.031307
BFGS:  443 13:30:17    -2932.251085        0.030676
BFGS:  444 13:30:17    -2932.251877        0.029558
BFGS:  445 13:30:17    -2932.252669        0.026677
BFGS:  446 13:30:18    -2932.253410        0.023792
BFGS:  447 13:30:18    -2932.254213        0.025618
BFGS:  448 13:30:19    -2932.254968        0.021284
BFGS:  449 13:30:19    -2932.255674        0.021400
BFGS:  450 13:30:19    -2932.256580        0.021960
BFGS:  451 13:30:20    -2932.257118        0.024890
BFGS:  452 13:30:20    -2932.257914        0.025585
BFGS:  453 13:30:20    -2932.258351        0.020320
BFGS:  454 13:30:20    -2932.258882        0.019108
BFGS:  455 13:30:21    -2932.259442        0.023925
BFGS:  456 13:30:21    -2932.259918        0.026358
BFGS:  457 13:30:22    -2932.260492        0.020868
BFGS:  458 13:30:22    -2932.261110        0.018835
BFGS:  459 13:30:23    -2932.261571        0.019262
BFGS:  460 13:30:23    -2932.261944        0.021519
BFGS:  461 13:30:23    -2932.262526        0.021448
BFGS:  462 13:30:23    -2932.263195        0.019165
BFGS:  463 13:30:24    -2932.263786        0.020919
BFGS:  464 13:30:24    -2932.264231        0.021060
BFGS:  465 13:30:24    -2932.264815        0.021593
BFGS:  466 13:30:24    -2932.265296        0.021094
BFGS:  467 13:30:25    -2932.265953        0.018888
BFGS:  468 13:30:25    -2932.266267        0.019671
BFGS:  469 13:30:25    -2932.266693        0.021178
BFGS:  470 13:30:25    -2932.267105        0.022243
BFGS:  471 13:30:26    -2932.267625        0.020761
BFGS:  472 13:30:26    -2932.268056        0.018148
BFGS:  473 13:30:27    -2932.268559        0.018069
BFGS:  474 13:30:27    -2932.268897        0.016186
BFGS:  475 13:30:27    -2932.269238        0.017383
BFGS:  476 13:30:27    -2932.269561        0.018525
BFGS:  477 13:30:28    -2932.269872        0.014975
BFGS:  478 13:30:28    -2932.270114        0.014469
BFGS:  479 13:30:28    -2932.270535        0.014867
BFGS:  480 13:30:28    -2932.270880        0.014580
BFGS:  481 13:30:28    -2932.271313        0.018188
BFGS:  482 13:30:29    -2932.271546        0.014869
BFGS:  483 13:30:29    -2932.271871        0.014286
BFGS:  484 13:30:29    -2932.272136        0.015158
BFGS:  485 13:30:29    -2932.272433        0.017162
BFGS:  486 13:30:30    -2932.272708        0.019484
BFGS:  487 13:30:30    -2932.272980        0.014622
BFGS:  488 13:30:30    -2932.273281        0.011428
BFGS:  489 13:30:30    -2932.273471        0.011809
BFGS:  490 13:30:31    -2932.273586        0.015013
BFGS:  491 13:30:31    -2932.273810        0.014777
BFGS:  492 13:30:31    -2932.274129        0.012675
BFGS:  493 13:30:31    -2932.274226        0.012440
BFGS:  494 13:30:32    -2932.274396        0.011511
BFGS:  495 13:30:33    -2932.274680        0.011042
BFGS:  496 13:30:34    -2932.274851        0.009920
      Step     Time          Energy          fmax
BFGS:    0 13:37:05    -2435.602425       35.564739
BFGS:    1 13:37:05    -2508.690259       11.899625
BFGS:    2 13:37:05    -2620.689532        6.320352
BFGS:    3 13:37:05    -2671.950709        5.137549
BFGS:    4 13:37:05    -2698.462938        5.706856
BFGS:    5 13:37:05    -2711.868989        3.127327
BFGS:    6 13:37:06    -2721.954633        1.932243
BFGS:    7 13:37:06    -2725.366955        1.756836
BFGS:    8 13:37:06    -2729.711691        1.494125
BFGS:    9 13:37:06    -2733.063024        1.997071
BFGS:   10 13:37:06    -2737.170340        2.860114
BFGS:   11 13:37:06    -2739.720739        2.112308
BFGS:   12 13:37:07    -2741.449462        1.525502
BFGS:   13 13:37:07    -2743.605917        1.391267
BFGS:   14 13:37:08    -2745.369968        1.676752
BFGS:   15 13:37:08    -2747.574394        2.370215
BFGS:   16 13:37:08    -2750.449348        2.863632
BFGS:   17 13:37:08    -2753.577163        2.335997
BFGS:   18 13:37:08    -2756.552978        2.509866
BFGS:   19 13:37:09    -2759.362439        2.714042
BFGS:   20 13:37:09    -2762.694252        3.357066
BFGS:   21 13:37:09    -2766.528773        3.193148
BFGS:   22 13:37:09    -2769.415872        2.512749
BFGS:   23 13:37:09    -2774.621832        3.790057
BFGS:   24 13:37:09    -2777.400884        2.811642
BFGS:   25 13:37:10    -2782.513297        4.309002
BFGS:   26 13:37:10    -2785.930839        3.313547
BFGS:   27 13:37:10    -2788.435879        5.455227
BFGS:   28 13:37:10    -2792.652831        5.076331
BFGS:   29 13:37:10    -2796.367962        2.219869
BFGS:   30 13:37:10    -2801.231085        6.551540
BFGS:   31 13:37:11    -2804.861231        5.801758
BFGS:   32 13:37:11    -2808.601636        3.251148
BFGS:   33 13:37:11    -2813.399017        5.328820
BFGS:   34 13:37:11    -2816.280101        2.543262
BFGS:   35 13:37:11    -2819.579734        2.661341
BFGS:   36 13:37:11    -2823.590915        3.939149
BFGS:   37 13:37:12    -2827.215007        2.620640
BFGS:   38 13:37:12    -2830.703953        4.629579
BFGS:   39 13:37:12    -2833.796012        3.044073
BFGS:   40 13:37:12    -2837.075735        2.673577
BFGS:   41 13:37:12    -2840.341216        2.586427
BFGS:   42 13:37:13    -2843.118414        2.028141
BFGS:   43 13:37:13    -2846.174809        3.268687
BFGS:   44 13:37:13    -2848.699079        3.831864
BFGS:   45 13:37:13    -2851.412305        3.004598
BFGS:   46 13:37:14    -2853.463413        2.791096
BFGS:   47 13:37:14    -2856.512532        4.875383
BFGS:   48 13:37:14    -2858.309126        4.161045
BFGS:   49 13:37:14    -2861.676217        2.088894
BFGS:   50 13:37:15    -2864.233519        4.426701
BFGS:   51 13:37:15    -2866.850407        2.640380
BFGS:   52 13:37:15    -2868.849049        2.442145
BFGS:   53 13:37:15    -2871.027546        1.907349
BFGS:   54 13:37:16    -2872.197704        2.344819
BFGS:   55 13:37:16    -2873.713677        1.945081
BFGS:   56 13:37:16    -2874.752367        2.366136
BFGS:   57 13:37:17    -2876.023245        1.371501
BFGS:   58 13:37:17    -2877.426384        1.112743
BFGS:   59 13:37:18    -2878.259506        1.219430
BFGS:   60 13:37:18    -2879.259252        1.368656
BFGS:   61 13:37:18    -2880.146518        1.512539
BFGS:   62 13:37:19    -2881.099420        1.521507
BFGS:   63 13:37:19    -2881.995985        1.332017
BFGS:   64 13:37:19    -2882.854537        1.081538
BFGS:   65 13:37:19    -2883.588138        1.176620
BFGS:   66 13:37:20    -2884.252279        1.164871
BFGS:   67 13:37:20    -2884.782814        1.549282
BFGS:   68 13:37:20    -2885.423560        1.135443
BFGS:   69 13:37:20    -2886.257603        1.094078
BFGS:   70 13:37:21    -2886.900965        1.263286
BFGS:   71 13:37:21    -2887.750303        2.535579
BFGS:   72 13:37:21    -2888.873725        2.415728
BFGS:   73 13:37:21    -2889.895483        2.425774
BFGS:   74 13:37:22    -2891.042577        2.443333
BFGS:   75 13:37:22    -2892.176504        1.709776
BFGS:   76 13:37:22    -2893.403785        3.007877
BFGS:   77 13:37:22    -2893.993922        1.424010
BFGS:   78 13:37:22    -2894.975140        0.921890
BFGS:   79 13:37:23    -2896.160732        2.565950
BFGS:   80 13:37:23    -2896.780931        1.181831
BFGS:   81 13:37:23    -2897.575550        1.769482
BFGS:   82 13:37:23    -2898.410229        1.112690
BFGS:   83 13:37:23    -2899.021101        1.247305
BFGS:   84 13:37:24    -2899.711078        1.117336
BFGS:   85 13:37:24    -2900.308159        1.190821
BFGS:   86 13:37:24    -2900.904581        1.292704
BFGS:   87 13:37:24    -2901.429482        1.103250
BFGS:   88 13:37:25    -2901.999463        1.093989
BFGS:   89 13:37:25    -2902.378017        1.973500
BFGS:   90 13:37:25    -2903.056623        1.212179
BFGS:   91 13:37:26    -2903.623401        2.012459
BFGS:   92 13:37:26    -2904.449027        1.227999
BFGS:   93 13:37:26    -2905.244600        1.630574
BFGS:   94 13:37:27    -2906.131042        1.148584
BFGS:   95 13:37:27    -2906.778874        1.193709
BFGS:   96 13:37:27    -2907.322532        0.986022
BFGS:   97 13:37:27    -2907.737841        1.625549
BFGS:   98 13:37:27    -2908.230349        1.258899
BFGS:   99 13:37:28    -2908.680401        1.077066
BFGS:  100 13:37:28    -2909.204651        0.805039
BFGS:  101 13:37:28    -2909.504861        0.679145
BFGS:  102 13:37:28    -2909.790875        0.593278
BFGS:  103 13:37:29    -2909.996255        0.831016
BFGS:  104 13:37:29    -2910.242925        0.705200
BFGS:  105 13:37:29    -2910.473281        1.399437
BFGS:  106 13:37:29    -2910.689946        0.658556
BFGS:  107 13:37:29    -2910.899307        0.507303
BFGS:  108 13:37:30    -2911.137838        0.497106
BFGS:  109 13:37:30    -2911.294891        0.550466
BFGS:  110 13:37:30    -2911.486915        0.630812
BFGS:  111 13:37:30    -2911.642675        0.474691
BFGS:  112 13:37:30    -2911.800157        0.440799
BFGS:  113 13:37:31    -2911.950886        0.494917
BFGS:  114 13:37:31    -2912.118018        0.642099
BFGS:  115 13:37:31    -2912.296524        0.558582
BFGS:  116 13:37:32    -2912.503664        0.516867
BFGS:  117 13:37:32    -2912.759575        0.643428
BFGS:  118 13:37:32    -2913.070782        0.847264
BFGS:  119 13:37:32    -2913.411742        0.910891
BFGS:  120 13:37:32    -2913.780976        0.852482
BFGS:  121 13:37:33    -2914.167840        1.098997
BFGS:  122 13:37:33    -2914.436384        0.803180
BFGS:  123 13:37:33    -2914.655663        1.723104
BFGS:  124 13:37:33    -2914.988017        0.545146
BFGS:  125 13:37:33    -2915.252839        0.450818
BFGS:  126 13:37:33    -2915.476313        0.631810
BFGS:  127 13:37:34    -2915.722904        0.867968
BFGS:  128 13:37:34    -2916.055403        1.065669
BFGS:  129 13:37:34    -2916.416189        0.971380
BFGS:  130 13:37:34    -2916.752618        1.091771
BFGS:  131 13:37:34    -2917.241300        1.227662
BFGS:  132 13:37:34    -2917.700371        1.331479
BFGS:  133 13:37:35    -2918.122270        1.050037
BFGS:  134 13:37:35    -2918.518045        0.676727
BFGS:  135 13:37:35    -2918.901270        0.955421
BFGS:  136 13:37:35    -2919.040434        0.817896
BFGS:  137 13:37:35    -2919.336146        0.709048
BFGS:  138 13:37:36    -2919.577961        1.204677
BFGS:  139 13:37:36    -2919.841188        0.740238
BFGS:  140 13:37:36    -2920.029581        0.792633
BFGS:  141 13:37:36    -2920.279792        0.730460
BFGS:  142 13:37:37    -2920.473484        0.757259
BFGS:  143 13:37:37    -2920.696034        0.567323
BFGS:  144 13:37:37    -2920.865843        0.786225
BFGS:  145 13:37:37    -2921.043999        0.666571
BFGS:  146 13:37:37    -2921.214061        0.609022
BFGS:  147 13:37:38    -2921.355507        0.437871
BFGS:  148 13:37:38    -2921.464981        0.523384
BFGS:  149 13:37:38    -2921.589272        0.548293
BFGS:  150 13:37:38    -2921.698432        1.095310
BFGS:  151 13:37:38    -2921.810459        0.505449
BFGS:  152 13:37:38    -2921.964036        0.656443
BFGS:  153 13:37:39    -2922.253941        0.994807
BFGS:  154 13:37:39    -2922.472244        0.694041
BFGS:  155 13:37:39    -2922.695136        0.583563
BFGS:  156 13:37:39    -2922.943593        0.642440
BFGS:  157 13:37:39    -2923.136069        1.088970
BFGS:  158 13:37:39    -2923.277139        0.808204
BFGS:  159 13:37:40    -2923.483197        0.652396
BFGS:  160 13:37:40    -2923.779657        1.190100
BFGS:  161 13:37:40    -2923.961705        0.673795
BFGS:  162 13:37:41    -2924.296246        0.748284
BFGS:  163 13:37:41    -2924.648319        0.961824
BFGS:  164 13:37:42    -2924.991919        0.978409
BFGS:  165 13:37:42    -2925.338788        0.806698
BFGS:  166 13:37:42    -2925.637450        0.811345
BFGS:  167 13:37:42    -2925.800379        0.799727
BFGS:  168 13:37:42    -2925.985443        0.524186
BFGS:  169 13:37:43    -2926.171258        0.984123
BFGS:  170 13:37:43    -2926.285245        0.619824
BFGS:  171 13:37:43    -2926.441285        0.437032
BFGS:  172 13:37:43    -2926.565314        0.466300
BFGS:  173 13:37:43    -2926.713861        0.546386
BFGS:  174 13:37:44    -2926.869755        0.617018
BFGS:  175 13:37:44    -2927.041912        0.702026
BFGS:  176 13:37:44    -2927.213109        0.740672
BFGS:  177 13:37:44    -2927.391460        0.654161
BFGS:  178 13:37:44    -2927.574872        0.644460
BFGS:  179 13:37:45    -2927.754224        0.588213
BFGS:  180 13:37:45    -2927.906748        0.448142
BFGS:  181 13:37:45    -2928.018224        0.385081
BFGS:  182 13:37:45    -2928.073870        0.902192
BFGS:  183 13:37:45    -2928.145857        0.320369
BFGS:  184 13:37:46    -2928.201070        0.277728
BFGS:  185 13:37:46    -2928.262956        0.265508
BFGS:  186 13:37:47    -2928.309603        0.305347
BFGS:  187 13:37:47    -2928.360945        0.377967
BFGS:  188 13:37:47    -2928.406989        0.319423
BFGS:  189 13:37:48    -2928.455494        0.278374
BFGS:  190 13:37:48    -2928.503261        0.227270
BFGS:  191 13:37:49    -2928.549752        0.220429
BFGS:  192 13:37:49    -2928.590050        0.232383
BFGS:  193 13:37:49    -2928.629430        0.219931
BFGS:  194 13:37:49    -2928.668646        0.189989
BFGS:  195 13:37:49    -2928.708320        0.190542
BFGS:  196 13:37:50    -2928.747180        0.169027
BFGS:  197 13:37:50    -2928.785691        0.184733
BFGS:  198 13:37:50    -2928.823910        0.185763
BFGS:  199 13:37:50    -2928.859183        0.159403
BFGS:  200 13:37:50    -2928.890144        0.180279
BFGS:  201 13:37:51    -2928.918900        0.159823
BFGS:  202 13:37:51    -2928.947983        0.178510
BFGS:  203 13:37:51    -2928.977465        0.150951
BFGS:  204 13:37:51    -2929.005097        0.166656
BFGS:  205 13:37:52    -2929.030236        0.156122
BFGS:  206 13:37:52    -2929.054137        0.139869
BFGS:  207 13:37:52    -2929.078484        0.136820
BFGS:  208 13:37:52    -2929.103037        0.158766
BFGS:  209 13:37:52    -2929.127079        0.160533
BFGS:  210 13:37:53    -2929.151328        0.140886
BFGS:  211 13:37:53    -2929.175447        0.150757
BFGS:  212 13:37:53    -2929.199460        0.158397
BFGS:  213 13:37:53    -2929.222978        0.169651
BFGS:  214 13:37:53    -2929.245440        0.157759
BFGS:  215 13:37:54    -2929.268043        0.141401
BFGS:  216 13:37:54    -2929.289573        0.115879
BFGS:  217 13:37:54    -2929.309051        0.118732
BFGS:  218 13:37:55    -2929.326650        0.124840
BFGS:  219 13:37:55    -2929.343441        0.112806
BFGS:  220 13:37:55    -2929.358856        0.107895
BFGS:  221 13:37:56    -2929.373286        0.089132
BFGS:  222 13:37:56    -2929.386058        0.104276
BFGS:  223 13:37:56    -2929.397790        0.101709
BFGS:  224 13:37:57    -2929.408889        0.096206
BFGS:  225 13:37:58    -2929.419691        0.097301
BFGS:  226 13:37:58    -2929.430384        0.123171
BFGS:  227 13:37:58    -2929.440141        0.115585
BFGS:  228 13:37:58    -2929.450341        0.103131
BFGS:  229 13:37:58    -2929.461154        0.093180
BFGS:  230 13:37:59    -2929.471289        0.097836
BFGS:  231 13:37:59    -2929.481257        0.117452
BFGS:  232 13:37:59    -2929.491855        0.098157
BFGS:  233 13:38:00    -2929.502127        0.097367
BFGS:  234 13:38:00    -2929.511934        0.101208
BFGS:  235 13:38:00    -2929.521179        0.091884
BFGS:  236 13:38:01    -2929.531166        0.097467
BFGS:  237 13:38:01    -2929.541002        0.079625
BFGS:  238 13:38:01    -2929.551319        0.075067
BFGS:  239 13:38:01    -2929.560597        0.075850
BFGS:  240 13:38:02    -2929.569549        0.089434
BFGS:  241 13:38:02    -2929.578859        0.092930
BFGS:  242 13:38:02    -2929.587193        0.087678
BFGS:  243 13:38:02    -2929.595687        0.078423
BFGS:  244 13:38:03    -2929.603691        0.070564
BFGS:  245 13:38:03    -2929.612339        0.079065
BFGS:  246 13:38:03    -2929.620391        0.074883
BFGS:  247 13:38:03    -2929.627970        0.079577
BFGS:  248 13:38:04    -2929.634999        0.081529
BFGS:  249 13:38:04    -2929.641824        0.073448
BFGS:  250 13:38:04    -2929.648241        0.077100
BFGS:  251 13:38:04    -2929.654889        0.082360
BFGS:  252 13:38:04    -2929.661584        0.092239
BFGS:  253 13:38:05    -2929.668607        0.097593
BFGS:  254 13:38:05    -2929.676335        0.099087
BFGS:  255 13:38:05    -2929.684843        0.102045
BFGS:  256 13:38:06    -2929.695326        0.109998
BFGS:  257 13:38:06    -2929.708340        0.151796
BFGS:  258 13:38:07    -2929.724086        0.189978
BFGS:  259 13:38:07    -2929.742565        0.189475
BFGS:  260 13:38:07    -2929.763726        0.161492
BFGS:  261 13:38:07    -2929.786003        0.157683
BFGS:  262 13:38:07    -2929.799181        0.153391
BFGS:  263 13:38:08    -2929.819798        0.132805
BFGS:  264 13:38:08    -2929.834055        0.097673
BFGS:  265 13:38:08    -2929.849987        0.107844
BFGS:  266 13:38:08    -2929.860877        0.112931
BFGS:  267 13:38:08    -2929.873552        0.100648
BFGS:  268 13:38:09    -2929.883542        0.107117
BFGS:  269 13:38:09    -2929.892839        0.098693
BFGS:  270 13:38:09    -2929.901836        0.087782
BFGS:  271 13:38:09    -2929.910866        0.086843
BFGS:  272 13:38:09    -2929.918858        0.084689
BFGS:  273 13:38:10    -2929.925889        0.073930
BFGS:  274 13:38:10    -2929.932420        0.079885
BFGS:  275 13:38:10    -2929.939000        0.077562
BFGS:  276 13:38:10    -2929.944872        0.073627
BFGS:  277 13:38:11    -2929.950576        0.069184
BFGS:  278 13:38:11    -2929.955469        0.065560
BFGS:  279 13:38:16    -2929.959885        0.056371
BFGS:  280 13:38:20    -2929.964309        0.060739
BFGS:  281 13:38:23    -2929.968878        0.061539
BFGS:  282 13:38:29    -2929.973511        0.067721
BFGS:  283 13:38:33    -2929.978388        0.066344
BFGS:  284 13:38:39    -2929.983147        0.061618
BFGS:  285 13:38:41    -2929.987883        0.067833
BFGS:  286 13:38:41    -2929.992843        0.063550
BFGS:  287 13:38:42    -2929.997845        0.065537
BFGS:  288 13:38:42    -2930.003125        0.067097
BFGS:  289 13:38:42    -2930.009192        0.075215
      Step     Time          Energy          fmax
BFGS:    0 13:39:26    -1148.091978      921.784815
BFGS:    1 13:39:27   -56531.490219   592975.358408
BFGS:    2 13:39:27  -117309.169221  1395353.619456
BFGS:    3 13:39:27    -3690.925936    18278.159080
BFGS:    4 13:39:28    -6883.691570    43574.304617
BFGS:    5 13:39:28    -2462.667255     7685.519740
BFGS:    6 13:39:28    -7819.256162    53627.805065
BFGS:    7 13:39:28 -114777416890.285202 30626862831068.195312
BFGS:    8 13:39:28    -4967.059604    56936.503760
BFGS:    9 13:39:29 -129983935380.851700 35411252455462.617188
BFGS:   10 13:39:29    -8094.808614   104189.547252
BFGS:   11 13:39:29 -3106852.471785 143610213.653520
BFGS:   12 13:39:29 -3340945354.573050 494444504395.013184
BFGS:   13 13:39:30 -82417141473.449814 20810880917972.570312
BFGS:   14 13:39:30 -109410365871.024002 28962644093340.144531
BFGS:   15 13:39:30 -118517439619.938705 31794302092659.273438
BFGS:   16 13:39:30 -119392505488.099304 32068346625510.574219
BFGS:   17 13:39:31 -119499328914.346497 32101823529552.914062
BFGS:   18 13:39:31 -119511367947.737000 32105596690840.996094
BFGS:   19 13:39:32 -119512861475.138000 32106064791607.910156
BFGS:   20 13:39:32 -119514007877.019897 32106424081775.750000
BFGS:   21 13:39:32 -119516841305.311798 32107312124577.195312
BFGS:   22 13:39:33 -119523220154.086502 32109311386676.539062
BFGS:   23 13:39:33 -119524926392.978897 32109846135997.824219
BFGS:   24 13:39:33 -119526172999.732193 32110236872151.128906
BFGS:   25 13:39:33 -119527343249.231796 32110603643697.097656
BFGS:   26 13:39:33 -119528090248.228607 32110837756527.132812
BFGS:   27 13:39:34 -119529004186.160995 32111124201949.839844
BFGS:   28 13:39:34 -119530676427.373703 32111648309584.054688
BFGS:   29 13:39:34 -119532226190.207794 32112134054333.273438
BFGS:   30 13:39:34 -119532753301.272598 32112299265539.265625
BFGS:   31 13:39:35 -119534408342.017807 32112818005502.214844
BFGS:   32 13:39:35 -119535909217.966507 32113288421918.167969
BFGS:   33 13:39:35 -119538938367.674698 32114237839669.328125
BFGS:   34 13:39:35 -119542108583.288895 32115231472527.339844
BFGS:   35 13:39:35 -119542784771.670197 32115443415552.523438
BFGS:   36 13:39:36 -119545940415.821396 32116432493836.746094
BFGS:   37 13:39:36 -119548584912.142105 32117261356217.425781
BFGS:   38 13:39:36 -119550742889.200806 32117937729452.199219
BFGS:   39 13:39:36 -119554310546.695099 32119055970193.476562
BFGS:   40 13:39:37 -119556633105.594498 32119783930072.218750
BFGS:   41 13:39:37 -119558572100.978500 32120391672712.597656
BFGS:   42 13:39:37 -119559624190.966904 32120721447769.179688
BFGS:   43 13:39:37 -119561053981.455597 32121169602750.265625
BFGS:   44 13:39:38 -119562689814.115402 32121682335039.738281
BFGS:   45 13:39:38 -119564071237.684006 32122115314491.851562
BFGS:   46 13:39:38 -119567248305.572098 32123111129676.117188
BFGS:   47 13:39:38 -119569748288.893494 32123894744361.656250
BFGS:   48 13:39:38 -119571762186.006699 32124526006159.925781
BFGS:   49 13:39:39 -119572811868.634003 32124855033554.558594
BFGS:   50 13:39:39 -119573843965.414093 32125178541016.460938
BFGS:   51 13:39:39 -119575071394.776993 32125563254591.210938
BFGS:   52 13:39:39 -119576420370.074005 32125986080863.390625
BFGS:   53 13:39:39 -119577527905.086700 32126333222629.988281
BFGS:   54 13:39:40 -119578372030.487900 32126597815888.785156
BFGS:   55 13:39:40 -119578718679.822098 32126706490610.031250
BFGS:   56 13:39:40 -119580695755.214706 32127326207303.125000
BFGS:   57 13:39:40 -119581954591.980499 32127720765657.515625
      Step     Time          Energy          fmax
BFGS:    0 13:40:12    -3643.400249       37.986424
BFGS:    1 13:40:13    -3948.328168       14.837973
BFGS:    2 13:40:15    -4395.219235       10.114082
BFGS:    3 13:40:16    -4575.191528        5.383305
BFGS:    4 13:40:16    -4621.255046        3.301091
BFGS:    5 13:40:17    -4645.793908        2.673343
BFGS:    6 13:40:17    -4659.431441        2.101399
BFGS:    7 13:40:18    -4667.517453        1.681356
BFGS:    8 13:40:20    -4672.399459        1.448661
BFGS:    9 13:40:21    -4675.395680        1.167459
BFGS:   10 13:40:21    -4677.571997        1.129640
BFGS:   11 13:40:21    -4679.696924        0.955219
BFGS:   12 13:40:22    -4681.966161        1.039037
BFGS:   13 13:40:22    -4684.620304        1.320902
BFGS:   14 13:40:22    -4688.139797        1.297324
BFGS:   15 13:40:23    -4692.091766        2.056167
BFGS:   16 13:40:23    -4696.838672        2.255157
BFGS:   17 13:40:23    -4702.424770        2.426995
BFGS:   18 13:40:24    -4707.651288        2.323460
BFGS:   19 13:40:24    -4713.112900        1.707100
BFGS:   20 13:40:25    -4719.076793        1.569681
BFGS:   21 13:40:25    -4721.925209        1.138478
BFGS:   22 13:40:26    -4723.777340        0.949408
BFGS:   23 13:40:26    -4725.180468        0.770316
BFGS:   24 13:40:27    -4726.602667        0.666638
BFGS:   25 13:40:28    -4727.620068        0.635007
BFGS:   26 13:40:28    -4728.292724        0.586943
BFGS:   27 13:40:29    -4729.081610        0.646510
BFGS:   28 13:40:29    -4729.783054        0.598591
BFGS:   29 13:40:30    -4730.364306        0.687830
BFGS:   30 13:40:31    -4730.876722        0.540313
BFGS:   31 13:40:31    -4731.394694        0.442627
BFGS:   32 13:40:32    -4731.890151        0.480692
BFGS:   33 13:40:33    -4732.325362        0.596454
BFGS:   34 13:40:34    -4732.705043        0.454204
BFGS:   35 13:40:36    -4733.064858        0.432270
BFGS:   36 13:40:37    -4733.415079        0.436720
BFGS:   37 13:40:37    -4733.730374        0.429741
BFGS:   38 13:40:38    -4734.016634        0.419894
BFGS:   39 13:40:38    -4734.290652        0.413313
BFGS:   40 13:40:40    -4734.574245        0.406236
BFGS:   41 13:40:40    -4734.866818        0.430035
BFGS:   42 13:40:41    -4735.154026        0.516016
BFGS:   43 13:40:42    -4735.430593        0.371387
BFGS:   44 13:40:43    -4735.696440        0.401156
BFGS:   45 13:40:43    -4735.959736        0.431308
BFGS:   46 13:40:44    -4736.244858        0.622549
BFGS:   47 13:40:44    -4736.568187        0.609329
BFGS:   48 13:40:45    -4736.898270        0.372850
BFGS:   49 13:40:46    -4737.218291        0.422665
BFGS:   50 13:40:47    -4737.550252        0.469610
BFGS:   51 13:40:47    -4737.944063        0.666153
BFGS:   52 13:40:48    -4738.441599        0.723962
BFGS:   53 13:40:48    -4738.914711        1.530746
BFGS:   54 13:40:49    -4739.423856        1.123932
BFGS:   55 13:40:49    -4740.005446        0.793081
BFGS:   56 13:40:50    -4740.897399        0.927284
BFGS:   57 13:40:51    -4741.488343        0.564159
BFGS:   58 13:40:52    -4742.398278        0.853044
BFGS:   59 13:40:53    -4743.129990        0.884443
BFGS:   60 13:40:54    -4743.909154        0.909709
BFGS:   61 13:40:54    -4744.794134        0.593356
BFGS:   62 13:40:55    -4745.511867        0.646678
BFGS:   63 13:40:55    -4746.315948        0.790561
BFGS:   64 13:40:56    -4746.993792        0.831943
BFGS:   65 13:40:57    -4747.759488        0.591897
BFGS:   66 13:40:58    -4748.465433        0.799255
BFGS:   67 13:40:59    -4749.125981        0.723655
BFGS:   68 13:41:00    -4749.711367        0.661873
BFGS:   69 13:41:02    -4750.230215        0.626265
BFGS:   70 13:41:04    -4750.717306        0.586958
BFGS:   71 13:41:04    -4751.120369        0.571924
BFGS:   72 13:41:05    -4751.486004        0.483550
BFGS:   73 13:41:05    -4751.832779        0.468215
BFGS:   74 13:41:07    -4752.170405        0.425185
BFGS:   75 13:41:07    -4752.462269        0.411027
BFGS:   76 13:41:08    -4752.713915        0.399056
BFGS:   77 13:41:09    -4752.938387        0.330301
BFGS:   78 13:41:09    -4753.144469        0.356361
BFGS:   79 13:41:10    -4753.325103        0.404953
BFGS:   80 13:41:11    -4753.482656        0.347477
BFGS:   81 13:41:11    -4753.635786        0.311129
BFGS:   82 13:41:12    -4753.787138        0.300946
BFGS:   83 13:41:13    -4753.921919        0.250726
BFGS:   84 13:41:14    -4754.043210        0.308634
BFGS:   85 13:41:14    -4754.151687        0.257510
BFGS:   86 13:41:15    -4754.250435        0.224386
BFGS:   87 13:41:15    -4754.337061        0.243459
BFGS:   88 13:41:16    -4754.419942        0.240539
BFGS:   89 13:41:17    -4754.505100        0.271472
BFGS:   90 13:41:17    -4754.600160        0.254196
BFGS:   91 13:41:18    -4754.699320        0.290196
BFGS:   92 13:41:18    -4754.793441        0.217296
BFGS:   93 13:41:19    -4754.881178        0.237553
BFGS:   94 13:41:19    -4754.971002        0.250799
BFGS:   95 13:41:20    -4755.059344        0.241789
BFGS:   96 13:41:21    -4755.153817        0.220976
BFGS:   97 13:41:21    -4755.250745        0.224264
BFGS:   98 13:41:22    -4755.352276        0.232231
BFGS:   99 13:41:23    -4755.451640        0.272346
BFGS:  100 13:41:24    -4755.550865        0.251442
BFGS:  101 13:41:25    -4755.637100        0.204829
BFGS:  102 13:41:25    -4755.717102        0.212929
BFGS:  103 13:41:26    -4755.787084        0.244083
BFGS:  104 13:41:27    -4755.857252        0.270165
BFGS:  105 13:41:28    -4755.922800        0.288617
BFGS:  106 13:41:29    -4755.996102        0.296218
BFGS:  107 13:41:29    -4756.075862        0.292157
BFGS:  108 13:41:30    -4756.168404        0.262989
BFGS:  109 13:41:30    -4756.257767        0.179973
BFGS:  110 13:41:31    -4756.346464        0.201275
BFGS:  111 13:41:32    -4756.423880        0.223418
BFGS:  112 13:41:33    -4756.490009        0.208268
BFGS:  113 13:41:34    -4756.540291        0.194326
BFGS:  114 13:41:34    -4756.584614        0.178495
BFGS:  115 13:41:35    -4756.628239        0.189983
BFGS:  116 13:41:35    -4756.691492        0.247478
BFGS:  117 13:41:36    -4756.737151        0.253524
BFGS:  118 13:41:36    -4756.799248        0.238086
BFGS:  119 13:41:37    -4756.858355        0.208153
BFGS:  120 13:41:37    -4756.929619        0.270828
BFGS:  121 13:41:38    -4757.000168        0.328104
BFGS:  122 13:41:39    -4757.075381        0.350698
BFGS:  123 13:41:40    -4757.151999        0.252337
BFGS:  124 13:41:40    -4757.229844        0.255601
BFGS:  125 13:41:41    -4757.304359        0.303485
BFGS:  126 13:41:42    -4757.366349        0.245766
BFGS:  127 13:41:43    -4757.428375        0.259466
BFGS:  128 13:41:44    -4757.480922        0.195721
BFGS:  129 13:41:44    -4757.531689        0.201493
BFGS:  130 13:41:45    -4757.570831        0.191694
BFGS:  131 13:41:46    -4757.609949        0.157175
BFGS:  132 13:41:46    -4757.639620        0.147800
BFGS:  133 13:41:47    -4757.670079        0.128383
BFGS:  134 13:41:48    -4757.696525        0.163729
BFGS:  135 13:41:48    -4757.721635        0.144685
BFGS:  136 13:41:49    -4757.745467        0.116236
BFGS:  137 13:41:50    -4757.769575        0.136592
BFGS:  138 13:41:50    -4757.790662        0.146167
BFGS:  139 13:41:51    -4757.811287        0.101913
BFGS:  140 13:41:52    -4757.830799        0.119633
BFGS:  141 13:41:52    -4757.848288        0.109971
BFGS:  142 13:41:53    -4757.865429        0.133526
BFGS:  143 13:41:54    -4757.881691        0.108136
BFGS:  144 13:41:54    -4757.897006        0.086686
BFGS:  145 13:41:55    -4757.914290        0.112772
BFGS:  146 13:41:56    -4757.928757        0.130467
BFGS:  147 13:41:57    -4757.941511        0.110382
BFGS:  148 13:41:57    -4757.956182        0.094012
BFGS:  149 13:41:58    -4757.970637        0.098601
BFGS:  150 13:41:59    -4757.984747        0.136842
BFGS:  151 13:41:59    -4757.997434        0.110668
BFGS:  152 13:42:01    -4758.012054        0.105809
BFGS:  153 13:42:04    -4758.025521        0.125961
BFGS:  154 13:42:05    -4758.038773        0.155477
BFGS:  155 13:42:05    -4758.053543        0.182864
BFGS:  156 13:42:06    -4758.068685        0.192108
BFGS:  157 13:42:07    -4758.086460        0.163044
BFGS:  158 13:42:08    -4758.103442        0.121991
BFGS:  159 13:42:09    -4758.118864        0.127094
BFGS:  160 13:42:09    -4758.132686        0.093759
BFGS:  161 13:42:10    -4758.144927        0.090021
BFGS:  162 13:42:11    -4758.154413        0.092282
BFGS:  163 13:42:12    -4758.162690        0.106009
BFGS:  164 13:42:13    -4758.169509        0.072656
BFGS:  165 13:42:14    -4758.175653        0.119393
BFGS:  166 13:42:14    -4758.181284        0.081429
BFGS:  167 13:42:15    -4758.187443        0.070491
BFGS:  168 13:42:16    -4758.192465        0.051540
BFGS:  169 13:42:17    -4758.197016        0.049893
BFGS:  170 13:42:17    -4758.200799        0.056092
BFGS:  171 13:42:18    -4758.203413        0.054710
BFGS:  172 13:42:19    -4758.206057        0.039570
BFGS:  173 13:42:20    -4758.208889        0.038078
BFGS:  174 13:42:21    -4758.212037        0.035087
BFGS:  175 13:42:22    -4758.214207        0.046271
BFGS:  176 13:42:22    -4758.216462        0.039446
BFGS:  177 13:42:23    -4758.218395        0.036717
BFGS:  178 13:42:23    -4758.220046        0.030042
BFGS:  179 13:42:24    -4758.221737        0.030511
BFGS:  180 13:42:25    -4758.223679        0.028366
BFGS:  181 13:42:26    -4758.225943        0.028140
BFGS:  182 13:42:27    -4758.227583        0.025157
BFGS:  183 13:42:28    -4758.228905        0.025443
BFGS:  184 13:42:29    -4758.231063        0.023310
BFGS:  185 13:42:30    -4758.232559        0.030426
BFGS:  186 13:42:30    -4758.233895        0.031218
BFGS:  187 13:42:31    -4758.234504        0.026578
BFGS:  188 13:42:32    -4758.235642        0.028203
BFGS:  189 13:42:33    -4758.236661        0.023213
BFGS:  190 13:42:33    -4758.237441        0.022220
BFGS:  191 13:42:35    -4758.238875        0.020608
BFGS:  192 13:42:35    -4758.239731        0.022582
BFGS:  193 13:42:36    -4758.240448        0.020397
BFGS:  194 13:42:37    -4758.241350        0.019487
BFGS:  195 13:42:38    -4758.242019        0.019198
BFGS:  196 13:42:38    -4758.242513        0.021192
BFGS:  197 13:42:38    -4758.243112        0.020455
BFGS:  198 13:42:39    -4758.244282        0.018170
BFGS:  199 13:42:39    -4758.244643        0.021879
BFGS:  200 13:42:40    -4758.245314        0.024222
BFGS:  201 13:42:41    -4758.246031        0.024236
BFGS:  202 13:42:41    -4758.247023        0.023702
BFGS:  203 13:42:41    -4758.248087        0.025063
BFGS:  204 13:42:42    -4758.249135        0.025303
BFGS:  205 13:42:43    -4758.250249        0.036805
BFGS:  206 13:42:43    -4758.251957        0.039201
BFGS:  207 13:42:44    -4758.254509        0.037705
BFGS:  208 13:42:45    -4758.257876        0.046667
BFGS:  209 13:42:46    -4758.260139        0.050794
BFGS:  210 13:42:47    -4758.262163        0.090829
BFGS:  211 13:42:48    -4758.268142        0.116102
BFGS:  212 13:42:48    -4758.274564        0.092931
BFGS:  213 13:42:49    -4758.290003        0.084798
BFGS:  214 13:42:49    -4758.295822        0.102926
BFGS:  215 13:42:50    -4758.311369        0.113663
BFGS:  216 13:42:51    -4758.323178        0.108829
BFGS:  217 13:42:51    -4758.338198        0.108793
BFGS:  218 13:42:52    -4758.349540        0.124585
BFGS:  219 13:42:52    -4758.365403        0.158908
BFGS:  220 13:42:53    -4758.377691        0.142802
BFGS:  221 13:42:54    -4758.392636        0.110158
BFGS:  222 13:42:54    -4758.407397        0.077012
BFGS:  223 13:42:55    -4758.420839        0.094644
BFGS:  224 13:42:56    -4758.433828        0.101250
BFGS:  225 13:42:56    -4758.445599        0.095820
BFGS:  226 13:42:57    -4758.457540        0.099430
BFGS:  227 13:42:58    -4758.468305        0.115817
BFGS:  228 13:42:58    -4758.477408        0.117616
BFGS:  229 13:42:59    -4758.487237        0.100523
BFGS:  230 13:43:00    -4758.496769        0.083757
BFGS:  231 13:43:01    -4758.505594        0.076620
BFGS:  232 13:43:02    -4758.514406        0.085508
BFGS:  233 13:43:03    -4758.522395        0.067858
BFGS:  234 13:43:03    -4758.531229        0.071450
BFGS:  235 13:43:04    -4758.539484        0.067922
BFGS:  236 13:43:05    -4758.549579        0.066023
BFGS:  237 13:43:07    -4758.557329        0.079323
BFGS:  238 13:43:07    -4758.564229        0.068512
BFGS:  239 13:43:08    -4758.571148        0.066349
BFGS:  240 13:43:09    -4758.577204        0.053854
BFGS:  241 13:43:10    -4758.582665        0.065819
BFGS:  242 13:43:10    -4758.588247        0.063874
BFGS:  243 13:43:11    -4758.594124        0.060144
BFGS:  244 13:43:11    -4758.600151        0.057247
BFGS:  245 13:43:11    -4758.606156        0.049242
BFGS:  246 13:43:12    -4758.612164        0.049218
BFGS:  247 13:43:12    -4758.616248        0.048620
BFGS:  248 13:43:13    -4758.621850        0.052946
BFGS:  249 13:43:13    -4758.627958        0.061594
BFGS:  250 13:43:14    -4758.634662        0.065887
BFGS:  251 13:43:14    -4758.640050        0.070941
BFGS:  252 13:43:15    -4758.646801        0.085005
BFGS:  253 13:43:15    -4758.655639        0.091239
BFGS:  254 13:43:16    -4758.665315        0.097269
BFGS:  255 13:43:16    -4758.677554        0.103624
BFGS:  256 13:43:16    -4758.690610        0.105632
BFGS:  257 13:43:17    -4758.705469        0.113412
BFGS:  258 13:43:17    -4758.721505        0.112587
BFGS:  259 13:43:18    -4758.739905        0.100394
BFGS:  260 13:43:18    -4758.757283        0.119362
BFGS:  261 13:43:19    -4758.778201        0.100516
BFGS:  262 13:43:20    -4758.793721        0.098619
BFGS:  263 13:43:20    -4758.809799        0.119905
BFGS:  264 13:43:20    -4758.822072        0.100856
BFGS:  265 13:43:21    -4758.834188        0.087057
BFGS:  266 13:43:21    -4758.844601        0.083500
BFGS:  267 13:43:22    -4758.854762        0.077488
BFGS:  268 13:43:22    -4758.863246        0.085477
BFGS:  269 13:43:23    -4758.872596        0.076748
BFGS:  270 13:43:24    -4758.882425        0.083557
BFGS:  271 13:43:24    -4758.890927        0.071032
BFGS:  272 13:43:25    -4758.898783        0.068658
BFGS:  273 13:43:26    -4758.907123        0.086932
BFGS:  274 13:43:26    -4758.915320        0.068867
BFGS:  275 13:43:27    -4758.924084        0.089231
BFGS:  276 13:43:27    -4758.934213        0.086957
BFGS:  277 13:43:28    -4758.945385        0.072741
BFGS:  278 13:43:29    -4758.957794        0.075275
BFGS:  279 13:43:29    -4758.971982        0.092802
BFGS:  280 13:43:30    -4758.987491        0.096005
BFGS:  281 13:43:31    -4759.003486        0.095331
BFGS:  282 13:43:32    -4759.021744        0.104561
BFGS:  283 13:43:32    -4759.037997        0.110882
BFGS:  284 13:43:33    -4759.058795        0.117211
BFGS:  285 13:43:33    -4759.074546        0.123782
BFGS:  286 13:43:34    -4759.094451        0.136142
BFGS:  287 13:43:35    -4759.111632        0.096215
BFGS:  288 13:43:35    -4759.128541        0.108783
BFGS:  289 13:43:36    -4759.143541        0.139431
BFGS:  290 13:43:36    -4759.158770        0.124960
BFGS:  291 13:43:37    -4759.172079        0.121319
BFGS:  292 13:43:38    -4759.184790        0.071084
BFGS:  293 13:43:38    -4759.196247        0.082930
BFGS:  294 13:43:39    -4759.206801        0.090952
BFGS:  295 13:43:39    -4759.217813        0.086090
BFGS:  296 13:43:40    -4759.228967        0.066835
BFGS:  297 13:43:40    -4759.238060        0.060275
BFGS:  298 13:43:41    -4759.247573        0.070233
BFGS:  299 13:43:42    -4759.256288        0.069812
BFGS:  300 13:43:42    -4759.264582        0.056928
BFGS:  301 13:43:43    -4759.272979        0.059963
BFGS:  302 13:43:43    -4759.279693        0.062557
BFGS:  303 13:43:44    -4759.285497        0.061676
BFGS:  304 13:43:44    -4759.291991        0.068363
BFGS:  305 13:43:45    -4759.297662        0.059980
BFGS:  306 13:43:45    -4759.302601        0.053724
BFGS:  307 13:43:46    -4759.307628        0.055396
BFGS:  308 13:43:46    -4759.312225        0.054539
BFGS:  309 13:43:47    -4759.316719        0.052655
BFGS:  310 13:43:48    -4759.320063        0.043525
BFGS:  311 13:43:48    -4759.322863        0.039138
BFGS:  312 13:43:48    -4759.325831        0.047930
BFGS:  313 13:43:49    -4759.328327        0.045903
BFGS:  314 13:43:50    -4759.330813        0.044294
BFGS:  315 13:43:50    -4759.333886        0.039250
BFGS:  316 13:43:50    -4759.336696        0.034230
BFGS:  317 13:43:51    -4759.339094        0.044171
BFGS:  318 13:43:52    -4759.342037        0.045810
BFGS:  319 13:43:52    -4759.344524        0.042774
BFGS:  320 13:43:53    -4759.346442        0.038048
BFGS:  321 13:43:53    -4759.349304        0.048039
BFGS:  322 13:43:54    -4759.351901        0.047880
BFGS:  323 13:43:54    -4759.355311        0.049851
BFGS:  324 13:43:55    -4759.357642        0.052791
BFGS:  325 13:43:55    -4759.360799        0.052603
BFGS:  326 13:43:56    -4759.366284        0.063502
BFGS:  327 13:43:56    -4759.370017        0.053031
BFGS:  328 13:43:57    -4759.374515        0.056833
BFGS:  329 13:43:58    -4759.379699        0.055347
BFGS:  330 13:43:58    -4759.384858        0.060759
BFGS:  331 13:43:59    -4759.389364        0.061192
BFGS:  332 13:43:59    -4759.392605        0.049376
BFGS:  333 13:44:00    -4759.395552        0.037533
BFGS:  334 13:44:01    -4759.398813        0.035091
BFGS:  335 13:44:01    -4759.401488        0.045247
BFGS:  336 13:44:02    -4759.404335        0.050201
BFGS:  337 13:44:02    -4759.406479        0.038704
BFGS:  338 13:44:03    -4759.409014        0.034026
BFGS:  339 13:44:04    -4759.410483        0.029877
BFGS:  340 13:44:04    -4759.411909        0.039291
BFGS:  341 13:44:05    -4759.413144        0.033944
BFGS:  342 13:44:05    -4759.414106        0.026525
BFGS:  343 13:44:06    -4759.415884        0.024842
BFGS:  344 13:44:07    -4759.416919        0.022516
BFGS:  345 13:44:07    -4759.417294        0.021580
BFGS:  346 13:44:08    -4759.418237        0.019668
BFGS:  347 13:44:09    -4759.418174        0.022944
BFGS:  348 13:44:09    -4759.418904        0.021199
BFGS:  349 13:44:11    -4759.419530        0.019020
BFGS:  350 13:44:11    -4759.419885        0.022617
BFGS:  351 13:44:12    -4759.420349        0.020779
BFGS:  352 13:44:12    -4759.421293        0.014639
BFGS:  353 13:44:13    -4759.421780        0.013207
BFGS:  354 13:44:13    -4759.422101        0.014787
BFGS:  355 13:44:14    -4759.422709        0.014692
BFGS:  356 13:44:14    -4759.422896        0.015952
BFGS:  357 13:44:15    -4759.423235        0.013696
BFGS:  358 13:44:16    -4759.423476        0.012919
BFGS:  359 13:44:16    -4759.423569        0.013382
BFGS:  360 13:44:17    -4759.423616        0.014573
BFGS:  361 13:44:17    -4759.423921        0.013627
BFGS:  362 13:44:18    -4759.424274        0.014276
BFGS:  363 13:44:19    -4759.424537        0.011129
BFGS:  364 13:44:19    -4759.424785        0.011995
BFGS:  365 13:44:20    -4759.424544        0.013687
BFGS:  366 13:44:21    -4759.424728        0.015337
BFGS:  367 13:44:22    -4759.424411        0.010991
BFGS:  368 13:44:22    -4759.424803        0.009318
      Step     Time          Energy          fmax
BFGS:    0 14:27:58    -3643.400249       37.986424
BFGS:    1 14:27:58    -3948.328168       14.837973
BFGS:    2 14:27:59    -4395.219235       10.114082
BFGS:    3 14:27:59    -4575.191528        5.383305
BFGS:    4 14:28:00    -4621.255046        3.301091
BFGS:    5 14:28:00    -4645.793908        2.673343
BFGS:    6 14:28:01    -4659.431441        2.101399
BFGS:    7 14:28:02    -4667.517453        1.681356
BFGS:    8 14:28:03    -4672.399459        1.448661
BFGS:    9 14:28:06    -4675.395680        1.167459
BFGS:   10 14:28:09    -4677.571997        1.129640
BFGS:   11 14:28:10    -4679.696924        0.955219
BFGS:   12 14:28:11    -4681.966161        1.039037
BFGS:   13 14:28:11    -4684.620304        1.320902
BFGS:   14 14:28:12    -4688.139797        1.297324
BFGS:   15 14:28:12    -4692.091766        2.056167
BFGS:   16 14:28:13    -4696.838672        2.255157
BFGS:   17 14:28:13    -4702.424770        2.426995
BFGS:   18 14:28:14    -4707.651288        2.323460
BFGS:   19 14:28:14    -4713.112900        1.707100
BFGS:   20 14:28:17    -4719.076793        1.569681
BFGS:   21 14:28:18    -4721.925209        1.138478
BFGS:   22 14:28:18    -4723.777340        0.949408
BFGS:   23 14:28:19    -4725.180468        0.770316
BFGS:   24 14:28:19    -4726.602667        0.666638
BFGS:   25 14:28:20    -4727.620068        0.635007
BFGS:   26 14:28:20    -4728.292724        0.586943
BFGS:   27 14:28:20    -4729.081610        0.646510
BFGS:   28 14:28:21    -4729.783054        0.598591
BFGS:   29 14:28:21    -4730.364306        0.687830
BFGS:   30 14:28:22    -4730.876722        0.540313
BFGS:   31 14:28:22    -4731.394694        0.442627
BFGS:   32 14:28:22    -4731.890151        0.480692
BFGS:   33 14:28:23    -4732.325362        0.596454
BFGS:   34 14:28:24    -4732.705043        0.454204
BFGS:   35 14:28:25    -4733.064858        0.432270
BFGS:   36 14:28:26    -4733.415079        0.436720
BFGS:   37 14:28:26    -4733.730374        0.429741
BFGS:   38 14:28:27    -4734.016634        0.419894
BFGS:   39 14:28:27    -4734.290652        0.413313
BFGS:   40 14:28:27    -4734.574245        0.406236
BFGS:   41 14:28:28    -4734.866818        0.430035
BFGS:   42 14:28:28    -4735.154026        0.516016
BFGS:   43 14:28:29    -4735.430593        0.371387
BFGS:   44 14:28:29    -4735.696440        0.401156
BFGS:   45 14:28:30    -4735.959736        0.431308
BFGS:   46 14:28:30    -4736.244858        0.622549
BFGS:   47 14:28:31    -4736.568187        0.609329
BFGS:   48 14:28:31    -4736.898270        0.372850
BFGS:   49 14:28:31    -4737.218291        0.422665
BFGS:   50 14:28:32    -4737.550252        0.469610
BFGS:   51 14:28:32    -4737.944063        0.666153
BFGS:   52 14:28:33    -4738.441599        0.723962
BFGS:   53 14:28:33    -4738.914711        1.530746
BFGS:   54 14:28:34    -4739.423856        1.123932
BFGS:   55 14:28:35    -4740.005446        0.793081
BFGS:   56 14:28:35    -4740.897399        0.927284
BFGS:   57 14:28:36    -4741.488343        0.564159
BFGS:   58 14:28:36    -4742.398278        0.853044
BFGS:   59 14:28:37    -4743.129990        0.884443
BFGS:   60 14:28:38    -4743.909154        0.909709
BFGS:   61 14:28:38    -4744.794134        0.593356
BFGS:   62 14:28:39    -4745.511867        0.646678
BFGS:   63 14:28:40    -4746.315948        0.790561
BFGS:   64 14:28:40    -4746.993792        0.831943
BFGS:   65 14:28:41    -4747.759488        0.591897
BFGS:   66 14:28:41    -4748.465433        0.799255
BFGS:   67 14:28:42    -4749.125981        0.723655
BFGS:   68 14:28:42    -4749.711367        0.661873
BFGS:   69 14:28:43    -4750.230215        0.626265
BFGS:   70 14:28:43    -4750.717306        0.586958
BFGS:   71 14:28:43    -4751.120369        0.571924
BFGS:   72 14:28:44    -4751.486004        0.483550
BFGS:   73 14:28:44    -4751.832779        0.468215
BFGS:   74 14:28:45    -4752.170405        0.425185
BFGS:   75 14:28:45    -4752.462269        0.411027
BFGS:   76 14:28:46    -4752.713915        0.399056
BFGS:   77 14:28:46    -4752.938387        0.330301
BFGS:   78 14:28:47    -4753.144469        0.356361
BFGS:   79 14:28:48    -4753.325103        0.404953
BFGS:   80 14:28:48    -4753.482656        0.347477
BFGS:   81 14:28:48    -4753.635786        0.311129
BFGS:   82 14:28:49    -4753.787138        0.300946
BFGS:   83 14:28:49    -4753.921919        0.250726
BFGS:   84 14:28:50    -4754.043210        0.308634
BFGS:   85 14:28:51    -4754.151687        0.257510
BFGS:   86 14:28:51    -4754.250435        0.224386
BFGS:   87 14:28:52    -4754.337061        0.243459
BFGS:   88 14:28:52    -4754.419942        0.240539
BFGS:   89 14:28:53    -4754.505100        0.271472
BFGS:   90 14:28:53    -4754.600160        0.254196
BFGS:   91 14:28:54    -4754.699320        0.290196
BFGS:   92 14:28:55    -4754.793441        0.217296
BFGS:   93 14:28:56    -4754.881178        0.237553
BFGS:   94 14:28:56    -4754.971002        0.250799
BFGS:   95 14:28:57    -4755.059344        0.241789
BFGS:   96 14:28:57    -4755.153817        0.220976
BFGS:   97 14:28:58    -4755.250745        0.224264
BFGS:   98 14:28:59    -4755.352276        0.232231
BFGS:   99 14:28:59    -4755.451640        0.272346
BFGS:  100 14:29:00    -4755.550865        0.251442
BFGS:  101 14:29:00    -4755.637100        0.204829
BFGS:  102 14:29:01    -4755.717102        0.212929
BFGS:  103 14:29:02    -4755.787084        0.244083
BFGS:  104 14:29:02    -4755.857252        0.270165
BFGS:  105 14:29:03    -4755.922800        0.288617
BFGS:  106 14:29:03    -4755.996102        0.296218
BFGS:  107 14:29:03    -4756.075862        0.292157
BFGS:  108 14:29:04    -4756.168404        0.262989
BFGS:  109 14:29:05    -4756.257767        0.179973
BFGS:  110 14:29:05    -4756.346464        0.201275
BFGS:  111 14:29:06    -4756.423880        0.223418
BFGS:  112 14:29:06    -4756.490009        0.208268
BFGS:  113 14:29:07    -4756.540291        0.194326
BFGS:  114 14:29:07    -4756.584614        0.178495
BFGS:  115 14:29:08    -4756.628239        0.189983
BFGS:  116 14:29:08    -4756.691492        0.247478
BFGS:  117 14:29:08    -4756.737151        0.253524
BFGS:  118 14:29:09    -4756.799248        0.238086
BFGS:  119 14:29:10    -4756.858355        0.208153
BFGS:  120 14:29:10    -4756.929619        0.270828
BFGS:  121 14:29:10    -4757.000168        0.328104
BFGS:  122 14:29:11    -4757.075381        0.350698
BFGS:  123 14:29:11    -4757.151999        0.252337
BFGS:  124 14:29:11    -4757.229844        0.255601
BFGS:  125 14:29:12    -4757.304359        0.303485
BFGS:  126 14:29:12    -4757.366349        0.245766
BFGS:  127 14:29:13    -4757.428375        0.259466
BFGS:  128 14:29:13    -4757.480922        0.195721
BFGS:  129 14:29:14    -4757.531689        0.201493
BFGS:  130 14:29:14    -4757.570831        0.191694
BFGS:  131 14:29:14    -4757.609949        0.157175
BFGS:  132 14:29:15    -4757.639620        0.147800
BFGS:  133 14:29:15    -4757.670079        0.128383
BFGS:  134 14:29:16    -4757.696525        0.163729
BFGS:  135 14:29:16    -4757.721635        0.144685
BFGS:  136 14:29:16    -4757.745467        0.116236
BFGS:  137 14:29:17    -4757.769575        0.136592
BFGS:  138 14:29:17    -4757.790662        0.146167
BFGS:  139 14:29:18    -4757.811287        0.101913
BFGS:  140 14:29:19    -4757.830799        0.119633
BFGS:  141 14:29:19    -4757.848288        0.109971
BFGS:  142 14:29:19    -4757.865429        0.133526
BFGS:  143 14:29:20    -4757.881691        0.108136
BFGS:  144 14:29:20    -4757.897006        0.086686
BFGS:  145 14:29:21    -4757.914290        0.112772
BFGS:  146 14:29:21    -4757.928757        0.130467
BFGS:  147 14:29:21    -4757.941511        0.110382
BFGS:  148 14:29:22    -4757.956182        0.094012
BFGS:  149 14:29:22    -4757.970637        0.098601
BFGS:  150 14:29:22    -4757.984747        0.136842
BFGS:  151 14:29:23    -4757.997434        0.110668
BFGS:  152 14:29:24    -4758.012054        0.105809
BFGS:  153 14:29:24    -4758.025521        0.125961
BFGS:  154 14:29:25    -4758.038773        0.155477
BFGS:  155 14:29:25    -4758.053543        0.182864
BFGS:  156 14:29:26    -4758.068685        0.192108
BFGS:  157 14:29:26    -4758.086460        0.163044
BFGS:  158 14:29:26    -4758.103442        0.121991
BFGS:  159 14:29:27    -4758.118864        0.127094
BFGS:  160 14:29:27    -4758.132686        0.093759
BFGS:  161 14:29:28    -4758.144927        0.090021
BFGS:  162 14:29:28    -4758.154413        0.092282
BFGS:  163 14:29:29    -4758.162690        0.106009
BFGS:  164 14:29:29    -4758.169509        0.072656
BFGS:  165 14:29:30    -4758.175653        0.119393
BFGS:  166 14:29:30    -4758.181284        0.081429
BFGS:  167 14:29:31    -4758.187443        0.070491
BFGS:  168 14:29:31    -4758.192465        0.051540
BFGS:  169 14:29:31    -4758.197016        0.049893
BFGS:  170 14:29:32    -4758.200799        0.056092
BFGS:  171 14:29:32    -4758.203413        0.054710
BFGS:  172 14:29:33    -4758.206057        0.039570
BFGS:  173 14:29:33    -4758.208889        0.038078
BFGS:  174 14:29:34    -4758.212037        0.035087
BFGS:  175 14:29:34    -4758.214207        0.046271
BFGS:  176 14:29:34    -4758.216462        0.039446
BFGS:  177 14:29:35    -4758.218395        0.036717
BFGS:  178 14:29:35    -4758.220046        0.030042
BFGS:  179 14:29:36    -4758.221737        0.030511
BFGS:  180 14:29:36    -4758.223679        0.028366
BFGS:  181 14:29:37    -4758.225943        0.028140
BFGS:  182 14:29:38    -4758.227583        0.025157
BFGS:  183 14:29:38    -4758.228905        0.025443
BFGS:  184 14:29:39    -4758.231063        0.023310
BFGS:  185 14:29:39    -4758.232559        0.030426
BFGS:  186 14:29:40    -4758.233895        0.031218
BFGS:  187 14:29:40    -4758.234504        0.026578
BFGS:  188 14:29:41    -4758.235642        0.028203
BFGS:  189 14:29:41    -4758.236661        0.023213
BFGS:  190 14:29:42    -4758.237441        0.022220
BFGS:  191 14:29:42    -4758.238875        0.020608
BFGS:  192 14:29:43    -4758.239731        0.022582
BFGS:  193 14:29:43    -4758.240448        0.020397
BFGS:  194 14:29:44    -4758.241350        0.019487
BFGS:  195 14:29:44    -4758.242019        0.019198
BFGS:  196 14:29:45    -4758.242513        0.021192
BFGS:  197 14:29:46    -4758.243112        0.020455
BFGS:  198 14:29:47    -4758.244282        0.018170
BFGS:  199 14:29:47    -4758.244643        0.021879
BFGS:  200 14:29:48    -4758.245314        0.024222
BFGS:  201 14:29:50    -4758.246031        0.024236
BFGS:  202 14:29:51    -4758.247023        0.023702
BFGS:  203 14:29:51    -4758.248087        0.025063
BFGS:  204 14:29:52    -4758.249135        0.025303
BFGS:  205 14:29:52    -4758.250249        0.036805
BFGS:  206 14:29:53    -4758.251957        0.039201
BFGS:  207 14:29:53    -4758.254509        0.037705
BFGS:  208 14:29:54    -4758.257876        0.046667
BFGS:  209 14:29:54    -4758.260139        0.050794
BFGS:  210 14:29:54    -4758.262163        0.090829
BFGS:  211 14:29:55    -4758.268142        0.116102
BFGS:  212 14:29:55    -4758.274564        0.092931
BFGS:  213 14:29:56    -4758.290003        0.084798
BFGS:  214 14:29:57    -4758.295822        0.102926
BFGS:  215 14:29:57    -4758.311369        0.113663
BFGS:  216 14:29:57    -4758.323178        0.108829
BFGS:  217 14:29:58    -4758.338198        0.108793
BFGS:  218 14:29:58    -4758.349540        0.124585
BFGS:  219 14:29:59    -4758.365403        0.158908
BFGS:  220 14:29:59    -4758.377691        0.142802
BFGS:  221 14:29:59    -4758.392636        0.110158
BFGS:  222 14:30:00    -4758.407397        0.077012
BFGS:  223 14:30:00    -4758.420839        0.094644
BFGS:  224 14:30:01    -4758.433828        0.101250
BFGS:  225 14:30:01    -4758.445599        0.095820
BFGS:  226 14:30:02    -4758.457540        0.099430
BFGS:  227 14:30:02    -4758.468305        0.115817
BFGS:  228 14:30:02    -4758.477408        0.117616
BFGS:  229 14:30:03    -4758.487237        0.100523
BFGS:  230 14:30:03    -4758.496769        0.083757
BFGS:  231 14:30:04    -4758.505594        0.076620
BFGS:  232 14:30:04    -4758.514406        0.085508
BFGS:  233 14:30:04    -4758.522395        0.067858
BFGS:  234 14:30:05    -4758.531229        0.071450
BFGS:  235 14:30:05    -4758.539484        0.067922
BFGS:  236 14:30:06    -4758.549579        0.066023
BFGS:  237 14:30:06    -4758.557329        0.079323
BFGS:  238 14:30:07    -4758.564229        0.068512
BFGS:  239 14:30:07    -4758.571148        0.066349
BFGS:  240 14:30:08    -4758.577204        0.053854
BFGS:  241 14:30:08    -4758.582665        0.065819
BFGS:  242 14:30:09    -4758.588247        0.063874
BFGS:  243 14:30:09    -4758.594124        0.060144
BFGS:  244 14:30:10    -4758.600151        0.057247
BFGS:  245 14:30:10    -4758.606156        0.049242
BFGS:  246 14:30:10    -4758.612164        0.049218
BFGS:  247 14:30:11    -4758.616248        0.048620
BFGS:  248 14:30:12    -4758.621850        0.052946
BFGS:  249 14:30:12    -4758.627958        0.061594
BFGS:  250 14:30:12    -4758.634662        0.065887
BFGS:  251 14:30:13    -4758.640050        0.070941
BFGS:  252 14:30:13    -4758.646801        0.085005
BFGS:  253 14:30:14    -4758.655639        0.091239
BFGS:  254 14:30:14    -4758.665315        0.097269
BFGS:  255 14:30:15    -4758.677554        0.103624
BFGS:  256 14:30:15    -4758.690610        0.105632
BFGS:  257 14:30:15    -4758.705469        0.113412
BFGS:  258 14:30:16    -4758.721505        0.112587
BFGS:  259 14:30:16    -4758.739905        0.100394
BFGS:  260 14:30:17    -4758.757283        0.119362
BFGS:  261 14:30:17    -4758.778201        0.100516
BFGS:  262 14:30:18    -4758.793721        0.098619
BFGS:  263 14:30:18    -4758.809799        0.119905
BFGS:  264 14:30:19    -4758.822072        0.100856
BFGS:  265 14:30:19    -4758.834188        0.087057
BFGS:  266 14:30:20    -4758.844601        0.083500
BFGS:  267 14:30:21    -4758.854762        0.077488
BFGS:  268 14:30:22    -4758.863246        0.085477
BFGS:  269 14:30:23    -4758.872596        0.076748
BFGS:  270 14:30:23    -4758.882425        0.083557
BFGS:  271 14:30:24    -4758.890927        0.071032
BFGS:  272 14:30:24    -4758.898783        0.068658
BFGS:  273 14:30:25    -4758.907123        0.086932
BFGS:  274 14:30:26    -4758.915320        0.068867
BFGS:  275 14:30:26    -4758.924084        0.089231
BFGS:  276 14:30:26    -4758.934213        0.086957
BFGS:  277 14:30:27    -4758.945385        0.072741
BFGS:  278 14:30:27    -4758.957794        0.075275
BFGS:  279 14:30:28    -4758.971982        0.092802
BFGS:  280 14:30:28    -4758.987491        0.096005
BFGS:  281 14:30:29    -4759.003486        0.095331
BFGS:  282 14:30:30    -4759.021744        0.104561
BFGS:  283 14:30:30    -4759.037997        0.110882
BFGS:  284 14:30:31    -4759.058795        0.117211
BFGS:  285 14:30:32    -4759.074546        0.123782
BFGS:  286 14:30:32    -4759.094451        0.136142
BFGS:  287 14:30:33    -4759.111632        0.096215
BFGS:  288 14:30:33    -4759.128541        0.108783
BFGS:  289 14:30:34    -4759.143541        0.139431
BFGS:  290 14:30:35    -4759.158770        0.124960
BFGS:  291 14:30:35    -4759.172079        0.121319
BFGS:  292 14:30:36    -4759.184790        0.071084
BFGS:  293 14:30:37    -4759.196247        0.082930
BFGS:  294 14:30:37    -4759.206801        0.090952
BFGS:  295 14:30:38    -4759.217813        0.086090
BFGS:  296 14:30:38    -4759.228967        0.066835
BFGS:  297 14:30:39    -4759.238060        0.060275
BFGS:  298 14:30:39    -4759.247573        0.070233
BFGS:  299 14:30:39    -4759.256288        0.069812
BFGS:  300 14:30:40    -4759.264582        0.056928
BFGS:  301 14:30:40    -4759.272979        0.059963
BFGS:  302 14:30:41    -4759.279693        0.062557
BFGS:  303 14:30:41    -4759.285497        0.061676
BFGS:  304 14:30:42    -4759.291991        0.068363
BFGS:  305 14:30:42    -4759.297662        0.059980
BFGS:  306 14:30:43    -4759.302601        0.053724
BFGS:  307 14:30:43    -4759.307628        0.055396
BFGS:  308 14:30:44    -4759.312225        0.054539
BFGS:  309 14:30:44    -4759.316719        0.052655
BFGS:  310 14:30:45    -4759.320063        0.043525
BFGS:  311 14:30:46    -4759.322863        0.039138
BFGS:  312 14:30:46    -4759.325831        0.047930
BFGS:  313 14:30:47    -4759.328327        0.045903
BFGS:  314 14:30:47    -4759.330813        0.044294
BFGS:  315 14:30:48    -4759.333886        0.039250
BFGS:  316 14:30:48    -4759.336696        0.034230
BFGS:  317 14:30:48    -4759.339094        0.044171
BFGS:  318 14:30:49    -4759.342037        0.045810
BFGS:  319 14:30:49    -4759.344524        0.042774
BFGS:  320 14:30:50    -4759.346442        0.038048
BFGS:  321 14:30:50    -4759.349304        0.048039
BFGS:  322 14:30:51    -4759.351901        0.047880
BFGS:  323 14:30:51    -4759.355311        0.049851
BFGS:  324 14:30:51    -4759.357642        0.052791
BFGS:  325 14:30:52    -4759.360799        0.052603
BFGS:  326 14:30:52    -4759.366284        0.063502
BFGS:  327 14:30:53    -4759.370017        0.053031
BFGS:  328 14:30:53    -4759.374515        0.056833
BFGS:  329 14:30:54    -4759.379699        0.055347
BFGS:  330 14:30:54    -4759.384858        0.060759
BFGS:  331 14:30:55    -4759.389364        0.061192
BFGS:  332 14:30:56    -4759.392605        0.049376
BFGS:  333 14:30:56    -4759.395552        0.037533
BFGS:  334 14:30:57    -4759.398813        0.035091
BFGS:  335 14:30:57    -4759.401488        0.045247
BFGS:  336 14:30:57    -4759.404335        0.050201
BFGS:  337 14:30:58    -4759.406479        0.038704
BFGS:  338 14:30:58    -4759.409014        0.034026
BFGS:  339 14:30:59    -4759.410483        0.029877
BFGS:  340 14:30:59    -4759.411909        0.039291
BFGS:  341 14:31:00    -4759.413144        0.033944
BFGS:  342 14:31:01    -4759.414106        0.026525
BFGS:  343 14:31:02    -4759.415884        0.024842
BFGS:  344 14:31:02    -4759.416919        0.022516
BFGS:  345 14:31:03    -4759.417294        0.021580
BFGS:  346 14:31:04    -4759.418237        0.019668
BFGS:  347 14:31:05    -4759.418174        0.022944
BFGS:  348 14:31:06    -4759.418904        0.021199
BFGS:  349 14:31:07    -4759.419530        0.019020
BFGS:  350 14:31:08    -4759.419885        0.022617
BFGS:  351 14:31:09    -4759.420349        0.020779
BFGS:  352 14:31:10    -4759.421293        0.014639
BFGS:  353 14:31:10    -4759.421780        0.013207
BFGS:  354 14:31:11    -4759.422101        0.014787
BFGS:  355 14:31:12    -4759.422709        0.014692
BFGS:  356 14:31:12    -4759.422896        0.015952
BFGS:  357 14:31:13    -4759.423235        0.013696
BFGS:  358 14:31:13    -4759.423476        0.012919
BFGS:  359 14:31:14    -4759.423569        0.013382
BFGS:  360 14:31:15    -4759.423616        0.014573
BFGS:  361 14:31:16    -4759.423921        0.013627
BFGS:  362 14:31:17    -4759.424274        0.014276
BFGS:  363 14:31:17    -4759.424537        0.011129
BFGS:  364 14:31:18    -4759.424785        0.011995
BFGS:  365 14:31:18    -4759.424544        0.013687
BFGS:  366 14:31:19    -4759.424728        0.015337
BFGS:  367 14:31:19    -4759.424411        0.010991
BFGS:  368 14:31:20    -4759.424803        0.009318
      Step     Time          Energy          fmax
BFGS:    0 14:35:20    -3643.400249       37.986424
BFGS:    1 14:35:25    -3948.328168       14.837973
BFGS:    2 14:35:27    -4395.219235       10.114082
BFGS:    3 14:35:28    -4575.191528        5.383305
BFGS:    4 14:35:29    -4621.255046        3.301091
BFGS:    5 14:35:29    -4645.793908        2.673343
BFGS:    6 14:35:30    -4659.431441        2.101399
BFGS:    7 14:35:31    -4667.517453        1.681356
BFGS:    8 14:35:31    -4672.399459        1.448661
BFGS:    9 14:35:32    -4675.395680        1.167459
BFGS:   10 14:35:33    -4677.571997        1.129640
BFGS:   11 14:35:33    -4679.696924        0.955219
BFGS:   12 14:35:34    -4681.966161        1.039037
BFGS:   13 14:35:35    -4684.620304        1.320902
BFGS:   14 14:35:35    -4688.139797        1.297324
BFGS:   15 14:35:36    -4692.091766        2.056167
BFGS:   16 14:35:37    -4696.838672        2.255157
BFGS:   17 14:35:38    -4702.424770        2.426995
BFGS:   18 14:35:39    -4707.651288        2.323460
BFGS:   19 14:35:40    -4713.112900        1.707100
BFGS:   20 14:35:41    -4719.076793        1.569681
BFGS:   21 14:35:42    -4721.925209        1.138478
BFGS:   22 14:35:43    -4723.777340        0.949408
BFGS:   23 14:35:44    -4725.180468        0.770316
BFGS:   24 14:35:46    -4726.602667        0.666638
BFGS:   25 14:35:46    -4727.620068        0.635007
BFGS:   26 14:35:47    -4728.292724        0.586943
BFGS:   27 14:35:48    -4729.081610        0.646510
BFGS:   28 14:35:48    -4729.783054        0.598591
BFGS:   29 14:35:48    -4730.364306        0.687830
BFGS:   30 14:35:49    -4730.876722        0.540313
BFGS:   31 14:35:49    -4731.394694        0.442627
BFGS:   32 14:35:50    -4731.890151        0.480692
BFGS:   33 14:35:50    -4732.325362        0.596454
BFGS:   34 14:35:50    -4732.705043        0.454204
BFGS:   35 14:35:51    -4733.064858        0.432270
BFGS:   36 14:35:51    -4733.415079        0.436720
BFGS:   37 14:35:52    -4733.730374        0.429741
BFGS:   38 14:35:52    -4734.016634        0.419894
BFGS:   39 14:35:52    -4734.290652        0.413313
BFGS:   40 14:35:53    -4734.574245        0.406236
BFGS:   41 14:35:53    -4734.866818        0.430035
BFGS:   42 14:35:54    -4735.154026        0.516016
BFGS:   43 14:35:54    -4735.430593        0.371387
BFGS:   44 14:35:54    -4735.696440        0.401156
BFGS:   45 14:35:55    -4735.959736        0.431308
BFGS:   46 14:35:55    -4736.244858        0.622549
BFGS:   47 14:35:56    -4736.568187        0.609329
BFGS:   48 14:35:57    -4736.898270        0.372850
BFGS:   49 14:35:57    -4737.218291        0.422665
BFGS:   50 14:35:58    -4737.550252        0.469610
BFGS:   51 14:35:58    -4737.944063        0.666153
BFGS:   52 14:35:59    -4738.441599        0.723962
BFGS:   53 14:36:00    -4738.914711        1.530746
BFGS:   54 14:36:00    -4739.423856        1.123932
BFGS:   55 14:36:01    -4740.005446        0.793081
BFGS:   56 14:36:01    -4740.897399        0.927284
BFGS:   57 14:36:02    -4741.488343        0.564159
BFGS:   58 14:36:02    -4742.398278        0.853044
BFGS:   59 14:36:02    -4743.129990        0.884443
BFGS:   60 14:36:03    -4743.909154        0.909709
BFGS:   61 14:36:04    -4744.794134        0.593356
BFGS:   62 14:36:05    -4745.511867        0.646678
BFGS:   63 14:36:06    -4746.315948        0.790561
BFGS:   64 14:36:06    -4746.993792        0.831943
BFGS:   65 14:36:07    -4747.759488        0.591897
BFGS:   66 14:36:07    -4748.465433        0.799255
BFGS:   67 14:36:08    -4749.125981        0.723655
BFGS:   68 14:36:08    -4749.711367        0.661873
BFGS:   69 14:36:09    -4750.230215        0.626265
BFGS:   70 14:36:10    -4750.717306        0.586958
BFGS:   71 14:36:10    -4751.120369        0.571924
BFGS:   72 14:36:10    -4751.486004        0.483550
BFGS:   73 14:36:11    -4751.832779        0.468215
BFGS:   74 14:36:11    -4752.170405        0.425185
BFGS:   75 14:36:12    -4752.462269        0.411027
BFGS:   76 14:36:12    -4752.713915        0.399056
BFGS:   77 14:36:12    -4752.938387        0.330301
BFGS:   78 14:36:13    -4753.144469        0.356361
BFGS:   79 14:36:13    -4753.325103        0.404953
BFGS:   80 14:36:14    -4753.482656        0.347477
BFGS:   81 14:36:14    -4753.635786        0.311129
BFGS:   82 14:36:15    -4753.787138        0.300946
BFGS:   83 14:36:15    -4753.921919        0.250726
BFGS:   84 14:36:15    -4754.043210        0.308634
BFGS:   85 14:36:16    -4754.151687        0.257510
BFGS:   86 14:36:17    -4754.250435        0.224386
BFGS:   87 14:36:17    -4754.337061        0.243459
BFGS:   88 14:36:17    -4754.419942        0.240539
BFGS:   89 14:36:18    -4754.505100        0.271472
BFGS:   90 14:36:18    -4754.600160        0.254196
BFGS:   91 14:36:19    -4754.699320        0.290196
BFGS:   92 14:36:19    -4754.793441        0.217296
BFGS:   93 14:36:20    -4754.881178        0.237553
BFGS:   94 14:36:20    -4754.971002        0.250799
BFGS:   95 14:36:20    -4755.059344        0.241789
BFGS:   96 14:36:21    -4755.153817        0.220976
BFGS:   97 14:36:21    -4755.250745        0.224264
BFGS:   98 14:36:21    -4755.352276        0.232231
BFGS:   99 14:36:22    -4755.451640        0.272346
BFGS:  100 14:36:22    -4755.550865        0.251442
BFGS:  101 14:36:23    -4755.637100        0.204829
BFGS:  102 14:36:24    -4755.717102        0.212929
BFGS:  103 14:36:24    -4755.787084        0.244083
BFGS:  104 14:36:25    -4755.857252        0.270165
BFGS:  105 14:36:25    -4755.922800        0.288617
BFGS:  106 14:36:25    -4755.996102        0.296218
BFGS:  107 14:36:26    -4756.075862        0.292157
BFGS:  108 14:36:27    -4756.168404        0.262989
BFGS:  109 14:36:27    -4756.257767        0.179973
BFGS:  110 14:36:28    -4756.346464        0.201275
BFGS:  111 14:36:28    -4756.423880        0.223418
BFGS:  112 14:36:28    -4756.490009        0.208268
BFGS:  113 14:36:29    -4756.540291        0.194326
BFGS:  114 14:36:29    -4756.584614        0.178495
BFGS:  115 14:36:30    -4756.628239        0.189983
BFGS:  116 14:36:30    -4756.691492        0.247478
BFGS:  117 14:36:30    -4756.737151        0.253524
BFGS:  118 14:36:31    -4756.799248        0.238086
BFGS:  119 14:36:31    -4756.858355        0.208153
BFGS:  120 14:36:32    -4756.929619        0.270828
BFGS:  121 14:36:32    -4757.000168        0.328104
BFGS:  122 14:36:32    -4757.075381        0.350698
BFGS:  123 14:36:33    -4757.151999        0.252337
BFGS:  124 14:36:33    -4757.229844        0.255601
BFGS:  125 14:36:34    -4757.304359        0.303485
BFGS:  126 14:36:34    -4757.366349        0.245766
BFGS:  127 14:36:35    -4757.428375        0.259466
BFGS:  128 14:36:35    -4757.480922        0.195721
BFGS:  129 14:36:35    -4757.531689        0.201493
BFGS:  130 14:36:36    -4757.570831        0.191694
BFGS:  131 14:36:36    -4757.609949        0.157175
BFGS:  132 14:36:37    -4757.639620        0.147800
BFGS:  133 14:36:38    -4757.670079        0.128383
BFGS:  134 14:36:39    -4757.696525        0.163729
BFGS:  135 14:36:40    -4757.721635        0.144685
BFGS:  136 14:36:40    -4757.745467        0.116236
BFGS:  137 14:36:41    -4757.769575        0.136592
BFGS:  138 14:36:41    -4757.790662        0.146167
BFGS:  139 14:36:42    -4757.811287        0.101913
BFGS:  140 14:36:42    -4757.830799        0.119633
BFGS:  141 14:36:43    -4757.848288        0.109971
BFGS:  142 14:36:43    -4757.865429        0.133526
BFGS:  143 14:36:44    -4757.881691        0.108136
BFGS:  144 14:36:45    -4757.897006        0.086686
BFGS:  145 14:36:45    -4757.914290        0.112772
BFGS:  146 14:36:46    -4757.928757        0.130467
BFGS:  147 14:36:46    -4757.941511        0.110382
BFGS:  148 14:36:47    -4757.956182        0.094012
BFGS:  149 14:36:48    -4757.970637        0.098601
BFGS:  150 14:36:48    -4757.984747        0.136842
BFGS:  151 14:36:49    -4757.997434        0.110668
BFGS:  152 14:36:49    -4758.012054        0.105809
BFGS:  153 14:36:50    -4758.025521        0.125961
BFGS:  154 14:36:50    -4758.038773        0.155477
BFGS:  155 14:36:51    -4758.053543        0.182864
BFGS:  156 14:36:51    -4758.068685        0.192108
BFGS:  157 14:36:52    -4758.086460        0.163044
BFGS:  158 14:36:52    -4758.103442        0.121991
BFGS:  159 14:36:53    -4758.118864        0.127094
BFGS:  160 14:36:53    -4758.132686        0.093759
BFGS:  161 14:36:53    -4758.144927        0.090021
BFGS:  162 14:36:54    -4758.154413        0.092282
BFGS:  163 14:36:54    -4758.162690        0.106009
BFGS:  164 14:36:55    -4758.169509        0.072656
BFGS:  165 14:36:55    -4758.175653        0.119393
BFGS:  166 14:36:56    -4758.181284        0.081429
BFGS:  167 14:36:56    -4758.187443        0.070491
BFGS:  168 14:36:57    -4758.192465        0.051540
BFGS:  169 14:36:57    -4758.197016        0.049893
BFGS:  170 14:36:57    -4758.200799        0.056092
BFGS:  171 14:36:58    -4758.203413        0.054710
BFGS:  172 14:36:58    -4758.206057        0.039570
BFGS:  173 14:36:59    -4758.208889        0.038078
BFGS:  174 14:36:59    -4758.212037        0.035087
BFGS:  175 14:37:00    -4758.214207        0.046271
BFGS:  176 14:37:00    -4758.216462        0.039446
BFGS:  177 14:37:00    -4758.218395        0.036717
BFGS:  178 14:37:01    -4758.220046        0.030042
BFGS:  179 14:37:01    -4758.221737        0.030511
BFGS:  180 14:37:02    -4758.223679        0.028366
BFGS:  181 14:37:03    -4758.225943        0.028140
BFGS:  182 14:37:03    -4758.227583        0.025157
BFGS:  183 14:37:05    -4758.228905        0.025443
BFGS:  184 14:37:06    -4758.231063        0.023310
BFGS:  185 14:37:06    -4758.232559        0.030426
BFGS:  186 14:37:07    -4758.233895        0.031218
BFGS:  187 14:37:07    -4758.234504        0.026578
BFGS:  188 14:37:07    -4758.235642        0.028203
BFGS:  189 14:37:08    -4758.236661        0.023213
BFGS:  190 14:37:10    -4758.237441        0.022220
BFGS:  191 14:37:12    -4758.238875        0.020608
BFGS:  192 14:37:13    -4758.239731        0.022582
BFGS:  193 14:37:14    -4758.240448        0.020397
BFGS:  194 14:37:14    -4758.241350        0.019487
BFGS:  195 14:37:15    -4758.242019        0.019198
BFGS:  196 14:37:15    -4758.242513        0.021192
BFGS:  197 14:37:16    -4758.243112        0.020455
BFGS:  198 14:37:16    -4758.244282        0.018170
BFGS:  199 14:37:16    -4758.244643        0.021879
BFGS:  200 14:37:17    -4758.245314        0.024222
BFGS:  201 14:37:17    -4758.246031        0.024236
BFGS:  202 14:37:18    -4758.247023        0.023702
BFGS:  203 14:37:19    -4758.248087        0.025063
BFGS:  204 14:37:19    -4758.249135        0.025303
BFGS:  205 14:37:20    -4758.250249        0.036805
BFGS:  206 14:37:21    -4758.251957        0.039201
BFGS:  207 14:37:21    -4758.254509        0.037705
BFGS:  208 14:37:22    -4758.257876        0.046667
BFGS:  209 14:37:23    -4758.260139        0.050794
BFGS:  210 14:37:23    -4758.262163        0.090829
BFGS:  211 14:37:24    -4758.268142        0.116102
BFGS:  212 14:37:24    -4758.274564        0.092931
BFGS:  213 14:37:25    -4758.290003        0.084798
BFGS:  214 14:37:25    -4758.295822        0.102926
BFGS:  215 14:37:26    -4758.311369        0.113663
BFGS:  216 14:37:26    -4758.323178        0.108829
BFGS:  217 14:37:27    -4758.338198        0.108793
BFGS:  218 14:37:27    -4758.349540        0.124585
BFGS:  219 14:37:27    -4758.365403        0.158908
BFGS:  220 14:37:28    -4758.377691        0.142802
BFGS:  221 14:37:28    -4758.392636        0.110158
BFGS:  222 14:37:29    -4758.407397        0.077012
BFGS:  223 14:37:29    -4758.420839        0.094644
BFGS:  224 14:37:30    -4758.433828        0.101250
BFGS:  225 14:37:30    -4758.445599        0.095820
BFGS:  226 14:37:30    -4758.457540        0.099430
BFGS:  227 14:37:31    -4758.468305        0.115817
BFGS:  228 14:37:31    -4758.477408        0.117616
BFGS:  229 14:37:31    -4758.487237        0.100523
BFGS:  230 14:37:32    -4758.496769        0.083757
BFGS:  231 14:37:32    -4758.505594        0.076620
BFGS:  232 14:37:33    -4758.514406        0.085508
BFGS:  233 14:37:33    -4758.522395        0.067858
BFGS:  234 14:37:33    -4758.531229        0.071450
BFGS:  235 14:37:34    -4758.539484        0.067922
BFGS:  236 14:37:34    -4758.549579        0.066023
BFGS:  237 14:37:35    -4758.557329        0.079323
BFGS:  238 14:37:35    -4758.564229        0.068512
BFGS:  239 14:37:35    -4758.571148        0.066349
BFGS:  240 14:37:36    -4758.577204        0.053854
BFGS:  241 14:37:36    -4758.582665        0.065819
BFGS:  242 14:37:37    -4758.588247        0.063874
BFGS:  243 14:37:37    -4758.594124        0.060144
BFGS:  244 14:37:38    -4758.600151        0.057247
BFGS:  245 14:37:39    -4758.606156        0.049242
BFGS:  246 14:37:39    -4758.612164        0.049218
BFGS:  247 14:37:40    -4758.616248        0.048620
BFGS:  248 14:37:40    -4758.621850        0.052946
BFGS:  249 14:37:41    -4758.627958        0.061594
BFGS:  250 14:37:41    -4758.634662        0.065887
BFGS:  251 14:37:42    -4758.640050        0.070941
BFGS:  252 14:37:42    -4758.646801        0.085005
BFGS:  253 14:37:43    -4758.655639        0.091239
BFGS:  254 14:37:43    -4758.665315        0.097269
BFGS:  255 14:37:44    -4758.677554        0.103624
BFGS:  256 14:37:44    -4758.690610        0.105632
BFGS:  257 14:37:45    -4758.705469        0.113412
BFGS:  258 14:37:45    -4758.721505        0.112587
BFGS:  259 14:37:46    -4758.739905        0.100394
BFGS:  260 14:37:46    -4758.757283        0.119362
BFGS:  261 14:37:47    -4758.778201        0.100516
BFGS:  262 14:37:47    -4758.793721        0.098619
BFGS:  263 14:37:48    -4758.809799        0.119905
BFGS:  264 14:37:48    -4758.822072        0.100856
BFGS:  265 14:37:49    -4758.834188        0.087057
BFGS:  266 14:37:49    -4758.844601        0.083500
BFGS:  267 14:37:50    -4758.854762        0.077488
BFGS:  268 14:37:50    -4758.863246        0.085477
BFGS:  269 14:37:51    -4758.872596        0.076748
BFGS:  270 14:37:51    -4758.882425        0.083557
BFGS:  271 14:37:52    -4758.890927        0.071032
BFGS:  272 14:37:53    -4758.898783        0.068658
BFGS:  273 14:37:53    -4758.907123        0.086932
BFGS:  274 14:37:53    -4758.915320        0.068867
BFGS:  275 14:37:54    -4758.924084        0.089231
BFGS:  276 14:37:54    -4758.934213        0.086957
BFGS:  277 14:37:55    -4758.945385        0.072741
BFGS:  278 14:37:55    -4758.957794        0.075275
BFGS:  279 14:37:56    -4758.971982        0.092802
BFGS:  280 14:37:56    -4758.987491        0.096005
BFGS:  281 14:37:57    -4759.003486        0.095331
BFGS:  282 14:37:57    -4759.021744        0.104561
BFGS:  283 14:37:58    -4759.037997        0.110882
BFGS:  284 14:37:58    -4759.058795        0.117211
BFGS:  285 14:37:59    -4759.074546        0.123782
BFGS:  286 14:37:59    -4759.094451        0.136142
BFGS:  287 14:37:59    -4759.111632        0.096215
BFGS:  288 14:38:00    -4759.128541        0.108783
BFGS:  289 14:38:00    -4759.143541        0.139431
BFGS:  290 14:38:01    -4759.158770        0.124960
BFGS:  291 14:38:01    -4759.172079        0.121319
BFGS:  292 14:38:01    -4759.184790        0.071084
BFGS:  293 14:38:02    -4759.196247        0.082930
BFGS:  294 14:38:03    -4759.206801        0.090952
BFGS:  295 14:38:03    -4759.217813        0.086090
BFGS:  296 14:38:04    -4759.228967        0.066835
BFGS:  297 14:38:04    -4759.238060        0.060275
BFGS:  298 14:38:04    -4759.247573        0.070233
BFGS:  299 14:38:05    -4759.256288        0.069812
BFGS:  300 14:38:05    -4759.264582        0.056928
BFGS:  301 14:38:06    -4759.272979        0.059963
BFGS:  302 14:38:06    -4759.279693        0.062557
BFGS:  303 14:38:07    -4759.285497        0.061676
BFGS:  304 14:38:07    -4759.291991        0.068363
BFGS:  305 14:38:08    -4759.297662        0.059980
BFGS:  306 14:38:08    -4759.302601        0.053724
BFGS:  307 14:38:08    -4759.307628        0.055396
BFGS:  308 14:38:09    -4759.312225        0.054539
BFGS:  309 14:38:09    -4759.316719        0.052655
BFGS:  310 14:38:10    -4759.320063        0.043525
BFGS:  311 14:38:10    -4759.322863        0.039138
BFGS:  312 14:38:11    -4759.325831        0.047930
BFGS:  313 14:38:11    -4759.328327        0.045903
BFGS:  314 14:38:12    -4759.330813        0.044294
BFGS:  315 14:38:12    -4759.333886        0.039250
BFGS:  316 14:38:12    -4759.336696        0.034230
BFGS:  317 14:38:13    -4759.339094        0.044171
BFGS:  318 14:38:13    -4759.342037        0.045810
BFGS:  319 14:38:14    -4759.344524        0.042774
BFGS:  320 14:38:14    -4759.346442        0.038048
BFGS:  321 14:38:15    -4759.349304        0.048039
BFGS:  322 14:38:15    -4759.351901        0.047880
BFGS:  323 14:38:16    -4759.355311        0.049851
BFGS:  324 14:38:16    -4759.357642        0.052791
BFGS:  325 14:38:17    -4759.360799        0.052603
BFGS:  326 14:38:17    -4759.366284        0.063502
BFGS:  327 14:38:18    -4759.370017        0.053031
BFGS:  328 14:38:18    -4759.374515        0.056833
BFGS:  329 14:38:19    -4759.379699        0.055347
BFGS:  330 14:38:19    -4759.384858        0.060759
BFGS:  331 14:38:20    -4759.389364        0.061192
BFGS:  332 14:38:20    -4759.392605        0.049376
BFGS:  333 14:38:21    -4759.395552        0.037533
BFGS:  334 14:38:22    -4759.398813        0.035091
BFGS:  335 14:38:22    -4759.401488        0.045247
BFGS:  336 14:38:23    -4759.404335        0.050201
BFGS:  337 14:38:23    -4759.406479        0.038704
BFGS:  338 14:38:24    -4759.409014        0.034026
BFGS:  339 14:38:24    -4759.410483        0.029877
BFGS:  340 14:38:25    -4759.411909        0.039291
BFGS:  341 14:38:25    -4759.413144        0.033944
BFGS:  342 14:38:26    -4759.414106        0.026525
BFGS:  343 14:38:27    -4759.415884        0.024842
BFGS:  344 14:38:27    -4759.416919        0.022516
BFGS:  345 14:38:28    -4759.417294        0.021580
BFGS:  346 14:38:28    -4759.418237        0.019668
BFGS:  347 14:38:28    -4759.418174        0.022944
BFGS:  348 14:38:29    -4759.418904        0.021199
BFGS:  349 14:38:29    -4759.419530        0.019020
BFGS:  350 14:38:30    -4759.419885        0.022617
BFGS:  351 14:38:30    -4759.420349        0.020779
BFGS:  352 14:38:31    -4759.421293        0.014639
BFGS:  353 14:38:31    -4759.421780        0.013207
BFGS:  354 14:38:32    -4759.422101        0.014787
BFGS:  355 14:38:32    -4759.422709        0.014692
BFGS:  356 14:38:32    -4759.422896        0.015952
BFGS:  357 14:38:33    -4759.423235        0.013696
BFGS:  358 14:38:33    -4759.423476        0.012919
BFGS:  359 14:38:34    -4759.423569        0.013382
BFGS:  360 14:38:34    -4759.423616        0.014573
BFGS:  361 14:38:34    -4759.423921        0.013627
BFGS:  362 14:38:35    -4759.424274        0.014276
BFGS:  363 14:38:35    -4759.424537        0.011129
BFGS:  364 14:38:36    -4759.424785        0.011995
BFGS:  365 14:38:36    -4759.424544        0.013687
BFGS:  366 14:38:37    -4759.424728        0.015337
BFGS:  367 14:38:37    -4759.424411        0.010991
BFGS:  368 14:38:37    -4759.424803        0.009318
      Step     Time          Energy          fmax
BFGS:    0 14:47:33    -3643.400249       37.986424
BFGS:    1 14:47:39    -3948.328168       14.837973
BFGS:    2 14:47:46    -4395.219235       10.114082
BFGS:    3 14:47:51    -4575.191528        5.383305
BFGS:    4 14:47:55    -4621.255046        3.301091
BFGS:    5 14:47:57    -4645.793908        2.673343
BFGS:    6 14:47:58    -4659.431441        2.101399
BFGS:    7 14:47:59    -4667.517453        1.681356
BFGS:    8 14:47:59    -4672.399459        1.448661
BFGS:    9 14:48:00    -4675.395680        1.167459
BFGS:   10 14:48:02    -4677.571997        1.129640
BFGS:   11 14:48:03    -4679.696924        0.955219
BFGS:   12 14:48:05    -4681.966161        1.039037
BFGS:   13 14:48:06    -4684.620304        1.320902
BFGS:   14 14:48:06    -4688.139797        1.297324
BFGS:   15 14:48:06    -4692.091766        2.056167
BFGS:   16 14:48:07    -4696.838672        2.255157
BFGS:   17 14:48:07    -4702.424770        2.426995
BFGS:   18 14:48:07    -4707.651288        2.323460
BFGS:   19 14:48:08    -4713.112900        1.707100
BFGS:   20 14:48:08    -4719.076793        1.569681
BFGS:   21 14:48:09    -4721.925209        1.138478
BFGS:   22 14:48:09    -4723.777340        0.949408
BFGS:   23 14:48:09    -4725.180468        0.770316
BFGS:   24 14:48:10    -4726.602667        0.666638
BFGS:   25 14:48:11    -4727.620068        0.635007
BFGS:   26 14:48:11    -4728.292724        0.586943
BFGS:   27 14:48:11    -4729.081610        0.646510
BFGS:   28 14:48:12    -4729.783054        0.598591
BFGS:   29 14:48:12    -4730.364306        0.687830
BFGS:   30 14:48:12    -4730.876722        0.540313
BFGS:   31 14:48:13    -4731.394694        0.442627
BFGS:   32 14:48:13    -4731.890151        0.480692
BFGS:   33 14:48:13    -4732.325362        0.596454
BFGS:   34 14:48:14    -4732.705043        0.454204
BFGS:   35 14:48:14    -4733.064858        0.432270
BFGS:   36 14:48:15    -4733.415079        0.436720
BFGS:   37 14:48:15    -4733.730374        0.429741
BFGS:   38 14:48:15    -4734.016634        0.419894
BFGS:   39 14:48:16    -4734.290652        0.413313
BFGS:   40 14:48:16    -4734.574245        0.406236
BFGS:   41 14:48:17    -4734.866818        0.430035
BFGS:   42 14:48:17    -4735.154026        0.516016
BFGS:   43 14:48:18    -4735.430593        0.371387
BFGS:   44 14:48:18    -4735.696440        0.401156
BFGS:   45 14:48:18    -4735.959736        0.431308
BFGS:   46 14:48:19    -4736.244858        0.622549
BFGS:   47 14:48:19    -4736.568187        0.609329
BFGS:   48 14:48:20    -4736.898270        0.372850
BFGS:   49 14:48:20    -4737.218291        0.422665
BFGS:   50 14:48:20    -4737.550252        0.469610
BFGS:   51 14:48:21    -4737.944063        0.666153
BFGS:   52 14:48:21    -4738.441599        0.723962
BFGS:   53 14:48:22    -4738.914711        1.530746
BFGS:   54 14:48:22    -4739.423856        1.123932
BFGS:   55 14:48:23    -4740.005446        0.793081
BFGS:   56 14:48:23    -4740.897399        0.927284
BFGS:   57 14:48:24    -4741.488343        0.564159
BFGS:   58 14:48:24    -4742.398278        0.853044
BFGS:   59 14:48:25    -4743.129990        0.884443
BFGS:   60 14:48:25    -4743.909154        0.909709
BFGS:   61 14:48:26    -4744.794134        0.593356
BFGS:   62 14:48:26    -4745.511867        0.646678
BFGS:   63 14:48:26    -4746.315948        0.790561
BFGS:   64 14:48:27    -4746.993792        0.831943
BFGS:   65 14:48:28    -4747.759488        0.591897
BFGS:   66 14:48:29    -4748.465433        0.799255
BFGS:   67 14:48:29    -4749.125981        0.723655
BFGS:   68 14:48:29    -4749.711367        0.661873
BFGS:   69 14:48:30    -4750.230215        0.626265
BFGS:   70 14:48:30    -4750.717306        0.586958
BFGS:   71 14:48:31    -4751.120369        0.571924
BFGS:   72 14:48:31    -4751.486004        0.483550
BFGS:   73 14:48:31    -4751.832779        0.468215
BFGS:   74 14:48:32    -4752.170405        0.425185
BFGS:   75 14:48:32    -4752.462269        0.411027
BFGS:   76 14:48:33    -4752.713915        0.399056
BFGS:   77 14:48:33    -4752.938387        0.330301
BFGS:   78 14:48:33    -4753.144469        0.356361
BFGS:   79 14:48:34    -4753.325103        0.404953
BFGS:   80 14:48:34    -4753.482656        0.347477
BFGS:   81 14:48:35    -4753.635786        0.311129
BFGS:   82 14:48:35    -4753.787138        0.300946
BFGS:   83 14:48:35    -4753.921919        0.250726
BFGS:   84 14:48:36    -4754.043210        0.308634
BFGS:   85 14:48:36    -4754.151687        0.257510
BFGS:   86 14:48:36    -4754.250435        0.224386
BFGS:   87 14:48:37    -4754.337061        0.243459
BFGS:   88 14:48:37    -4754.419942        0.240539
BFGS:   89 14:48:37    -4754.505100        0.271472
BFGS:   90 14:48:38    -4754.600160        0.254196
BFGS:   91 14:48:38    -4754.699320        0.290196
BFGS:   92 14:48:39    -4754.793441        0.217296
BFGS:   93 14:48:40    -4754.881178        0.237553
BFGS:   94 14:48:40    -4754.971002        0.250799
BFGS:   95 14:48:40    -4755.059344        0.241789
BFGS:   96 14:48:41    -4755.153817        0.220976
BFGS:   97 14:48:41    -4755.250745        0.224264
BFGS:   98 14:48:42    -4755.352276        0.232231
BFGS:   99 14:48:42    -4755.451640        0.272346
BFGS:  100 14:48:43    -4755.550865        0.251442
BFGS:  101 14:48:43    -4755.637100        0.204829
BFGS:  102 14:48:44    -4755.717102        0.212929
BFGS:  103 14:48:44    -4755.787084        0.244083
BFGS:  104 14:48:44    -4755.857252        0.270165
BFGS:  105 14:48:45    -4755.922800        0.288617
BFGS:  106 14:48:45    -4755.996102        0.296218
BFGS:  107 14:48:46    -4756.075862        0.292157
BFGS:  108 14:48:46    -4756.168404        0.262989
BFGS:  109 14:48:47    -4756.257767        0.179973
BFGS:  110 14:48:47    -4756.346464        0.201275
BFGS:  111 14:48:48    -4756.423880        0.223418
BFGS:  112 14:48:48    -4756.490009        0.208268
BFGS:  113 14:48:48    -4756.540291        0.194326
BFGS:  114 14:48:49    -4756.584614        0.178495
BFGS:  115 14:48:49    -4756.628239        0.189983
BFGS:  116 14:48:50    -4756.691492        0.247478
BFGS:  117 14:48:50    -4756.737151        0.253524
BFGS:  118 14:48:51    -4756.799248        0.238086
BFGS:  119 14:48:51    -4756.858355        0.208153
BFGS:  120 14:48:51    -4756.929619        0.270828
BFGS:  121 14:48:52    -4757.000168        0.328104
BFGS:  122 14:48:53    -4757.075381        0.350698
BFGS:  123 14:48:53    -4757.151999        0.252337
BFGS:  124 14:48:53    -4757.229844        0.255601
BFGS:  125 14:48:54    -4757.304359        0.303485
BFGS:  126 14:48:54    -4757.366349        0.245766
BFGS:  127 14:48:55    -4757.428375        0.259466
BFGS:  128 14:48:55    -4757.480922        0.195721
BFGS:  129 14:48:56    -4757.531689        0.201493
BFGS:  130 14:48:56    -4757.570831        0.191694
BFGS:  131 14:48:57    -4757.609949        0.157175
BFGS:  132 14:48:57    -4757.639620        0.147800
BFGS:  133 14:48:58    -4757.670079        0.128383
BFGS:  134 14:48:58    -4757.696525        0.163729
BFGS:  135 14:48:59    -4757.721635        0.144685
BFGS:  136 14:48:59    -4757.745467        0.116236
BFGS:  137 14:49:00    -4757.769575        0.136592
BFGS:  138 14:49:00    -4757.790662        0.146167
BFGS:  139 14:49:01    -4757.811287        0.101913
BFGS:  140 14:49:01    -4757.830799        0.119633
BFGS:  141 14:49:02    -4757.848288        0.109971
BFGS:  142 14:49:02    -4757.865429        0.133526
BFGS:  143 14:49:03    -4757.881691        0.108136
BFGS:  144 14:49:03    -4757.897006        0.086686
BFGS:  145 14:49:04    -4757.914290        0.112772
BFGS:  146 14:49:04    -4757.928757        0.130467
BFGS:  147 14:49:05    -4757.941511        0.110382
BFGS:  148 14:49:05    -4757.956182        0.094012
BFGS:  149 14:49:06    -4757.970637        0.098601
BFGS:  150 14:49:06    -4757.984747        0.136842
BFGS:  151 14:49:07    -4757.997434        0.110668
BFGS:  152 14:49:07    -4758.012054        0.105809
BFGS:  153 14:49:08    -4758.025521        0.125961
BFGS:  154 14:49:08    -4758.038773        0.155477
BFGS:  155 14:49:09    -4758.053543        0.182864
BFGS:  156 14:49:09    -4758.068685        0.192108
BFGS:  157 14:49:09    -4758.086460        0.163044
BFGS:  158 14:49:10    -4758.103442        0.121991
BFGS:  159 14:49:10    -4758.118864        0.127094
BFGS:  160 14:49:11    -4758.132686        0.093759
BFGS:  161 14:49:11    -4758.144927        0.090021
BFGS:  162 14:49:12    -4758.154413        0.092282
BFGS:  163 14:49:12    -4758.162690        0.106009
BFGS:  164 14:49:13    -4758.169509        0.072656
BFGS:  165 14:49:13    -4758.175653        0.119393
BFGS:  166 14:49:14    -4758.181284        0.081429
BFGS:  167 14:49:14    -4758.187443        0.070491
BFGS:  168 14:49:15    -4758.192465        0.051540
BFGS:  169 14:49:15    -4758.197016        0.049893
BFGS:  170 14:49:15    -4758.200799        0.056092
BFGS:  171 14:49:16    -4758.203413        0.054710
BFGS:  172 14:49:17    -4758.206057        0.039570
BFGS:  173 14:49:17    -4758.208889        0.038078
BFGS:  174 14:49:18    -4758.212037        0.035087
BFGS:  175 14:49:18    -4758.214207        0.046271
BFGS:  176 14:49:19    -4758.216462        0.039446
BFGS:  177 14:49:20    -4758.218395        0.036717
BFGS:  178 14:49:20    -4758.220046        0.030042
BFGS:  179 14:49:21    -4758.221737        0.030511
BFGS:  180 14:49:22    -4758.223679        0.028366
BFGS:  181 14:49:22    -4758.225943        0.028140
BFGS:  182 14:49:23    -4758.227583        0.025157
BFGS:  183 14:49:24    -4758.228905        0.025443
BFGS:  184 14:49:24    -4758.231063        0.023310
BFGS:  185 14:49:26    -4758.232559        0.030426
BFGS:  186 14:49:28    -4758.233895        0.031218
BFGS:  187 14:49:32    -4758.234504        0.026578
BFGS:  188 14:49:34    -4758.235642        0.028203
BFGS:  189 14:49:34    -4758.236661        0.023213
BFGS:  190 14:49:35    -4758.237441        0.022220
BFGS:  191 14:49:36    -4758.238875        0.020608
BFGS:  192 14:49:37    -4758.239731        0.022582
BFGS:  193 14:49:39    -4758.240448        0.020397
BFGS:  194 14:49:39    -4758.241350        0.019487
BFGS:  195 14:49:40    -4758.242019        0.019198
BFGS:  196 14:49:41    -4758.242513        0.021192
BFGS:  197 14:49:42    -4758.243112        0.020455
BFGS:  198 14:49:43    -4758.244282        0.018170
BFGS:  199 14:49:43    -4758.244643        0.021879
BFGS:  200 14:49:44    -4758.245314        0.024222
BFGS:  201 14:49:45    -4758.246031        0.024236
BFGS:  202 14:49:46    -4758.247023        0.023702
BFGS:  203 14:49:47    -4758.248087        0.025063
BFGS:  204 14:49:48    -4758.249135        0.025303
BFGS:  205 14:49:48    -4758.250249        0.036805
BFGS:  206 14:49:49    -4758.251957        0.039201
BFGS:  207 14:49:49    -4758.254509        0.037705
BFGS:  208 14:49:50    -4758.257876        0.046667
BFGS:  209 14:49:50    -4758.260139        0.050794
BFGS:  210 14:49:51    -4758.262163        0.090829
BFGS:  211 14:49:51    -4758.268142        0.116102
BFGS:  212 14:49:52    -4758.274564        0.092931
BFGS:  213 14:49:52    -4758.290003        0.084798
BFGS:  214 14:49:53    -4758.295822        0.102926
BFGS:  215 14:49:53    -4758.311369        0.113663
BFGS:  216 14:49:54    -4758.323178        0.108829
BFGS:  217 14:49:55    -4758.338198        0.108793
BFGS:  218 14:49:55    -4758.349540        0.124585
BFGS:  219 14:49:56    -4758.365403        0.158908
BFGS:  220 14:49:56    -4758.377691        0.142802
BFGS:  221 14:49:57    -4758.392636        0.110158
BFGS:  222 14:49:58    -4758.407397        0.077012
BFGS:  223 14:49:59    -4758.420839        0.094644
BFGS:  224 14:49:59    -4758.433828        0.101250
BFGS:  225 14:50:00    -4758.445599        0.095820
BFGS:  226 14:50:00    -4758.457540        0.099430
BFGS:  227 14:50:01    -4758.468305        0.115817
BFGS:  228 14:50:02    -4758.477408        0.117616
BFGS:  229 14:50:03    -4758.487237        0.100523
BFGS:  230 14:50:03    -4758.496769        0.083757
BFGS:  231 14:50:04    -4758.505594        0.076620
BFGS:  232 14:50:05    -4758.514406        0.085508
BFGS:  233 14:50:05    -4758.522395        0.067858
BFGS:  234 14:50:06    -4758.531229        0.071450
BFGS:  235 14:50:06    -4758.539484        0.067922
BFGS:  236 14:50:07    -4758.549579        0.066023
BFGS:  237 14:50:07    -4758.557329        0.079323
BFGS:  238 14:50:08    -4758.564229        0.068512
BFGS:  239 14:50:08    -4758.571148        0.066349
BFGS:  240 14:50:09    -4758.577204        0.053854
BFGS:  241 14:50:09    -4758.582665        0.065819
BFGS:  242 14:50:10    -4758.588247        0.063874
BFGS:  243 14:50:10    -4758.594124        0.060144
BFGS:  244 14:50:11    -4758.600151        0.057247
BFGS:  245 14:50:12    -4758.606156        0.049242
BFGS:  246 14:50:13    -4758.612164        0.049218
BFGS:  247 14:50:14    -4758.616248        0.048620
BFGS:  248 14:50:14    -4758.621850        0.052946
BFGS:  249 14:50:15    -4758.627958        0.061594
BFGS:  250 14:50:16    -4758.634662        0.065887
BFGS:  251 14:50:17    -4758.640050        0.070941
BFGS:  252 14:50:18    -4758.646801        0.085005
BFGS:  253 14:50:18    -4758.655639        0.091239
BFGS:  254 14:50:19    -4758.665315        0.097269
BFGS:  255 14:50:20    -4758.677554        0.103624
BFGS:  256 14:50:21    -4758.690610        0.105632
BFGS:  257 14:50:22    -4758.705469        0.113412
BFGS:  258 14:50:22    -4758.721505        0.112587
BFGS:  259 14:50:23    -4758.739905        0.100394
BFGS:  260 14:50:23    -4758.757283        0.119362
BFGS:  261 14:50:24    -4758.778201        0.100516
BFGS:  262 14:50:24    -4758.793721        0.098619
BFGS:  263 14:50:25    -4758.809799        0.119905
BFGS:  264 14:50:26    -4758.822072        0.100856
BFGS:  265 14:50:27    -4758.834188        0.087057
BFGS:  266 14:50:27    -4758.844601        0.083500
BFGS:  267 14:50:28    -4758.854762        0.077488
BFGS:  268 14:50:29    -4758.863246        0.085477
BFGS:  269 14:50:30    -4758.872596        0.076748
BFGS:  270 14:50:30    -4758.882425        0.083557
BFGS:  271 14:50:31    -4758.890927        0.071032
BFGS:  272 14:50:31    -4758.898783        0.068658
BFGS:  273 14:50:32    -4758.907123        0.086932
BFGS:  274 14:50:33    -4758.915320        0.068867
BFGS:  275 14:50:33    -4758.924084        0.089231
BFGS:  276 14:50:34    -4758.934213        0.086957
BFGS:  277 14:50:35    -4758.945385        0.072741
BFGS:  278 14:50:35    -4758.957794        0.075275
BFGS:  279 14:50:36    -4758.971982        0.092802
BFGS:  280 14:50:37    -4758.987491        0.096005
BFGS:  281 14:50:37    -4759.003486        0.095331
BFGS:  282 14:50:38    -4759.021744        0.104561
BFGS:  283 14:50:38    -4759.037997        0.110882
BFGS:  284 14:50:39    -4759.058795        0.117211
BFGS:  285 14:50:40    -4759.074546        0.123782
BFGS:  286 14:50:40    -4759.094451        0.136142
BFGS:  287 14:50:41    -4759.111632        0.096215
BFGS:  288 14:50:42    -4759.128541        0.108783
BFGS:  289 14:50:42    -4759.143541        0.139431
BFGS:  290 14:50:43    -4759.158770        0.124960
BFGS:  291 14:50:44    -4759.172079        0.121319
BFGS:  292 14:50:44    -4759.184790        0.071084
BFGS:  293 14:50:45    -4759.196247        0.082930
BFGS:  294 14:50:46    -4759.206801        0.090952
BFGS:  295 14:50:46    -4759.217813        0.086090
BFGS:  296 14:50:47    -4759.228967        0.066835
BFGS:  297 14:50:48    -4759.238060        0.060275
BFGS:  298 14:50:48    -4759.247573        0.070233
BFGS:  299 14:50:49    -4759.256288        0.069812
BFGS:  300 14:50:50    -4759.264582        0.056928
BFGS:  301 14:50:50    -4759.272979        0.059963
BFGS:  302 14:50:51    -4759.279693        0.062557
BFGS:  303 14:50:52    -4759.285497        0.061676
BFGS:  304 14:50:52    -4759.291991        0.068363
BFGS:  305 14:50:53    -4759.297662        0.059980
BFGS:  306 14:50:54    -4759.302601        0.053724
BFGS:  307 14:50:54    -4759.307628        0.055396
BFGS:  308 14:50:55    -4759.312225        0.054539
BFGS:  309 14:50:55    -4759.316719        0.052655
BFGS:  310 14:50:56    -4759.320063        0.043525
BFGS:  311 14:50:56    -4759.322863        0.039138
BFGS:  312 14:50:57    -4759.325831        0.047930
BFGS:  313 14:50:58    -4759.328327        0.045903
BFGS:  314 14:50:58    -4759.330813        0.044294
BFGS:  315 14:50:59    -4759.333886        0.039250
BFGS:  316 14:50:59    -4759.336696        0.034230
BFGS:  317 14:51:00    -4759.339094        0.044171
BFGS:  318 14:51:00    -4759.342037        0.045810
BFGS:  319 14:51:01    -4759.344524        0.042774
BFGS:  320 14:51:01    -4759.346442        0.038048
BFGS:  321 14:51:03    -4759.349304        0.048039
BFGS:  322 14:51:03    -4759.351901        0.047880
BFGS:  323 14:51:04    -4759.355311        0.049851
BFGS:  324 14:51:04    -4759.357642        0.052791
BFGS:  325 14:51:05    -4759.360799        0.052603
BFGS:  326 14:51:05    -4759.366284        0.063502
BFGS:  327 14:51:06    -4759.370017        0.053031
BFGS:  328 14:51:06    -4759.374515        0.056833
BFGS:  329 14:51:07    -4759.379699        0.055347
BFGS:  330 14:51:08    -4759.384858        0.060759
BFGS:  331 14:51:08    -4759.389364        0.061192
BFGS:  332 14:51:09    -4759.392605        0.049376
BFGS:  333 14:51:09    -4759.395552        0.037533
BFGS:  334 14:51:10    -4759.398813        0.035091
BFGS:  335 14:51:10    -4759.401488        0.045247
BFGS:  336 14:51:11    -4759.404335        0.050201
BFGS:  337 14:51:11    -4759.406479        0.038704
BFGS:  338 14:51:11    -4759.409014        0.034026
BFGS:  339 14:51:12    -4759.410483        0.029877
BFGS:  340 14:51:13    -4759.411909        0.039291
BFGS:  341 14:51:13    -4759.413144        0.033944
BFGS:  342 14:51:13    -4759.414106        0.026525
BFGS:  343 14:51:14    -4759.415884        0.024842
BFGS:  344 14:51:14    -4759.416919        0.022516
BFGS:  345 14:51:15    -4759.417294        0.021580
BFGS:  346 14:51:15    -4759.418237        0.019668
BFGS:  347 14:51:15    -4759.418174        0.022944
BFGS:  348 14:51:16    -4759.418904        0.021199
BFGS:  349 14:51:17    -4759.419530        0.019020
BFGS:  350 14:51:17    -4759.419885        0.022617
BFGS:  351 14:51:17    -4759.420349        0.020779
BFGS:  352 14:51:18    -4759.421293        0.014639
BFGS:  353 14:51:20    -4759.421780        0.013207
BFGS:  354 14:51:21    -4759.422101        0.014787
BFGS:  355 14:51:21    -4759.422709        0.014692
BFGS:  356 14:51:22    -4759.422896        0.015952
BFGS:  357 14:51:23    -4759.423235        0.013696
BFGS:  358 14:51:23    -4759.423476        0.012919
BFGS:  359 14:51:24    -4759.423569        0.013382
BFGS:  360 14:51:25    -4759.423616        0.014573
BFGS:  361 14:51:26    -4759.423921        0.013627
BFGS:  362 14:51:26    -4759.424274        0.014276
BFGS:  363 14:51:27    -4759.424537        0.011129
BFGS:  364 14:51:27    -4759.424785        0.011995
BFGS:  365 14:51:28    -4759.424544        0.013687
BFGS:  366 14:51:28    -4759.424728        0.015337
BFGS:  367 14:51:29    -4759.424411        0.010991
BFGS:  368 14:51:30    -4759.424803        0.009318
      Step     Time          Energy          fmax
BFGS:    0 17:10:57      -70.190606        0.337383
BFGS:    1 17:10:58      -70.442371        0.340634
BFGS:    2 17:10:59      -83.076998        0.560001
BFGS:    3 17:11:00     -101.433844        0.952245
BFGS:    4 17:11:00     -128.975460        1.694408
BFGS:    5 17:11:01     -172.183525        2.600528
BFGS:    6 17:11:01     -240.507865       23.638999
BFGS:    7 17:11:02      502.901610     4962.457686
BFGS:    8 17:11:02     -262.191048      258.070894
BFGS:    9 17:11:03     -364.220388      172.805576
BFGS:   10 17:11:03     -371.064644        4.811374
BFGS:   11 17:11:04     -382.662017        5.062445
BFGS:   12 17:11:04     -379.539974       45.722410
BFGS:   13 17:11:05     -402.100348        7.516904
BFGS:   14 17:11:06     -412.417624        9.833845
BFGS:   15 17:11:06     -402.732741      202.737478
BFGS:   16 17:11:06     -276.400071     1068.065702
BFGS:   17 17:11:07      310.399468     1437.593085
BFGS:   18 17:11:07      412.941178     1567.585761
BFGS:   19 17:11:08      255.578939      797.495632
BFGS:   20 17:11:09     -102.046704      359.734499
BFGS:   21 17:11:09      -11.112569     2483.513452
BFGS:   22 17:11:09     -177.338230     1155.205398
BFGS:   23 17:11:10     -205.691857      532.968578
BFGS:   24 17:11:10     -229.282159      690.567912
BFGS:   25 17:11:11     -304.609580      166.334596
BFGS:   26 17:11:12     -390.572334      229.553381
BFGS:   27 17:11:13     -421.437566       60.425193
BFGS:   28 17:11:13     -439.313501       31.265691
BFGS:   29 17:11:14     -453.304539       16.774863
BFGS:   30 17:11:15     -467.197072       29.778793
BFGS:   31 17:11:16     -440.151661       77.487435
BFGS:   32 17:11:18     -464.055038       67.440476
BFGS:   33 17:11:19     -489.920140       12.898230
BFGS:   34 17:11:20     -500.915055       27.593988
BFGS:   35 17:11:20     -512.715801       11.949167
BFGS:   36 17:11:21     -525.089694       34.134899
BFGS:   37 17:11:21     -525.530670      124.557187
BFGS:   38 17:11:21     -528.125181       63.948588
BFGS:   39 17:11:22     -541.169438       38.826504
BFGS:   40 17:11:23     -556.059163       12.500743
BFGS:   41 17:11:23     -570.483426       16.958695
BFGS:   42 17:11:23     -569.019935       38.417433
BFGS:   43 17:11:24     -576.086532       24.975620
BFGS:   44 17:11:24     -585.776285        9.542888
BFGS:   45 17:11:25     -597.616104       28.829353
BFGS:   46 17:11:25     -557.684749      118.224415
BFGS:   47 17:11:26     -589.449497       36.403673
BFGS:   48 17:11:26     -605.075455       17.749758
BFGS:   49 17:11:26     -636.547475       15.963535
BFGS:   50 17:11:27     -312.105573      516.189916
BFGS:   51 17:11:27     -527.375912      160.295757
BFGS:   52 17:11:28     -660.973328       33.058344
BFGS:   53 17:11:28     -674.031545       44.436610
BFGS:   54 17:11:29     -693.213686       39.432901
BFGS:   55 17:11:29     -702.813435       86.396422
BFGS:   56 17:11:30     -531.471281      271.248157
BFGS:   57 17:11:30     -533.853824      164.679944
BFGS:   58 17:11:30     -631.384214      136.597149
BFGS:   59 17:11:31     -684.801534       86.980882
BFGS:   60 17:11:31     -718.490578       76.827276
BFGS:   61 17:11:31     -743.271635       27.160434
BFGS:   62 17:11:32     -762.935061       30.589252
BFGS:   63 17:11:32     -790.988641       16.094506
BFGS:   64 17:11:33     -786.255751       67.925073
BFGS:   65 17:11:33     -815.159167       44.300117
BFGS:   66 17:11:33     -840.891104       22.144245
BFGS:   67 17:11:34     -854.116074       28.229210
BFGS:   68 17:11:34     -860.824933       27.935105
BFGS:   69 17:11:34     -875.446078       31.766379
BFGS:   70 17:11:35     -892.529419       38.766285
BFGS:   71 17:11:36     -908.541715       35.953436
BFGS:   72 17:11:36     -914.540159       41.673524
BFGS:   73 17:11:36     -910.126619       58.844011
BFGS:   74 17:11:37     -929.004194       39.772488
BFGS:   75 17:11:37     -947.318369       13.333597
BFGS:   76 17:11:38     -959.370328       22.137348
BFGS:   77 17:11:38     -957.133679       34.247441
BFGS:   78 17:11:40     -960.435362       57.334416
BFGS:   79 17:11:40     -978.211855       20.631119
BFGS:   80 17:11:41     -996.189753       21.393822
BFGS:   81 17:11:41     -988.894432      121.855049
BFGS:   82 17:11:42     -988.822950       32.915039
BFGS:   83 17:11:42    -1010.025718       15.822889
BFGS:   84 17:11:43    -1004.149195       32.448103
BFGS:   85 17:11:43    -1020.408280       21.244708
BFGS:   86 17:11:44    -1013.548276       48.591935
BFGS:   87 17:11:44    -1029.597314       21.632111
BFGS:   88 17:11:45    -1010.305482       47.613189
BFGS:   89 17:11:45    -1023.377143       50.386982
BFGS:   90 17:11:46    -1038.915702       16.955609
BFGS:   91 17:11:46    -1043.819471       23.320963
BFGS:   92 17:11:46    -1058.182895       12.583584
BFGS:   93 17:11:47    -1058.988999       44.943642
BFGS:   94 17:11:47    -1058.909362       24.026020
BFGS:   95 17:11:48    -1056.869230       52.829808
BFGS:   96 17:11:48    -1064.697365       17.096018
BFGS:   97 17:11:49    -1068.073812       25.612492
BFGS:   98 17:11:49    -1077.523742       15.063169
BFGS:   99 17:11:50    -1081.908437       20.377937
BFGS:  100 17:11:51    -1094.450051       16.485304
BFGS:  101 17:11:51    -1094.270539       25.994990
BFGS:  102 17:11:52    -1105.631278       16.912307
BFGS:  103 17:11:52    -1100.870320       22.786780
BFGS:  104 17:11:52    -1111.703233       15.056509
BFGS:  105 17:11:53    -1110.892708       20.845765
BFGS:  106 17:11:54    -1123.280191       45.401258
BFGS:  107 17:11:54    -1125.964631       13.823006
BFGS:  108 17:11:55    -1136.057688       12.951747
BFGS:  109 17:11:56    -1140.999286       17.114832
BFGS:  110 17:11:56    -1151.487201       19.978620
BFGS:  111 17:11:56    -1150.248139       26.006903
BFGS:  112 17:11:57    -1155.933215       32.830819
BFGS:  113 17:11:57    -1153.685682       23.179201
BFGS:  114 17:11:59    -1153.187268       69.234753
BFGS:  115 17:11:59    -1164.070118       39.665890
BFGS:  116 17:12:00    -1165.271122       23.478060
BFGS:  117 17:12:00    -1163.231739       38.826171
BFGS:  118 17:12:01    -1177.609253       20.191426
BFGS:  119 17:12:02    -1175.642102       32.636599
BFGS:  120 17:12:02    -1176.570485       32.071659
BFGS:  121 17:12:02    -1160.284940       64.684639
BFGS:  122 17:12:03    -1165.805985      126.206445
BFGS:  123 17:12:03    -1176.923788       59.334744
BFGS:  124 17:12:04    -1186.426004       73.392477
BFGS:  125 17:12:05    -1191.092136       57.246901
BFGS:  126 17:12:05    -1203.508845       52.799401
BFGS:  127 17:12:06    -1217.660580       11.886965
BFGS:  128 17:12:06    -1221.988045       24.892817
BFGS:  129 17:12:07    -1231.038239       20.645223
BFGS:  130 17:12:07    -1231.356166       32.029638
BFGS:  131 17:12:08    -1237.531369       40.192861
BFGS:  132 17:12:08    -1237.416944       31.046551
BFGS:  133 17:12:09    -1245.144204       20.763868
BFGS:  134 17:12:09    -1247.955345       41.005183
BFGS:  135 17:12:10    -1240.489150       43.490929
BFGS:  136 17:12:11    -1241.397710       61.152230
BFGS:  137 17:12:11    -1252.622500       14.657480
BFGS:  138 17:12:12    -1256.016168       35.624416
BFGS:  139 17:12:12    -1268.023324       14.935566
BFGS:  140 17:12:13    -1259.725216       60.559829
BFGS:  141 17:12:14    -1274.661743       13.892023
BFGS:  142 17:12:14    -1271.259105       20.140622
BFGS:  143 17:12:15    -1286.129077       18.929064
BFGS:  144 17:12:16    -1264.679471       46.753333
BFGS:  145 17:12:16    -1289.506573       41.555204
BFGS:  146 17:12:17    -1290.976909       94.981078
BFGS:  147 17:12:18    -1292.234381       30.683061
BFGS:  148 17:12:18    -1301.024252       18.704393
BFGS:  149 17:12:19    -1299.991948       27.250885
BFGS:  150 17:12:19    -1315.036605       23.725252
BFGS:  151 17:12:20    -1309.744600       27.554229
BFGS:  152 17:12:20    -1325.398598       18.360981
BFGS:  153 17:12:21    -1310.386976       33.909869
BFGS:  154 17:12:21    -1328.808785       24.879230
BFGS:  155 17:12:22    -1313.962985       92.480429
BFGS:  156 17:12:22    -1330.899277       19.898326
BFGS:  157 17:12:23    -1282.131931      149.866275
BFGS:  158 17:12:24    -1300.944140       19.035579
BFGS:  159 17:12:25    -1297.488424       26.704676
BFGS:  160 17:12:25    -1308.780165       42.145977
BFGS:  161 17:12:25    -1317.201853       27.854969
BFGS:  162 17:12:26    -1327.706929       32.840161
BFGS:  163 17:12:26    -1310.093446      154.841834
BFGS:  164 17:12:27    -1311.661437       36.990908
BFGS:  165 17:12:27    -1327.090266       39.763860
BFGS:  166 17:12:28    -1342.130774       13.867316
BFGS:  167 17:12:28    -1356.982533       16.017843
BFGS:  168 17:12:29    -1337.938589       56.439243
BFGS:  169 17:12:29    -1344.968870       32.239577
BFGS:  170 17:12:29    -1333.192180       40.999228
BFGS:  171 17:12:30    -1354.541033       28.859500
BFGS:  172 17:12:30    -1360.521645       34.519600
BFGS:  173 17:12:31    -1350.840314       74.177594
BFGS:  174 17:12:32    -1364.341511       19.063120
BFGS:  175 17:12:34    -1343.420991       36.569465
BFGS:  176 17:12:34    -1364.187951       34.143946
BFGS:  177 17:12:35    -1365.379175       22.170566
BFGS:  178 17:12:36    -1376.385419       23.539050
BFGS:  179 17:12:36    -1368.728379       40.484362
BFGS:  180 17:12:37    -1374.039393       35.677203
BFGS:  181 17:12:37    -1384.661098       29.068041
BFGS:  182 17:12:38    -1380.962529       33.206410
BFGS:  183 17:12:39    -1387.587509       33.790401
BFGS:  184 17:12:39    -1382.440054       22.260790
BFGS:  185 17:12:40    -1393.433721       26.518091
BFGS:  186 17:12:40    -1379.456074       41.415229
BFGS:  187 17:12:41    -1395.810776       33.498523
BFGS:  188 17:12:41    -1379.410171       39.773917
BFGS:  189 17:12:42    -1398.393046       45.872823
BFGS:  190 17:12:42    -1406.142805       30.024694
BFGS:  191 17:12:43    -1405.071717       24.099467
BFGS:  192 17:12:43    -1411.833895       18.200646
BFGS:  193 17:12:44    -1410.870468       18.904966
BFGS:  194 17:12:44    -1416.908994       27.330339
BFGS:  195 17:12:45    -1406.213104       66.507385
BFGS:  196 17:12:45    -1407.501603       41.453078
BFGS:  197 17:12:46    -1415.716862       19.536487
BFGS:  198 17:12:46    -1412.948000       27.199653
BFGS:  199 17:12:47    -1419.988104       18.066828
BFGS:  200 17:12:48    -1418.882200       30.526953
BFGS:  201 17:12:48    -1423.772196       22.373255
BFGS:  202 17:12:49    -1416.572947       61.773681
BFGS:  203 17:12:49    -1427.484504       11.704403
BFGS:  204 17:12:49    -1417.959409       26.449557
BFGS:  205 17:12:50    -1430.182825       21.313289
BFGS:  206 17:12:51    -1408.201034       50.596314
BFGS:  207 17:12:51    -1434.578263       14.618774
BFGS:  208 17:12:52    -1406.684942       56.227248
BFGS:  209 17:12:52    -1438.246970       21.703921
BFGS:  210 17:12:53    -1411.229033       73.366793
BFGS:  211 17:12:53    -1439.973422       12.802267
BFGS:  212 17:12:53    -1401.230171       52.136069
BFGS:  213 17:12:54    -1440.595064       30.755392
BFGS:  214 17:12:54    -1430.527432       21.011321
BFGS:  215 17:12:55    -1451.864373       11.298865
BFGS:  216 17:12:55    -1435.149093       33.982747
BFGS:  217 17:12:56    -1459.988780       12.297762
BFGS:  218 17:12:56    -1440.322865       48.844340
BFGS:  219 17:12:56    -1466.664749       22.004840
BFGS:  220 17:12:57    -1434.226672       50.914474
BFGS:  221 17:12:57    -1471.665194       30.114488
BFGS:  222 17:12:58    -1465.889068       56.640265
BFGS:  223 17:12:58    -1483.747569       27.300680
BFGS:  224 17:12:59    -1471.480415       82.034887
BFGS:  225 17:12:59    -1445.803501      108.779351
BFGS:  226 17:13:00    -1467.634859       79.744837
BFGS:  227 17:13:00    -1481.375148       63.877867
BFGS:  228 17:13:01    -1488.605535       29.254321
BFGS:  229 17:13:02    -1495.421168       46.126223
BFGS:  230 17:13:02    -1476.913447      167.852044
BFGS:  231 17:13:03    -1472.036493       77.123985
BFGS:  232 17:13:03    -1486.345443       49.499394
BFGS:  233 17:13:04    -1495.149124       46.168801
BFGS:  234 17:13:05    -1475.403336      232.449777
BFGS:  235 17:13:05    -1457.720082      107.047406
BFGS:  236 17:13:06    -1471.948688      119.626868
BFGS:  237 17:13:06    -1484.992367       58.972223
BFGS:  238 17:13:07    -1495.516200       66.226900
BFGS:  239 17:13:07    -1508.016690       30.046926
BFGS:  240 17:13:08    -1506.024644       71.838730
BFGS:  241 17:13:08    -1509.984335       29.618014
BFGS:  242 17:13:09    -1479.400771       75.618487
BFGS:  243 17:13:09    -1502.125125       31.598204
BFGS:  244 17:13:10    -1509.810479       50.445523
BFGS:  245 17:13:10    -1509.283995       40.238634
BFGS:  246 17:13:12    -1498.209451       91.583797
BFGS:  247 17:13:12    -1503.348943       45.155868
BFGS:  248 17:13:13    -1513.049116       47.675967
BFGS:  249 17:13:13    -1527.981740       15.411074
BFGS:  250 17:13:14    -1517.103100       54.608482
BFGS:  251 17:13:14    -1520.281847       47.430769
BFGS:  252 17:13:15    -1518.850422       90.987018
BFGS:  253 17:13:15    -1528.973187       19.687717
BFGS:  254 17:13:16    -1527.544382       38.826195
BFGS:  255 17:13:16    -1513.528368      130.279443
BFGS:  256 17:13:16    -1518.658387       97.118441
BFGS:  257 17:13:17    -1537.600245       16.827461
BFGS:  258 17:13:17    -1528.613612       41.077890
BFGS:  259 17:13:18    -1541.478864       45.252296
BFGS:  260 17:13:18    -1535.323094       28.663643
BFGS:  261 17:13:19    -1549.725470       36.367154
BFGS:  262 17:13:19    -1521.414783       52.388828
BFGS:  263 17:13:20    -1531.665402       43.811281
BFGS:  264 17:13:20    -1543.197120       35.913002
BFGS:  265 17:13:20    -1547.729601       44.967612
BFGS:  266 17:13:21    -1555.567694       29.228759
BFGS:  267 17:13:21    -1547.531176       56.866708
BFGS:  268 17:13:22    -1558.914800       43.022091
BFGS:  269 17:13:22    -1550.961303       42.908784
BFGS:  270 17:13:22    -1549.971780      107.274550
BFGS:  271 17:13:23    -1551.775560      122.379430
BFGS:  272 17:13:23    -1561.656730       35.358559
BFGS:  273 17:13:24    -1551.688671      133.905122
BFGS:  274 17:13:24    -1536.130723      260.282964
BFGS:  275 17:13:25    -1536.695286       71.449383
BFGS:  276 17:13:25    -1564.341940       30.562232
BFGS:  277 17:13:26    -1547.514632       41.549561
BFGS:  278 17:13:27    -1566.424866       26.313771
BFGS:  279 17:13:27    -1546.696782       42.367162
BFGS:  280 17:13:27    -1562.580816      117.023185
BFGS:  281 17:13:28    -1569.474262       21.534353
BFGS:  282 17:13:28    -1535.936643       59.798244
BFGS:  283 17:13:29    -1566.959667       32.546921
BFGS:  284 17:13:29    -1540.427824      102.672705
BFGS:  285 17:13:29    -1560.164359       20.196302
BFGS:  286 17:13:31    -1505.741722      108.702147
BFGS:  287 17:13:32    -1547.625557       31.580362
BFGS:  288 17:13:32    -1551.174269       53.100864
BFGS:  289 17:13:33    -1527.736853      175.782056
BFGS:  290 17:13:33    -1550.167506       44.375147
BFGS:  291 17:13:34    -1539.011163      105.951272
BFGS:  292 17:13:34    -1563.795164       61.194950
BFGS:  293 17:13:34    -1582.486252       20.260136
BFGS:  294 17:13:35    -1565.268667       63.701766
BFGS:  295 17:13:35    -1581.433172       37.489321
BFGS:  296 17:13:36    -1560.926912       38.005948
BFGS:  297 17:13:36    -1583.353829       31.667900
BFGS:  298 17:13:36    -1547.909518       70.492731
BFGS:  299 17:13:37    -1582.192503       53.323329
BFGS:  300 17:13:38    -1591.309336       31.244661
BFGS:  301 17:13:39    -1590.490889       69.721596
BFGS:  302 17:13:39    -1595.526113       12.958973
BFGS:  303 17:13:40    -1584.789838       26.104751
BFGS:  304 17:13:40    -1597.789801       22.072182
BFGS:  305 17:13:41    -1579.533533       31.485791
BFGS:  306 17:13:42    -1603.512375       12.993130
BFGS:  307 17:13:42    -1574.932582       43.393064
BFGS:  308 17:13:43    -1604.658057       15.919692
BFGS:  309 17:13:43    -1553.149769      134.209496
BFGS:  310 17:13:44    -1597.190155       23.828590
BFGS:  311 17:13:44    -1575.961528       64.676956
BFGS:  312 17:13:45    -1597.237429       42.406829
BFGS:  313 17:13:45    -1569.643519       50.154782
BFGS:  314 17:13:46    -1598.397452       36.747048
BFGS:  315 17:13:46    -1585.599852       28.746133
BFGS:  316 17:13:47    -1604.791538       32.278376
BFGS:  317 17:13:47    -1596.929139       29.036380
BFGS:  318 17:13:47    -1610.639847       22.960219
BFGS:  319 17:13:48    -1590.600103       36.450054
BFGS:  320 17:13:49    -1609.089083       21.056585
BFGS:  321 17:13:49    -1581.408036       31.602715
BFGS:  322 17:13:49    -1613.778310       21.127506
BFGS:  323 17:13:50    -1572.980994      114.290015
BFGS:  324 17:13:51    -1614.432957       22.493074
BFGS:  325 17:13:52    -1550.252673       63.887206
BFGS:  326 17:13:52    -1611.107369       37.625320
BFGS:  327 17:13:52    -1599.689273       23.330572
BFGS:  328 17:13:53    -1620.618017       31.085221
BFGS:  329 17:13:54    -1614.087533       24.282903
BFGS:  330 17:13:55    -1627.710662       14.202990
BFGS:  331 17:13:55    -1614.059180       37.226545
BFGS:  332 17:13:56    -1631.323580       11.449212
BFGS:  333 17:13:56    -1609.602995       50.903998
BFGS:  334 17:13:58    -1632.064106       19.242175
BFGS:  335 17:13:59    -1589.221620       67.979522
BFGS:  336 17:13:59    -1632.477214       15.270159
BFGS:  337 17:14:00    -1574.204910       95.732589
BFGS:  338 17:14:00    -1631.281089       20.765955
BFGS:  339 17:14:01    -1586.267596       49.624335
BFGS:  340 17:14:01    -1632.824391       13.241528
BFGS:  341 17:14:02    -1572.282495       80.794231
BFGS:  342 17:14:03    -1632.406280       18.538886
BFGS:  343 17:14:03    -1547.933851      201.435869
BFGS:  344 17:14:04    -1610.283546       21.042439
BFGS:  345 17:14:05    -1622.481851       61.559388
BFGS:  346 17:14:05    -1629.423739       61.519542
BFGS:  347 17:14:05    -1626.483049       23.129629
BFGS:  348 17:14:06    -1628.380285       31.202241
BFGS:  349 17:14:06    -1620.125256       71.957864
BFGS:  350 17:14:07    -1629.446336       20.097459
BFGS:  351 17:14:07    -1619.453877       30.654755
BFGS:  352 17:14:08    -1629.358539       41.954464
BFGS:  353 17:14:08    -1625.526834      117.512889
BFGS:  354 17:14:09    -1623.329968       36.345339
BFGS:  355 17:14:10    -1631.253716       23.520803
BFGS:  356 17:14:10    -1622.937070       34.594528
BFGS:  357 17:14:10    -1632.608419       45.680143
BFGS:  358 17:14:11    -1637.833931       19.061771
BFGS:  359 17:14:11    -1633.462294       36.322869
BFGS:  360 17:14:12    -1640.638789       12.572528
BFGS:  361 17:14:12    -1633.371474       32.876023
BFGS:  362 17:14:12    -1641.509031       30.283479
BFGS:  363 17:14:13    -1621.942947       39.303733
BFGS:  364 17:14:13    -1639.347844       38.422090
BFGS:  365 17:14:14    -1634.194587       93.416261
BFGS:  366 17:14:14    -1635.879129       21.670529
BFGS:  367 17:14:15    -1631.906745       38.215340
BFGS:  368 17:14:15    -1634.057210       32.413861
BFGS:  369 17:14:16    -1625.713300       47.466913
BFGS:  370 17:14:16    -1625.297065       56.956933
BFGS:  371 17:14:17    -1627.267377       42.883846
BFGS:  372 17:14:17    -1607.418974      104.467954
BFGS:  373 17:14:18    -1626.067118       36.426068
BFGS:  374 17:14:18    -1626.507004       78.088607
BFGS:  375 17:14:19    -1639.357888       18.451304
BFGS:  376 17:14:19    -1631.347838       54.192415
BFGS:  377 17:14:20    -1643.731767       24.101325
BFGS:  378 17:14:20    -1635.703514       24.231494
BFGS:  379 17:14:21    -1647.380109       26.878543
BFGS:  380 17:14:21    -1628.289860       47.893244
BFGS:  381 17:14:22    -1648.401827       34.237881
BFGS:  382 17:14:22    -1598.088626      112.664704
BFGS:  383 17:14:23    -1642.238183       25.186515
BFGS:  384 17:14:23    -1610.149068       58.636933
BFGS:  385 17:14:24    -1643.974633       21.028261
BFGS:  386 17:14:25    -1588.583056      106.038136
BFGS:  387 17:14:25    -1638.124082       24.014558
BFGS:  388 17:14:26    -1634.639624       40.415599
BFGS:  389 17:14:26    -1649.096935       24.755709
BFGS:  390 17:14:27    -1627.518211       45.530552
BFGS:  391 17:14:28    -1656.273615       15.379563
BFGS:  392 17:14:29    -1623.970235       48.188250
BFGS:  393 17:14:29    -1662.011336       15.014201
BFGS:  394 17:14:30    -1627.640077       62.143727
BFGS:  395 17:14:30    -1663.854408       19.827709
BFGS:  396 17:14:31    -1608.909572       80.566944
BFGS:  397 17:14:31    -1662.819418       16.141133
BFGS:  398 17:14:32    -1585.233892      103.964146
BFGS:  399 17:14:32    -1658.295858       23.732280
BFGS:  400 17:14:32    -1612.438909       64.013511
BFGS:  401 17:14:33    -1662.498477       24.099566
BFGS:  402 17:14:33    -1612.966357       76.748962
BFGS:  403 17:14:34    -1659.161518       57.307662
BFGS:  404 17:14:34    -1666.166683       35.466707
BFGS:  405 17:14:35    -1667.176364       18.543346
BFGS:  406 17:14:35    -1672.845089       10.122554
BFGS:  407 17:14:36    -1671.641018       27.575642
BFGS:  408 17:14:36    -1676.180257       20.099178
BFGS:  409 17:14:36    -1665.240623       35.459113
BFGS:  410 17:14:37    -1677.538299       15.505134
BFGS:  411 17:14:37    -1661.538928       31.134041
BFGS:  412 17:14:38    -1680.309367        9.576005
BFGS:  413 17:14:39    -1658.119229       34.651234
BFGS:  414 17:14:39    -1680.988227       17.694681
BFGS:  415 17:14:40    -1643.079673      127.548274
BFGS:  416 17:14:41    -1670.169860       52.281440
BFGS:  417 17:14:41    -1667.351124       27.367598
BFGS:  418 17:14:42    -1676.216341       22.478561
BFGS:  419 17:14:42    -1653.301923       41.200961
BFGS:  420 17:14:42    -1672.190181       32.083667
BFGS:  421 17:14:43    -1604.775310       76.447535
BFGS:  422 17:14:43    -1664.561134       33.677385
BFGS:  423 17:14:44    -1673.145897       18.087333
BFGS:  424 17:14:44    -1678.220213       17.575610
BFGS:  425 17:14:45    -1677.257180       18.618278
BFGS:  426 17:14:45    -1683.491754       15.790235
BFGS:  427 17:14:46    -1677.578972       18.573246
BFGS:  428 17:14:46    -1687.737125       11.437763
BFGS:  429 17:14:47    -1677.365829       29.328972
BFGS:  430 17:14:47    -1689.501360       11.374094
BFGS:  431 17:14:48    -1672.184984       25.439720
BFGS:  432 17:14:49    -1691.870309       10.658600
BFGS:  433 17:14:49    -1673.777953       28.144428
BFGS:  434 17:14:50    -1693.499815        9.586102
BFGS:  435 17:14:50    -1675.254454       38.008186
BFGS:  436 17:14:51    -1694.212849       11.606683
BFGS:  437 17:14:52    -1672.935644       52.247887
BFGS:  438 17:14:52    -1695.168528       12.443122
BFGS:  439 17:14:53    -1675.661056       49.203234
BFGS:  440 17:14:53    -1696.127723       14.925614
BFGS:  441 17:14:53    -1679.744157       47.798434
BFGS:  442 17:14:54    -1696.323711       10.775962
BFGS:  443 17:14:54    -1674.419984       51.890926
BFGS:  444 17:14:55    -1697.195092       10.915914
BFGS:  445 17:14:55    -1677.596276       32.011939
BFGS:  446 17:14:56    -1699.005560        6.042687
BFGS:  447 17:14:56    -1690.796372       24.167390
BFGS:  448 17:14:57    -1700.318412        6.273500
BFGS:  449 17:14:57    -1694.715248       15.338983
BFGS:  450 17:14:58    -1701.721179        4.615969
BFGS:  451 17:14:59    -1698.204889       18.993422
BFGS:  452 17:14:59    -1703.004390        7.915600
BFGS:  453 17:15:00    -1696.485255       62.180292
BFGS:  454 17:15:00    -1702.240603       15.953088
BFGS:  455 17:15:01    -1668.129472       61.073370
BFGS:  456 17:15:01    -1701.913469       15.441069
BFGS:  457 17:15:02    -1666.190786       60.413563
BFGS:  458 17:15:02    -1702.971555        8.000940
BFGS:  459 17:15:03    -1679.094013       28.353155
BFGS:  460 17:15:03    -1704.710956        9.505836
BFGS:  461 17:15:04    -1688.364283       34.571369
BFGS:  462 17:15:05    -1705.696214        9.370567
BFGS:  463 17:15:05    -1694.515723       35.475259
BFGS:  464 17:15:06    -1706.386753       12.313289
BFGS:  465 17:15:07    -1689.987946       44.746923
BFGS:  466 17:15:07    -1707.432592        8.014294
BFGS:  467 17:15:08    -1694.995563       31.960473
BFGS:  468 17:15:09    -1708.470269       11.503888
BFGS:  469 17:15:10    -1692.959425       95.426443
BFGS:  470 17:15:10    -1706.783294       14.023816
BFGS:  471 17:15:11    -1652.243015      180.828729
BFGS:  472 17:15:13    -1694.661686       25.330726
BFGS:  473 17:15:14    -1609.949625       95.487084
BFGS:  474 17:15:14    -1692.319860       33.501708
BFGS:  475 17:15:15    -1597.686203       90.988894
BFGS:  476 17:15:16    -1692.166187       17.922119
BFGS:  477 17:15:17    -1566.501768      121.953347
BFGS:  478 17:15:17    -1682.423809       46.346480
BFGS:  479 17:15:18    -1691.613953       21.623102
BFGS:  480 17:15:19    -1697.437971       15.947337
BFGS:  481 17:15:20    -1695.471936       26.400820
BFGS:  482 17:15:20    -1703.112267       31.649088
BFGS:  483 17:15:22    -1691.616912       35.221336
BFGS:  484 17:15:23    -1706.642560       12.466270
BFGS:  485 17:15:23    -1696.763012       18.249381
BFGS:  486 17:15:24    -1712.951449        7.257999
BFGS:  487 17:15:24    -1702.719685       18.785462
BFGS:  488 17:15:25    -1716.688261        7.315272
BFGS:  489 17:15:26    -1707.209654       28.319581
BFGS:  490 17:15:26    -1718.536091        8.337561
BFGS:  491 17:15:27    -1704.136079       34.905958
BFGS:  492 17:15:28    -1719.971308        9.264661
BFGS:  493 17:15:29    -1704.587184       31.373362
BFGS:  494 17:15:29    -1721.216718       10.018990
BFGS:  495 17:15:30    -1702.395400       34.236740
BFGS:  496 17:15:31    -1723.119260        8.117525
BFGS:  497 17:15:32    -1711.641884       30.198808
BFGS:  498 17:15:32    -1724.628230       14.154011
BFGS:  499 17:15:33    -1707.813721       71.792069
BFGS:  500 17:15:33    -1723.534642       18.733643
      Step     Time          Energy          fmax
BFGS:    0 17:45:18    -3643.400249       37.986424
BFGS:    1 17:45:19    -3948.328168       14.837973
BFGS:    2 17:45:19    -4395.219235       10.114082
BFGS:    3 17:45:20    -4575.191528        5.383305
BFGS:    4 17:45:21    -4621.255046        3.301091
BFGS:    5 17:45:21    -4645.793908        2.673343
BFGS:    6 17:45:22    -4659.431441        2.101399
BFGS:    7 17:45:22    -4667.517453        1.681356
BFGS:    8 17:45:23    -4672.399459        1.448661
BFGS:    9 17:45:23    -4675.395680        1.167459
BFGS:   10 17:45:24    -4677.571997        1.129640
BFGS:   11 17:45:24    -4679.696924        0.955219
BFGS:   12 17:45:24    -4681.966161        1.039037
BFGS:   13 17:45:25    -4684.620304        1.320902
BFGS:   14 17:45:25    -4688.139797        1.297324
BFGS:   15 17:45:26    -4692.091766        2.056167
BFGS:   16 17:45:27    -4696.838672        2.255157
BFGS:   17 17:45:28    -4702.424770        2.426995
BFGS:   18 17:45:28    -4707.651288        2.323460
BFGS:   19 17:45:28    -4713.112900        1.707100
BFGS:   20 17:45:29    -4719.076793        1.569681
BFGS:   21 17:45:29    -4721.925209        1.138478
BFGS:   22 17:45:29    -4723.777340        0.949408
BFGS:   23 17:45:30    -4725.180468        0.770316
BFGS:   24 17:45:30    -4726.602667        0.666638
BFGS:   25 17:45:31    -4727.620068        0.635007
BFGS:   26 17:45:31    -4728.292724        0.586943
BFGS:   27 17:45:31    -4729.081610        0.646510
BFGS:   28 17:45:32    -4729.783054        0.598591
BFGS:   29 17:45:32    -4730.364306        0.687830
BFGS:   30 17:45:33    -4730.876722        0.540313
BFGS:   31 17:45:33    -4731.394694        0.442627
BFGS:   32 17:45:33    -4731.890151        0.480692
BFGS:   33 17:45:34    -4732.325362        0.596454
BFGS:   34 17:45:34    -4732.705043        0.454204
BFGS:   35 17:45:35    -4733.064858        0.432270
BFGS:   36 17:45:35    -4733.415079        0.436720
BFGS:   37 17:45:35    -4733.730374        0.429741
BFGS:   38 17:45:36    -4734.016634        0.419894
BFGS:   39 17:45:36    -4734.290652        0.413313
BFGS:   40 17:45:37    -4734.574245        0.406236
BFGS:   41 17:45:37    -4734.866818        0.430035
BFGS:   42 17:45:37    -4735.154026        0.516016
BFGS:   43 17:45:38    -4735.430593        0.371387
BFGS:   44 17:45:38    -4735.696440        0.401156
BFGS:   45 17:45:39    -4735.959736        0.431308
BFGS:   46 17:45:39    -4736.244858        0.622549
BFGS:   47 17:45:39    -4736.568187        0.609329
BFGS:   48 17:45:40    -4736.898270        0.372850
BFGS:   49 17:45:40    -4737.218291        0.422665
BFGS:   50 17:45:40    -4737.550252        0.469610
BFGS:   51 17:45:41    -4737.944063        0.666153
BFGS:   52 17:45:41    -4738.441599        0.723962
BFGS:   53 17:45:41    -4738.914711        1.530746
BFGS:   54 17:45:42    -4739.423856        1.123932
BFGS:   55 17:45:42    -4740.005446        0.793081
BFGS:   56 17:45:43    -4740.897399        0.927284
BFGS:   57 17:45:44    -4741.488343        0.564159
BFGS:   58 17:45:44    -4742.398278        0.853044
BFGS:   59 17:45:44    -4743.129990        0.884443
BFGS:   60 17:45:45    -4743.909154        0.909709
BFGS:   61 17:45:45    -4744.794134        0.593356
BFGS:   62 17:45:45    -4745.511867        0.646678
BFGS:   63 17:45:46    -4746.315948        0.790561
BFGS:   64 17:45:46    -4746.993792        0.831943
BFGS:   65 17:45:47    -4747.759488        0.591897
BFGS:   66 17:45:47    -4748.465433        0.799255
BFGS:   67 17:45:48    -4749.125981        0.723655
BFGS:   68 17:45:48    -4749.711367        0.661873
BFGS:   69 17:45:48    -4750.230215        0.626265
BFGS:   70 17:45:49    -4750.717306        0.586958
BFGS:   71 17:45:49    -4751.120369        0.571924
BFGS:   72 17:45:49    -4751.486004        0.483550
BFGS:   73 17:45:50    -4751.832779        0.468215
BFGS:   74 17:45:51    -4752.170405        0.425185
BFGS:   75 17:45:52    -4752.462269        0.411027
BFGS:   76 17:45:52    -4752.713915        0.399056
BFGS:   77 17:45:53    -4752.938387        0.330301
BFGS:   78 17:45:54    -4753.144469        0.356361
BFGS:   79 17:45:54    -4753.325103        0.404953
BFGS:   80 17:45:54    -4753.482656        0.347477
BFGS:   81 17:45:55    -4753.635786        0.311129
BFGS:   82 17:45:55    -4753.787138        0.300946
BFGS:   83 17:45:56    -4753.921919        0.250726
BFGS:   84 17:45:56    -4754.043210        0.308634
BFGS:   85 17:45:57    -4754.151687        0.257510
BFGS:   86 17:45:58    -4754.250435        0.224386
BFGS:   87 17:45:58    -4754.337061        0.243459
BFGS:   88 17:45:59    -4754.419942        0.240539
BFGS:   89 17:45:59    -4754.505100        0.271472
BFGS:   90 17:46:00    -4754.600160        0.254196
BFGS:   91 17:46:00    -4754.699320        0.290196
BFGS:   92 17:46:00    -4754.793441        0.217296
BFGS:   93 17:46:01    -4754.881178        0.237553
BFGS:   94 17:46:02    -4754.971002        0.250799
BFGS:   95 17:46:04    -4755.059344        0.241789
BFGS:   96 17:46:05    -4755.153817        0.220976
BFGS:   97 17:46:06    -4755.250745        0.224264
BFGS:   98 17:46:06    -4755.352276        0.232231
BFGS:   99 17:46:07    -4755.451640        0.272346
BFGS:  100 17:46:07    -4755.550865        0.251442
BFGS:  101 17:46:08    -4755.637100        0.204829
BFGS:  102 17:46:08    -4755.717102        0.212929
BFGS:  103 17:46:08    -4755.787084        0.244083
BFGS:  104 17:46:09    -4755.857252        0.270165
BFGS:  105 17:46:09    -4755.922800        0.288617
BFGS:  106 17:46:10    -4755.996102        0.296218
BFGS:  107 17:46:11    -4756.075862        0.292157
BFGS:  108 17:46:12    -4756.168404        0.262989
BFGS:  109 17:46:13    -4756.257767        0.179973
BFGS:  110 17:46:14    -4756.346464        0.201275
BFGS:  111 17:46:14    -4756.423880        0.223418
BFGS:  112 17:46:15    -4756.490009        0.208268
BFGS:  113 17:46:15    -4756.540291        0.194326
BFGS:  114 17:46:16    -4756.584614        0.178495
BFGS:  115 17:46:16    -4756.628239        0.189983
BFGS:  116 17:46:17    -4756.691492        0.247478
BFGS:  117 17:46:17    -4756.737151        0.253524
BFGS:  118 17:46:18    -4756.799248        0.238086
BFGS:  119 17:46:19    -4756.858355        0.208153
BFGS:  120 17:46:19    -4756.929619        0.270828
BFGS:  121 17:46:20    -4757.000168        0.328104
BFGS:  122 17:46:20    -4757.075381        0.350698
BFGS:  123 17:46:20    -4757.151999        0.252337
BFGS:  124 17:46:21    -4757.229844        0.255601
BFGS:  125 17:46:21    -4757.304359        0.303485
BFGS:  126 17:46:22    -4757.366349        0.245766
BFGS:  127 17:46:22    -4757.428375        0.259466
BFGS:  128 17:46:22    -4757.480922        0.195721
BFGS:  129 17:46:23    -4757.531689        0.201493
BFGS:  130 17:46:23    -4757.570831        0.191694
BFGS:  131 17:46:24    -4757.609949        0.157175
BFGS:  132 17:46:24    -4757.639620        0.147800
BFGS:  133 17:46:25    -4757.670079        0.128383
BFGS:  134 17:46:25    -4757.696525        0.163729
BFGS:  135 17:46:26    -4757.721635        0.144685
BFGS:  136 17:46:26    -4757.745467        0.116236
BFGS:  137 17:46:26    -4757.769575        0.136592
BFGS:  138 17:46:27    -4757.790662        0.146167
BFGS:  139 17:46:28    -4757.811287        0.101913
BFGS:  140 17:46:28    -4757.830799        0.119633
BFGS:  141 17:46:29    -4757.848288        0.109971
BFGS:  142 17:46:29    -4757.865429        0.133526
BFGS:  143 17:46:30    -4757.881691        0.108136
BFGS:  144 17:46:30    -4757.897006        0.086686
BFGS:  145 17:46:31    -4757.914290        0.112772
BFGS:  146 17:46:31    -4757.928757        0.130467
BFGS:  147 17:46:31    -4757.941511        0.110382
BFGS:  148 17:46:32    -4757.956182        0.094012
BFGS:  149 17:46:32    -4757.970637        0.098601
BFGS:  150 17:46:33    -4757.984747        0.136842
BFGS:  151 17:46:33    -4757.997434        0.110668
BFGS:  152 17:46:33    -4758.012054        0.105809
BFGS:  153 17:46:34    -4758.025521        0.125961
BFGS:  154 17:46:34    -4758.038773        0.155477
BFGS:  155 17:46:35    -4758.053543        0.182864
BFGS:  156 17:46:35    -4758.068685        0.192108
BFGS:  157 17:46:35    -4758.086460        0.163044
BFGS:  158 17:46:36    -4758.103442        0.121991
BFGS:  159 17:46:36    -4758.118864        0.127094
BFGS:  160 17:46:37    -4758.132686        0.093759
BFGS:  161 17:46:37    -4758.144927        0.090021
BFGS:  162 17:46:37    -4758.154413        0.092282
BFGS:  163 17:46:38    -4758.162690        0.106009
BFGS:  164 17:46:38    -4758.169509        0.072656
BFGS:  165 17:46:39    -4758.175653        0.119393
BFGS:  166 17:46:39    -4758.181284        0.081429
BFGS:  167 17:46:40    -4758.187443        0.070491
BFGS:  168 17:46:40    -4758.192465        0.051540
BFGS:  169 17:46:41    -4758.197016        0.049893
BFGS:  170 17:46:41    -4758.200799        0.056092
BFGS:  171 17:46:42    -4758.203413        0.054710
BFGS:  172 17:46:42    -4758.206057        0.039570
BFGS:  173 17:46:43    -4758.208889        0.038078
BFGS:  174 17:46:43    -4758.212037        0.035087
BFGS:  175 17:46:44    -4758.214207        0.046271
BFGS:  176 17:46:44    -4758.216462        0.039446
BFGS:  177 17:46:44    -4758.218395        0.036717
BFGS:  178 17:46:45    -4758.220046        0.030042
BFGS:  179 17:46:46    -4758.221737        0.030511
BFGS:  180 17:46:47    -4758.223679        0.028366
BFGS:  181 17:46:48    -4758.225943        0.028140
BFGS:  182 17:46:49    -4758.227583        0.025157
BFGS:  183 17:46:49    -4758.228905        0.025443
BFGS:  184 17:46:50    -4758.231063        0.023310
BFGS:  185 17:46:51    -4758.232559        0.030426
BFGS:  186 17:46:51    -4758.233895        0.031218
BFGS:  187 17:46:52    -4758.234504        0.026578
BFGS:  188 17:46:53    -4758.235642        0.028203
BFGS:  189 17:46:53    -4758.236661        0.023213
BFGS:  190 17:46:54    -4758.237441        0.022220
BFGS:  191 17:46:55    -4758.238875        0.020608
BFGS:  192 17:46:55    -4758.239731        0.022582
BFGS:  193 17:46:56    -4758.240448        0.020397
BFGS:  194 17:46:57    -4758.241350        0.019487
BFGS:  195 17:46:58    -4758.242019        0.019198
BFGS:  196 17:46:59    -4758.242513        0.021192
BFGS:  197 17:46:59    -4758.243112        0.020455
BFGS:  198 17:47:00    -4758.244282        0.018170
BFGS:  199 17:47:01    -4758.244643        0.021879
BFGS:  200 17:47:01    -4758.245314        0.024222
BFGS:  201 17:47:02    -4758.246031        0.024236
BFGS:  202 17:47:02    -4758.247023        0.023702
BFGS:  203 17:47:03    -4758.248087        0.025063
BFGS:  204 17:47:03    -4758.249135        0.025303
BFGS:  205 17:47:04    -4758.250249        0.036805
BFGS:  206 17:47:04    -4758.251957        0.039201
BFGS:  207 17:47:05    -4758.254509        0.037705
BFGS:  208 17:47:06    -4758.257876        0.046667
BFGS:  209 17:47:06    -4758.260139        0.050794
BFGS:  210 17:47:06    -4758.262163        0.090829
BFGS:  211 17:47:07    -4758.268142        0.116102
BFGS:  212 17:47:07    -4758.274564        0.092931
BFGS:  213 17:47:08    -4758.290003        0.084798
BFGS:  214 17:47:09    -4758.295822        0.102926
BFGS:  215 17:47:09    -4758.311369        0.113663
BFGS:  216 17:47:10    -4758.323178        0.108829
BFGS:  217 17:47:10    -4758.338198        0.108793
BFGS:  218 17:47:11    -4758.349540        0.124585
BFGS:  219 17:47:11    -4758.365403        0.158908
BFGS:  220 17:47:12    -4758.377691        0.142802
BFGS:  221 17:47:12    -4758.392636        0.110158
BFGS:  222 17:47:12    -4758.407397        0.077012
BFGS:  223 17:47:13    -4758.420839        0.094644
BFGS:  224 17:47:13    -4758.433828        0.101250
BFGS:  225 17:47:14    -4758.445599        0.095820
BFGS:  226 17:47:15    -4758.457540        0.099430
BFGS:  227 17:47:15    -4758.468305        0.115817
BFGS:  228 17:47:16    -4758.477408        0.117616
BFGS:  229 17:47:16    -4758.487237        0.100523
BFGS:  230 17:47:16    -4758.496769        0.083757
BFGS:  231 17:47:17    -4758.505594        0.076620
BFGS:  232 17:47:17    -4758.514406        0.085508
BFGS:  233 17:47:18    -4758.522395        0.067858
BFGS:  234 17:47:18    -4758.531229        0.071450
BFGS:  235 17:47:19    -4758.539484        0.067922
BFGS:  236 17:47:19    -4758.549579        0.066023
BFGS:  237 17:47:20    -4758.557329        0.079323
BFGS:  238 17:47:21    -4758.564229        0.068512
BFGS:  239 17:47:22    -4758.571148        0.066349
BFGS:  240 17:47:22    -4758.577204        0.053854
BFGS:  241 17:47:23    -4758.582665        0.065819
BFGS:  242 17:47:23    -4758.588247        0.063874
BFGS:  243 17:47:24    -4758.594124        0.060144
BFGS:  244 17:47:24    -4758.600151        0.057247
BFGS:  245 17:47:26    -4758.606156        0.049242
BFGS:  246 17:47:26    -4758.612164        0.049218
BFGS:  247 17:47:27    -4758.616248        0.048620
BFGS:  248 17:47:27    -4758.621850        0.052946
BFGS:  249 17:47:28    -4758.627958        0.061594
BFGS:  250 17:47:28    -4758.634662        0.065887
BFGS:  251 17:47:29    -4758.640050        0.070941
BFGS:  252 17:47:29    -4758.646801        0.085005
BFGS:  253 17:47:30    -4758.655639        0.091239
BFGS:  254 17:47:30    -4758.665315        0.097269
BFGS:  255 17:47:31    -4758.677554        0.103624
BFGS:  256 17:47:31    -4758.690610        0.105632
BFGS:  257 17:47:32    -4758.705469        0.113412
BFGS:  258 17:47:32    -4758.721505        0.112587
BFGS:  259 17:47:32    -4758.739905        0.100394
BFGS:  260 17:47:33    -4758.757283        0.119362
BFGS:  261 17:47:33    -4758.778201        0.100516
BFGS:  262 17:47:34    -4758.793721        0.098619
BFGS:  263 17:47:34    -4758.809799        0.119905
BFGS:  264 17:47:35    -4758.822072        0.100856
BFGS:  265 17:47:35    -4758.834188        0.087057
BFGS:  266 17:47:36    -4758.844601        0.083500
BFGS:  267 17:47:36    -4758.854762        0.077488
BFGS:  268 17:47:37    -4758.863246        0.085477
BFGS:  269 17:47:37    -4758.872596        0.076748
BFGS:  270 17:47:38    -4758.882425        0.083557
BFGS:  271 17:47:38    -4758.890927        0.071032
BFGS:  272 17:47:39    -4758.898783        0.068658
BFGS:  273 17:47:39    -4758.907123        0.086932
BFGS:  274 17:47:39    -4758.915320        0.068867
BFGS:  275 17:47:40    -4758.924084        0.089231
BFGS:  276 17:47:40    -4758.934213        0.086957
BFGS:  277 17:47:41    -4758.945385        0.072741
BFGS:  278 17:47:41    -4758.957794        0.075275
BFGS:  279 17:47:41    -4758.971982        0.092802
BFGS:  280 17:47:42    -4758.987491        0.096005
BFGS:  281 17:47:42    -4759.003486        0.095331
BFGS:  282 17:47:43    -4759.021744        0.104561
BFGS:  283 17:47:43    -4759.037997        0.110882
BFGS:  284 17:47:44    -4759.058795        0.117211
BFGS:  285 17:47:44    -4759.074546        0.123782
BFGS:  286 17:47:45    -4759.094451        0.136142
BFGS:  287 17:47:45    -4759.111632        0.096215
BFGS:  288 17:47:46    -4759.128541        0.108783
BFGS:  289 17:47:46    -4759.143541        0.139431
BFGS:  290 17:47:47    -4759.158770        0.124960
BFGS:  291 17:47:47    -4759.172079        0.121319
BFGS:  292 17:47:48    -4759.184790        0.071084
BFGS:  293 17:47:48    -4759.196247        0.082930
BFGS:  294 17:47:49    -4759.206801        0.090952
BFGS:  295 17:47:50    -4759.217813        0.086090
BFGS:  296 17:47:50    -4759.228967        0.066835
BFGS:  297 17:47:50    -4759.238060        0.060275
BFGS:  298 17:47:51    -4759.247573        0.070233
BFGS:  299 17:47:51    -4759.256288        0.069812
BFGS:  300 17:47:52    -4759.264582        0.056928
BFGS:  301 17:47:54    -4759.272979        0.059963
BFGS:  302 17:47:55    -4759.279693        0.062557
BFGS:  303 17:47:56    -4759.285497        0.061676
BFGS:  304 17:47:57    -4759.291991        0.068363
BFGS:  305 17:47:57    -4759.297662        0.059980
BFGS:  306 17:47:57    -4759.302601        0.053724
BFGS:  307 17:47:58    -4759.307628        0.055396
BFGS:  308 17:47:59    -4759.312225        0.054539
BFGS:  309 17:48:00    -4759.316719        0.052655
BFGS:  310 17:48:00    -4759.320063        0.043525
BFGS:  311 17:48:01    -4759.322863        0.039138
BFGS:  312 17:48:02    -4759.325831        0.047930
BFGS:  313 17:48:02    -4759.328327        0.045903
BFGS:  314 17:48:03    -4759.330813        0.044294
BFGS:  315 17:48:03    -4759.333886        0.039250
BFGS:  316 17:48:04    -4759.336696        0.034230
BFGS:  317 17:48:04    -4759.339094        0.044171
BFGS:  318 17:48:05    -4759.342037        0.045810
BFGS:  319 17:48:05    -4759.344524        0.042774
BFGS:  320 17:48:06    -4759.346442        0.038048
BFGS:  321 17:48:06    -4759.349304        0.048039
BFGS:  322 17:48:07    -4759.351901        0.047880
BFGS:  323 17:48:07    -4759.355311        0.049851
BFGS:  324 17:48:08    -4759.357642        0.052791
BFGS:  325 17:48:08    -4759.360799        0.052603
BFGS:  326 17:48:09    -4759.366284        0.063502
BFGS:  327 17:48:09    -4759.370017        0.053031
BFGS:  328 17:48:10    -4759.374515        0.056833
BFGS:  329 17:48:10    -4759.379699        0.055347
BFGS:  330 17:48:11    -4759.384858        0.060759
BFGS:  331 17:48:11    -4759.389364        0.061192
BFGS:  332 17:48:12    -4759.392605        0.049376
BFGS:  333 17:48:13    -4759.395552        0.037533
BFGS:  334 17:48:13    -4759.398813        0.035091
BFGS:  335 17:48:14    -4759.401488        0.045247
BFGS:  336 17:48:14    -4759.404335        0.050201
BFGS:  337 17:48:15    -4759.406479        0.038704
BFGS:  338 17:48:16    -4759.409014        0.034026
BFGS:  339 17:48:16    -4759.410483        0.029877
BFGS:  340 17:48:17    -4759.411909        0.039291
BFGS:  341 17:48:17    -4759.413144        0.033944
BFGS:  342 17:48:18    -4759.414106        0.026525
BFGS:  343 17:48:18    -4759.415884        0.024842
BFGS:  344 17:48:19    -4759.416919        0.022516
BFGS:  345 17:48:20    -4759.417294        0.021580
BFGS:  346 17:48:20    -4759.418237        0.019668
BFGS:  347 17:48:21    -4759.418174        0.022944
BFGS:  348 17:48:21    -4759.418904        0.021199
BFGS:  349 17:48:23    -4759.419530        0.019020
BFGS:  350 17:48:24    -4759.419885        0.022617
BFGS:  351 17:48:25    -4759.420349        0.020779
BFGS:  352 17:48:26    -4759.421293        0.014639
BFGS:  353 17:48:28    -4759.421780        0.013207
BFGS:  354 17:48:29    -4759.422101        0.014787
BFGS:  355 17:48:30    -4759.422709        0.014692
BFGS:  356 17:48:31    -4759.422896        0.015952
BFGS:  357 17:48:32    -4759.423235        0.013696
BFGS:  358 17:48:33    -4759.423476        0.012919
BFGS:  359 17:48:34    -4759.423569        0.013382
BFGS:  360 17:48:35    -4759.423616        0.014573
BFGS:  361 17:48:36    -4759.423921        0.013627
BFGS:  362 17:48:37    -4759.424274        0.014276
BFGS:  363 17:48:39    -4759.424537        0.011129
BFGS:  364 17:48:40    -4759.424785        0.011995
BFGS:  365 17:48:41    -4759.424544        0.013687
BFGS:  366 17:48:41    -4759.424728        0.015337
BFGS:  367 17:48:42    -4759.424411        0.010991
BFGS:  368 17:48:43    -4759.424803        0.009318
